"ED50","Std.error","Lower","Upper","Site.name","Metric","Genotype","Model"
37.4457617651708,0.138129537020901,37.1744143611572,37.7171091691845,"Chicken","MeanNDVI","797","W2.3"
37.4802376342753,0.169214547914073,37.1478255427841,37.8126497257665,"Chicken","MeanNDVI","798","W2.3"
37.2078362763129,0.139571130465248,36.9336569462159,37.4820156064098,"Chicken","MeanNDVI","799","W2.3"
36.7676314529866,0.628546457814098,35.5328886651062,38.0023742408671,"Chicken","MeanNDVI","800","W2.3"
35.7684827877219,0.388716729483736,35.0048714869316,36.5320940885121,"Chicken","MeanNDVI","801","W2.3"
35.9223902458448,0.351908715978936,35.2310861367446,36.613694354945,"Chicken","MeanNDVI","802","W2.3"
36.1798534417952,0.427441843054153,35.3401689182598,37.0195379653305,"Chicken","MeanNDVI","803","W2.3"
35.6060691348535,0.337316856599227,34.9434298808437,36.2687083888632,"Chicken","MeanNDVI","804","W2.3"
35.3367902469751,0.42804409856589,34.4959226276791,36.177657866271,"Chicken","MeanNDVI","805","W2.3"
35.3260153703821,0.313942439271838,34.7092937933508,35.9427369474133,"Chicken","MeanNDVI","806","W2.3"
36.5550766441285,0.312554667483874,35.9410812636816,37.1690720245753,"Chicken","MeanNDVI","956","W2.3"
35.9809404264395,2.68018875565803,30.7158662301486,41.2460146227305,"Chicken","MeanNDVI","987","W2.3"
36.461397983678,1.83328423741565,32.8600182254399,40.0627777419161,"Chicken","MeanNDVI","988","W2.3"
36.4323396737985,0.834007959043611,34.7939797726938,38.0706995749032,"Chicken","MeanNDVI","989","W2.3"
37.2604429837881,0.174707890995551,36.9172395408115,37.6036464267648,"Chicken","MeanNDVI","990","W2.3"
35.5280599042538,0.387028273835156,34.767765475922,36.2883543325857,"Chicken","MeanNDVI","991","W2.3"
35.2621882265856,0.718225760080273,33.8512756897252,36.6731007634459,"Chicken","MeanNDVI","992","W2.3"
36.6651465439967,0.445351307209575,35.79027992465,37.5400131633435,"Chicken","MeanNDVI","993","W2.3"
36.2720924531795,0.32833652225007,35.6270945412416,36.9170903651173,"Chicken","MeanNDVI","994","W2.3"
37.1036749053844,0.357452189233625,36.4014809670028,37.805868843766,"Chicken","MeanNDVI","995","W2.3"
36.8736665933669,0.307536853783845,36.2695284147227,37.4778047720111,"Chicken","MeanNDVI","996","W2.3"
36.1106865715869,0.438490749472182,35.2492971170253,36.9720760261484,"Chicken","MeanNDVI","997","W2.3"
36.1679678151163,0.353037857450452,35.4744455735756,36.8614900566571,"Chicken","MeanNDVI","998","W2.3"
36.2517233334868,0.396964842614805,35.4719090964209,37.0315375705526,"Chicken","MeanNDVI","999","W2.3"
36.5305493132949,0.410542164354077,35.7240632210498,37.3370354055401,"Chicken","MeanNDVI","1000","W2.3"
36.6796976888976,0.415071565360649,35.8643138530461,37.4950815247491,"Chicken","MeanNDVI","1501","W2.3"
36.5527616312111,0.509100867047171,35.5526627267064,37.5528605357158,"Chicken","MeanNDVI","1502","W2.3"
36.9712331403147,0.517741211768607,35.9541607834948,37.9883054971346,"Chicken","MeanNDVI","1503","W2.3"
35.9023131583887,0.521830611920966,34.8772074139296,36.9274189028478,"Chicken","MeanNDVI","1504","W2.3"
35.971071168173,0.717954500276666,34.560691505346,37.381450831,"Chicken","MeanNDVI","1505","W2.3"
34.9381576468279,0.331526680624593,34.2868928551771,35.5894224384788,"Chicken","MeanNDVI","1506","W2.3"
34.9678344985438,0.381196509951339,34.2189962295883,35.7166727674993,"Chicken","MeanNDVI","1507","W2.3"
35.3592420224678,0.836285841720458,33.7164073539503,37.0020766909853,"Chicken","MeanNDVI","1508","W2.3"
34.803766732857,0.474533312486885,33.8715737693649,35.7359596963492,"Chicken","MeanNDVI","1509","W2.3"
35.9502313314464,0.677974566033519,34.6183899132518,37.2820727496409,"Chicken","MeanNDVI","1510","W2.3"
35.9336562140827,0.982587349334855,34.0034207828417,37.8638916453237,"Chicken","MeanNDVI","1511","W2.3"
37.0191618580559,0.57511287213033,35.8893862269121,38.1489374891998,"Chicken","MeanNDVI","1512","W2.3"
36.1031499517029,0.454184053493233,35.2109319184148,36.995367984991,"Chicken","MeanNDVI","1513","W2.3"
35.9052889668719,0.574606473478124,34.7765081262894,37.0340698074543,"Chicken","MeanNDVI","1514","W2.3"
35.2251004012362,0.37595261061287,34.486563466109,35.9636373363634,"Chicken","MeanNDVI","1515","W2.3"
35.7140285284311,0.371564431801643,34.9841119141597,36.4439451427026,"Chicken","MeanNDVI","1516","W2.3"
36.2682367634328,0.36219118820403,35.5567333384925,36.979740188373,"Chicken","MeanNDVI","1517","W2.3"
35.7522811298773,0.463483641991914,34.8417945983959,36.6627676613587,"Chicken","MeanNDVI","1518","W2.3"
35.7672576688589,0.393458657405759,34.9943311277557,36.5401842099621,"Chicken","MeanNDVI","1519","W2.3"
35.622996760989,0.456612868338107,34.7260074628636,36.5199860591144,"Chicken","MeanNDVI","1520","W2.3"
35.4961533056654,0.576573720906314,34.3635079224644,36.6287986888664,"Chicken","MeanNDVI","1521","W2.3"
35.6332669309258,0.572382470688812,34.5088550138655,36.7576788479862,"Chicken","MeanNDVI","1522","W2.3"
35.5219269778888,0.615509996600267,34.3127935562901,36.7310603994875,"Chicken","MeanNDVI","1523","W2.3"
36.2018950072991,0.350672777477473,35.5130188271641,36.890771187434,"Chicken","MeanNDVI","1524","W2.3"
35.8749062295387,0.360929825792152,35.1658806773501,36.5839317817272,"Chicken","MeanNDVI","1525","W2.3"
35.2282191604816,0.453024303970178,34.3382793873627,36.1181589336004,"Chicken","MeanNDVI","1526","W2.3"
35.6797864872459,0.527036637699863,34.6444538093532,36.7151191651387,"Chicken","MeanNDVI","1527","W2.3"
35.3758997433479,0.41289256281633,34.5647964306668,36.1870030560289,"Chicken","MeanNDVI","1528","W2.3"
35.3923426172046,0.326617542926311,34.7507215397014,36.0339636947078,"Chicken","MeanNDVI","1529","W2.3"
35.8086894388267,0.690584539771826,34.4520764640747,37.1653024135788,"Chicken","MeanNDVI","1530","W2.3"
35.8701198907627,0.498507085916306,34.8908318502524,36.849407931273,"Chicken","MeanNDVI","1531","W2.3"
36.7963157880403,0.467167136426676,35.8785932469832,37.7140383290974,"Chicken","MeanNDVI","1532","W2.3"
36.6850811170956,0.423570989181647,35.8530006598033,37.5171615743879,"Chicken","MeanNDVI","1533","W2.3"
35.6396003023765,0.367200412597302,34.9182565488248,36.3609440559282,"Chicken","MeanNDVI","1534","W2.3"
36.3100369227628,0.500168098658448,35.3274859197802,37.2925879257454,"Chicken","MeanNDVI","1535","W2.3"
36.4966804002571,0.424859602084679,35.6615814651471,37.3317793353671,"Davies","MeanNDVI","1536","W2.3"
37.4226961809325,0.726066839279668,35.9955479151855,38.8498444466796,"Davies","MeanNDVI","1537","W2.3"
37.2416225343564,0.335274917873336,36.5826101794248,37.900634889288,"Davies","MeanNDVI","1538","W2.3"
35.394437296527,1.05442532027496,33.3218715411715,37.4670030518824,"Davies","MeanNDVI","1539","W2.3"
37.8356891665109,0.645268314253599,36.5673575118906,39.1040208211313,"Davies","MeanNDVI","1540","W2.3"
36.3487239664093,0.490338996433758,35.3849195195861,37.3125284132325,"Davies","MeanNDVI","1541","W2.3"
34.9465517229826,0.578684736154946,33.8090959504022,36.084007495563,"Davies","MeanNDVI","1542","W2.3"
36.3251965513565,0.660141736634303,35.0276298762008,37.6227632265121,"Davies","MeanNDVI","1543","W2.3"
35.8314714051215,0.472587560020497,34.9025589686769,36.7603838415661,"Davies","MeanNDVI","1544","W2.3"
35.2694096633019,0.680833490828328,33.9311715244246,36.6076478021793,"Davies","MeanNDVI","1545","W2.3"
35.8471088989684,0.45623726473257,34.9503344067216,36.7438833912152,"Davies","MeanNDVI","1546","W2.3"
38.1827340959817,1.13516663778236,35.9514641759117,40.4140040160517,"Davies","MeanNDVI","1547","W2.3"
36.654606355891,0.449181559194352,35.7717004737744,37.5375122380075,"Davies","MeanNDVI","1548","W2.3"
37.1057514209002,0.451634785669208,36.2180235062659,37.9934793355345,"Davies","MeanNDVI","1549","W2.3"
35.7140397243585,NA,NA,NA,"Davies","MeanNDVI","1550","W2.3"
36.7852307934723,0.419861010843569,35.9599570293176,37.6105045576269,"Davies","MeanNDVI","1551","W2.3"
35.9450182934409,0.578898562896453,34.8071422255835,37.0828943612982,"Davies","MeanNDVI","1552","W2.3"
34.8009277653454,0.524245868695107,33.7704763773223,35.8313791533685,"Davies","MeanNDVI","1553","W2.3"
35.5419791533495,0.448674609628396,34.6600697252159,36.4238885814831,"Davies","MeanNDVI","1554","W2.3"
63.0183275707592,38.7054805878844,-13.0607005676257,139.097355709144,"Davies","MeanNDVI","1555","W2.3"
36.2295701066449,0.454075812888739,35.3370441382027,37.1220960750871,"Davies","MeanNDVI","1556","W2.3"
35.5016710277617,0.533978126509374,34.4520900305759,36.5512520249476,"Davies","MeanNDVI","1557","W2.3"
35.7792638249093,0.447345089221933,34.899967686131,36.6585599636875,"Davies","MeanNDVI","1558","W2.3"
36.0760653259144,0.392977495974167,35.3036334759575,36.8484971758713,"Davies","MeanNDVI","1559","W2.3"
36.2427631048908,0.515554095156307,35.2293961626254,37.2561300471562,"Davies","MeanNDVI","1560","W2.3"
35.6308292051113,0.500589842271005,34.646875818731,36.6147825914916,"Davies","MeanNDVI","1561","W2.3"
35.9725115624471,0.447944997560912,35.0920362510372,36.8529868738569,"Davies","MeanNDVI","1562","W2.3"
36.1131495377809,0.643555888048531,34.8481838075583,37.3781152680034,"Davies","MeanNDVI","1563","W2.3"
35.8567061041297,0.456275816938034,34.9598558341305,36.7535563741289,"Davies","MeanNDVI","1564","W2.3"
35.4314965303634,0.741661733783783,33.9736951271336,36.8892979335931,"Davies","MeanNDVI","1565","W2.3"
35.2531049097616,0.762820052022111,33.7537149701239,36.7524948493992,"Davies","MeanNDVI","1566","W2.3"
35.72626288673,0.654875329722763,34.4390477977974,37.0134779756626,"Davies","MeanNDVI","1567","W2.3"
35.842238167426,0.444163619459438,34.969195487432,36.71528084742,"Davies","MeanNDVI","1568","W2.3"
35.00127547506,0.509051655608677,34.0006896499336,36.0018613001865,"Davies","MeanNDVI","1569","W2.3"
35.3990075005946,0.918740800106477,33.59314160973,37.2048733914592,"Davies","MeanNDVI","1570","W2.3"
35.6770619052212,0.51727980298225,34.6603029323634,36.693820878079,"Davies","MeanNDVI","1571","W2.3"
36.9570745500397,0.167637223473092,36.6275688353983,37.2865802646811,"Davies","MeanNDVI","1572","W2.3"
38.577855020705,1.4374422173529,35.7524358490458,41.4032741923643,"Davies","MeanNDVI","1573","W2.3"
36.3696363510428,0.775849573361046,34.8446357406288,37.8946369614568,"Davies","MeanNDVI","1581","W2.3"
37.5315318907688,0.366585852360449,36.8109751387724,38.2520886427652,"Davies","MeanNDVI","1582","W2.3"
35.7973780590495,1.33529956705911,33.172729254992,38.422026863107,"Davies","MeanNDVI","1583","W2.3"
35.3514081453094,0.437653886808204,34.4911609176912,36.2116553729275,"Davies","MeanNDVI","1584","W2.3"
35.7135740631688,0.614026311911095,34.506651313417,36.9204968129205,"Davies","MeanNDVI","1585","W2.3"
35.5163269955525,0.449689861683125,34.6324220001642,36.4002319909408,"Davies","MeanNDVI","1586","W2.3"
36.8238773570895,0.272527252296232,36.2882010605804,37.3595536535986,"Davies","MeanNDVI","1587","W2.3"
36.8579670271881,0.215865517852868,36.4336643559024,37.2822696984738,"Davies","MeanNDVI","1588","W2.3"
34.7365274148312,0.498810969714378,33.7560705589999,35.7169842706625,"Davies","MeanNDVI","1589","W2.3"
35.9935143754845,0.508225349580216,34.9945527275711,36.9924760233979,"Davies","MeanNDVI","1590","W2.3"
35.8040848793346,0.430520732331588,34.9578584945505,36.6503112641186,"Davies","MeanNDVI","1591","W2.3"
35.6168312904167,0.489584466793822,34.6545099379987,36.5791526428348,"Davies","MeanNDVI","1592","W2.3"
35.5497114079773,0.464402606327653,34.6368872182836,36.462535597671,"Davies","MeanNDVI","1593","W2.3"
35.3245298776399,0.61345792153084,34.1187243491983,36.5303354060815,"Davies","MeanNDVI","1594","W2.3"
36.0652116232649,0.597731412687817,34.890317931871,37.2401053146588,"Davies","MeanNDVI","1595","W2.3"
35.9840603231101,2.68724241255319,30.7052197917901,41.2629008544301,"Fitzroy Island","MeanNDVI","772","W2.3"
37.1881834699235,0.440766186963125,36.3223388398643,38.0540280999826,"Fitzroy Island","MeanNDVI","773","W2.3"
35.8088058670017,0.267345295670617,35.2836306256274,36.333981108376,"Fitzroy Island","MeanNDVI","774","W2.3"
35.7965285909169,0.296222723150252,35.2146262995722,36.3784308822617,"Fitzroy Island","MeanNDVI","775","W2.3"
37.3233917188533,0.214438990633942,36.9021460470948,37.7446373906118,"Fitzroy Island","MeanNDVI","776","W2.3"
36.2624920903587,0.372243524815912,35.5312539269759,36.9937302537414,"Fitzroy Island","MeanNDVI","777","W2.3"
37.1825322548783,0.224778358079899,36.7409758468473,37.6240886629094,"Fitzroy Island","MeanNDVI","778","W2.3"
37.0619496509909,0.256041071974216,36.5589805172401,37.5649187847416,"Fitzroy Island","MeanNDVI","779","W2.3"
36.8773880631302,0.785399301140904,35.3345433816212,38.4202327446391,"Fitzroy Island","MeanNDVI","780","W2.3"
36.2978728237821,0.240540962511525,35.8253522292808,36.7703934182833,"Fitzroy Island","MeanNDVI","781","W2.3"
37.2324458396863,0.242771580183978,36.7555434019526,37.7093482774199,"Fitzroy Island","MeanNDVI","782","W2.3"
37.5415946086429,0.234403865400208,37.0811297768911,38.0020594403948,"Fitzroy Island","MeanNDVI","783","W2.3"
36.641298083586,0.457734197619891,35.7421213574077,37.5404748097644,"Fitzroy Island","MeanNDVI","784","W2.3"
37.3996680543391,0.125004357275167,37.1541084930978,37.6452276155805,"Fitzroy Island","MeanNDVI","785","W2.3"
36.2488417423131,0.313669920382839,35.6326660368993,36.8650174477269,"Fitzroy Island","MeanNDVI","786","W2.3"
36.5477683922538,0.250782393565725,36.0551294485128,37.0404073359948,"Fitzroy Island","MeanNDVI","807","W2.3"
36.1986420815025,0.269749947848312,35.668743122119,36.728541040886,"Fitzroy Island","MeanNDVI","808","W2.3"
36.557547209011,0.478847978605278,35.6168944022549,37.4982000157671,"Fitzroy Island","MeanNDVI","809","W2.3"
36.3252189049602,0.519365964565975,35.3049722418636,37.3454655680568,"Fitzroy Island","MeanNDVI","810","W2.3"
35.5527234513672,0.225560135142772,35.1096313142085,35.9958155885259,"Fitzroy Island","MeanNDVI","811","W2.3"
36.5113776303834,0.241324417984239,36.0373180096728,36.985437251094,"Fitzroy Island","MeanNDVI","812","W2.3"
35.9851992128289,0.388664106476372,35.2217043272345,36.7486940984233,"Fitzroy Island","MeanNDVI","813","W2.3"
36.9718772726931,0.231999755436423,36.5161350938212,37.4276194515651,"Fitzroy Island","MeanNDVI","814","W2.3"
35.781686250081,0.586255163150044,34.6300419092224,36.9333305909396,"Fitzroy Island","MeanNDVI","815","W2.3"
35.6204649232073,0.229610885253233,35.1694154600681,36.0715143863465,"Fitzroy Island","MeanNDVI","816","W2.3"
36.3043963554477,0.334422661043448,35.6474537999636,36.9613389109318,"Fitzroy Island","MeanNDVI","817","W2.3"
37.7836010339142,0.249711336919701,37.2930660824324,38.2741359853961,"Fitzroy Island","MeanNDVI","818","W2.3"
35.9777764248421,0.306775123878765,35.3751449129372,36.580407936747,"Fitzroy Island","MeanNDVI","819","W2.3"
36.5130117960944,0.361852549210993,35.8021857484653,37.2238378437235,"Fitzroy Island","MeanNDVI","820","W2.3"
35.5672597099595,0.31522612356399,34.9480269865449,36.1864924333741,"Fitzroy Island","MeanNDVI","821","W2.3"
35.8480784172339,0.276808681177727,35.3043132255279,36.3918436089398,"Fitzroy Island","MeanNDVI","822","W2.3"
35.7346798904673,0.233151415279246,35.2766753817705,36.1926843991642,"Fitzroy Island","MeanNDVI","823","W2.3"
35.7256287080752,0.214425576924238,35.3044093863156,36.1468480298348,"Fitzroy Island","MeanNDVI","824","W2.3"
36.6979904401071,0.24087806821507,36.2248076324602,37.171173247754,"Fitzroy Island","MeanNDVI","825","W2.3"
35.4858358120606,0.242781750018686,35.0089133966222,35.962758227499,"Fitzroy Island","MeanNDVI","826","W2.3"
36.8254329391188,0.334913656691737,36.1675258678482,37.4833400103894,"Fitzroy Island","MeanNDVI","827","W2.3"
37.1055615839113,0.47576893819915,36.170957268805,38.0401658990175,"Fitzroy Island","MeanNDVI","828","W2.3"
35.7627888444125,0.221807402821934,35.3270686047,36.198509084125,"Fitzroy Island","MeanNDVI","829","W2.3"
36.375281808286,0.255917708495703,35.8725550107411,36.8780086058308,"Fitzroy Island","MeanNDVI","830","W2.3"
37.0086557482033,0.618879287461549,35.7929243160909,38.2243871803157,"Fitzroy Island","MeanNDVI","831","W2.3"
37.0375992875842,0.237862612057989,36.5703400661787,37.5048585089897,"Fitzroy Island","MeanNDVI","832","W2.3"
36.7868912956133,0.263159741275654,36.2699381908364,37.3038444003902,"Fitzroy Island","MeanNDVI","833","W2.3"
36.6914223120706,0.251582810804605,36.1972110222909,37.1856336018504,"Fitzroy Island","MeanNDVI","834","W2.3"
35.9261262539485,0.321829502113183,35.293921800791,36.5583307071059,"Fitzroy Island","MeanNDVI","835","W2.3"
37.0850465188223,0.899876742209916,35.3173214346322,38.8527716030125,"Fitzroy Island","MeanNDVI","836","W2.3"
36.5021795555943,0.228813244772723,36.0526969838074,36.9516621273811,"Fitzroy Island","MeanNDVI","837","W2.3"
37.1615018494507,0.365501628394608,36.4435075214289,37.8794961774726,"Fitzroy Island","MeanNDVI","838","W2.3"
36.5317089901187,0.24871584577048,36.0431295894284,37.020288390809,"Fitzroy Island","MeanNDVI","839","W2.3"
36.1829452129859,0.265662279618002,35.6610761018334,36.7048143241384,"Fitzroy Island","MeanNDVI","840","W2.3"
36.837733422112,0.258478608477983,36.3299759721184,37.3454908721057,"Fitzroy Island","MeanNDVI","841","W2.3"
36.9535494666153,0.649017711212901,35.6786138733504,38.2284850598803,"Fitzroy Island","MeanNDVI","842","W2.3"
36.8830187634065,0.273157024495044,36.3464269153532,37.4196106114598,"Fitzroy Island","MeanNDVI","843","W2.3"
35.9022836661176,0.290004322848107,35.3325968501619,36.4719704820733,"Fitzroy Island","MeanNDVI","844","W2.3"
36.780501473523,0.902540949262155,35.0075427996479,38.553460147398,"Fitzroy Island","MeanNDVI","845","W2.3"
35.1257170132107,0.192836940667377,34.7469065815297,35.5045274448917,"Fitzroy Island","MeanNDVI","846","W2.3"
36.8401799431355,0.911732542523476,35.0491652297946,38.6311946564763,"Fitzroy Island","MeanNDVI","847","W2.3"
36.4995092880604,NA,NA,NA,"Fitzroy Island","MeanNDVI","848","W2.3"
37.2876796101335,0.337510792194129,36.6246707050681,37.9506885151989,"Fitzroy Island","MeanNDVI","849","W2.3"
35.6918834742067,0.233711799715166,35.2327781418329,36.1509888065805,"Fitzroy Island","MeanNDVI","850","W2.3"
36.3612959648119,0.2417070337043,35.8864847307145,36.8361071989094,"Fitzroy Island","MeanNDVI","851","W2.3"
36.3061682096074,0.174722203828173,35.9629567904546,36.6493796287602,"Fitzroy Reef","MeanNDVI","1656","W2.3"
36.8390353439356,0.335226234022953,36.1805416379529,37.4975290499183,"Fitzroy Reef","MeanNDVI","1657","W2.3"
36.3585465553623,0.174602315472951,36.015570636058,36.7015224746666,"Fitzroy Reef","MeanNDVI","1658","W2.3"
36.3716480165011,0.24788622885833,35.8847185791951,36.858577453807,"Fitzroy Reef","MeanNDVI","1659","W2.3"
35.6510174395358,NA,NA,NA,"Fitzroy Reef","MeanNDVI","1660","W2.3"
35.6956207613392,0.169249830865136,35.3631588682891,36.0280826543893,"Fitzroy Reef","MeanNDVI","1661","W2.3"
35.8013154292337,NA,NA,NA,"Fitzroy Reef","MeanNDVI","1662","W2.3"
35.8031227114294,0.064945019825263,35.6755495013121,35.9306959215467,"Fitzroy Reef","MeanNDVI","1663","W2.3"
36.0638698571824,0.0766234282746066,35.9133564422741,36.2143832720907,"Fitzroy Reef","MeanNDVI","1664","W2.3"
36.9681312225201,0.512876359657508,35.9606747035931,37.9755877414471,"Fitzroy Reef","MeanNDVI","1665","W2.3"
35.8201856435377,0.0608612893511398,35.7006342125689,35.9397370745064,"Fitzroy Reef","MeanNDVI","1666","W2.3"
36.1155331629798,0.0818159193380841,35.9548200013433,36.2762463246162,"Fitzroy Reef","MeanNDVI","1667","W2.3"
35.99088795604,0.0685425861522419,35.8562479517916,36.1255279602885,"Fitzroy Reef","MeanNDVI","1668","W2.3"
36.0947298322819,0.0588460030376486,35.9791370812089,36.2103225833548,"Fitzroy Reef","MeanNDVI","1669","W2.3"
36.2898235799703,0.0987804157941536,36.095786611878,36.4838605480625,"Fitzroy Reef","MeanNDVI","1670","W2.3"
36.6687785613667,0.179049835894328,36.3170662607549,37.0204908619785,"Fitzroy Reef","MeanNDVI","1671","W2.3"
36.2201059362404,0.0824333387919595,36.0581799613361,36.3820319111446,"Fitzroy Reef","MeanNDVI","1672","W2.3"
36.4246839338461,0.099446991139767,36.2293375942754,36.6200302734168,"Fitzroy Reef","MeanNDVI","1673","W2.3"
36.0460040933133,0.0634545133301571,35.9213587242959,36.1706494623307,"Fitzroy Reef","MeanNDVI","1674","W2.3"
36.0146730746946,0.0802663856069185,35.8570037029099,36.1723424464792,"Fitzroy Reef","MeanNDVI","1675","W2.3"
36.2023831286941,0.112362836916622,35.9816658536526,36.4231004037355,"Fitzroy Reef","MeanNDVI","1676","W2.3"
36.8734983076119,0.344761112309466,36.1962749894994,37.5507216257244,"Fitzroy Reef","MeanNDVI","1677","W2.3"
37.439771463324,0.903292231008611,35.6654107826456,39.2141321440024,"Fitzroy Reef","MeanNDVI","1678","W2.3"
36.0107669244242,0.115777205233164,35.7833427159206,36.2381911329277,"Fitzroy Reef","MeanNDVI","1679","W2.3"
36.2471343475372,NA,NA,NA,"Fitzroy Reef","MeanNDVI","1680","W2.3"
35.9150624806857,0.0509329453890726,35.8150135568191,36.0151114045524,"Fitzroy Reef","MeanNDVI","1681","W2.3"
35.8908406119409,0.0996284742223197,35.6951377803792,36.0865434435026,"Fitzroy Reef","MeanNDVI","1682","W2.3"
35.9531414954896,0.0499231968582896,35.8550760472124,36.0512069437667,"Fitzroy Reef","MeanNDVI","1683","W2.3"
35.7213811164919,NA,NA,NA,"Fitzroy Reef","MeanNDVI","1684","W2.3"
36.5201529572789,0.313291790903581,35.9047456546633,37.1355602598945,"Fitzroy Reef","MeanNDVI","1685","W2.3"
36.782769135258,0.42685072393316,35.9442950345559,37.6212432359601,"Fitzroy Reef","MeanNDVI","1686","W2.3"
38.6822288356603,2.6421908947087,33.4921037870006,43.8723538843201,"Fitzroy Reef","MeanNDVI","1687","W2.3"
38.972279140417,4.71616972323634,29.7081829453545,48.2363753354796,"Fitzroy Reef","MeanNDVI","1688","W2.3"
35.7190739031387,0.0663777450667633,35.5886863531572,35.8494614531203,"Fitzroy Reef","MeanNDVI","1689","W2.3"
39.0812757009781,1.47285845736996,36.188101105594,41.9744502963621,"Fitzroy Reef","MeanNDVI","1690","W2.3"
38.1423688800012,1.01874971620528,36.1412120252937,40.1435257347087,"Fitzroy Reef","MeanNDVI","1691","W2.3"
36.3622555146493,0.161474501313098,36.045066905884,36.6794441234146,"Fitzroy Reef","MeanNDVI","1692","W2.3"
38.15857015749,1.00483053525863,36.1847551159092,40.1323851990709,"Fitzroy Reef","MeanNDVI","1693","W2.3"
36.6850795440512,0.342220217943077,36.0128473715533,37.357311716549,"Fitzroy Reef","MeanNDVI","1694","W2.3"
37.2481101467778,0.512910101796058,36.2405873472808,38.2556329462748,"Fitzroy Reef","MeanNDVI","1695","W2.3"
37.2026165193356,0.49606061720228,36.2281916054692,38.1770414332021,"Fitzroy Reef","MeanNDVI","1696","W2.3"
36.0152324978014,0.0763735892808596,35.8652098481978,36.165255147405,"Fitzroy Reef","MeanNDVI","1697","W2.3"
38.5335357780631,1.09591761641759,36.3807959879037,40.6862755682226,"Fitzroy Reef","MeanNDVI","1698","W2.3"
36.9146602246477,0.337353164134422,36.2519885339212,37.5773319153742,"Fitzroy Reef","MeanNDVI","1699","W2.3"
36.5192672804965,0.198099846564896,36.1301345430205,36.9084000179725,"Fitzroy Reef","MeanNDVI","1700","W2.3"
36.3981433269559,0.123763920973134,36.1550306027203,36.6412560511915,"Fitzroy Reef","MeanNDVI","1701","W2.3"
36.5931064312751,0.232957762188821,36.1355013735795,37.0507114889707,"Fitzroy Reef","MeanNDVI","1702","W2.3"
37.3390273276616,0.867568101618665,35.6348404936798,39.0432141616434,"Fitzroy Reef","MeanNDVI","1703","W2.3"
36.2958625329838,0.226788907845984,35.8503751180787,36.7413499478889,"Fitzroy Reef","MeanNDVI","1704","W2.3"
35.7465052638348,0.0549468641987208,35.6385716937078,35.8544388339618,"Fitzroy Reef","MeanNDVI","1705","W2.3"
37.6669550056983,1.06064947124922,35.5834933604392,39.7504166509574,"Fitzroy Reef","MeanNDVI","1706","W2.3"
39.5968846917867,2.05217225827199,35.5657487647225,43.6280206188509,"Fitzroy Reef","MeanNDVI","1707","W2.3"
36.1912049893826,0.13196062547192,35.9319912629747,36.4504187157906,"Fitzroy Reef","MeanNDVI","1708","W2.3"
36.3579937929723,0.382813147110811,35.6060238623533,37.1099637235912,"Fitzroy Reef","MeanNDVI","1709","W2.3"
36.342461194647,0.158199017770485,36.0317067043306,36.6532156849635,"Fitzroy Reef","MeanNDVI","1710","W2.3"
36.1664328275811,0.101836326263574,35.9663930542012,36.366472600961,"Fitzroy Reef","MeanNDVI","1711","W2.3"
36.4361510947456,0.224293601610549,35.9955652754907,36.8767369140005,"Fitzroy Reef","MeanNDVI","1712","W2.3"
36.1355680479671,0.124400300464666,35.8912052667633,36.3799308291709,"Fitzroy Reef","MeanNDVI","1713","W2.3"
35.873334763257,0.0648067418979193,35.7460331761083,36.0006363504058,"Fitzroy Reef","MeanNDVI","1714","W2.3"
36.5609428128519,0.204134843518429,36.159955372175,36.9619302535289,"Fitzroy Reef","MeanNDVI","1715","W2.3"
36.2168642746607,0.0748188446985849,36.0698956507208,36.3638328986006,"Fitzroy Reef","MeanNDVI","1716","W2.3"
40.4970572224263,NA,NA,NA,"Heron","MeanNDVI","1717","W2.3"
37.740944991595,1.9274075244052,33.9547780725383,41.5271119106517,"Heron","MeanNDVI","1718","W2.3"
36.5881994796531,0.460012092304043,35.6845594636243,37.4918394956819,"Heron","MeanNDVI","1719","W2.3"
37.1132480321647,1.2377266262497,34.6818786679778,39.5446173963517,"Heron","MeanNDVI","1720","W2.3"
35.8320914108072,0.0624728204733139,35.709370853156,35.9548119684585,"Heron","MeanNDVI","1721","W2.3"
37.1209409186986,1.24666313380995,34.6720168293857,39.5698650080115,"Heron","MeanNDVI","1722","W2.3"
37.7965943392266,1.77431274230932,34.3111642348353,41.282024443618,"Heron","MeanNDVI","1723","W2.3"
35.8532202462413,0.0818144131552192,35.6925053892803,36.0139351032023,"Heron","MeanNDVI","1724","W2.3"
38.2682564673334,4.04813581075547,30.3161665764002,46.2203463582666,"Heron","MeanNDVI","1725","W2.3"
37.8661049460784,3.04669574787467,31.8812270689446,43.8509828232121,"Heron","MeanNDVI","1726","W2.3"
36.1201598412747,0.0844268272056806,35.9543132020978,36.2860064804517,"Heron","MeanNDVI","1727","W2.3"
37.5317295059265,1.9522650929374,33.6967327973867,41.3667262144663,"Heron","MeanNDVI","1728","W2.3"
36.0401253900936,0.0550740141253582,35.9319389231733,36.148311857014,"Heron","MeanNDVI","1729","W2.3"
37.6515237242561,2.0596689859331,33.6055446150101,41.6975028335021,"Heron","MeanNDVI","1730","W2.3"
36.5267646072492,0.370719795031477,35.7985288779523,37.2550003365462,"Heron","MeanNDVI","1731","W2.3"
36.2525269299239,1.16447826537706,33.9650454136878,38.5400084461599,"Heron","MeanNDVI","1732","W2.3"
36.052532261553,0.096585466387931,35.8628013960929,36.242263127013,"Heron","MeanNDVI","1733","W2.3"
35.9459128595667,0.0857848346520835,35.7773985734057,36.1144271457277,"Heron","MeanNDVI","1734","W2.3"
36.5092909532805,0.411078510362487,35.7017752424814,37.3168066640796,"Heron","MeanNDVI","1735","W2.3"
36.1360788759627,0.125611969410087,35.8893288362352,36.3828289156902,"Heron","MeanNDVI","1736","W2.3"
41.3608932582209,3.42313598606975,34.636542509466,48.0852440069757,"Heron","MeanNDVI","1737","W2.3"
36.6408596877213,0.672660841082038,35.3194960466638,37.9622233287788,"Heron","MeanNDVI","1738","W2.3"
36.1134865113925,0.0949592087472706,35.9269502390857,36.3000227836993,"Heron","MeanNDVI","1739","W2.3"
36.4770321889861,0.382866594473537,35.7249354911925,37.2291288867796,"Heron","MeanNDVI","1740","W2.3"
36.1982821621121,0.14096004121649,35.9213826283057,36.4751816959185,"Heron","MeanNDVI","1741","W2.3"
37.4152874824849,1.84540013649073,33.7902144967601,41.0403604682096,"Heron","MeanNDVI","1742","W2.3"
37.9461723538964,0.982535781841994,36.0160955917712,39.8762491160215,"Heron","MeanNDVI","1743","W2.3"
35.9660525872654,0.065869435530587,35.8366597761318,36.095445398399,"Heron","MeanNDVI","1744","W2.3"
36.0889843839613,0.0878915356704074,35.9163317297578,36.2616370381648,"Heron","MeanNDVI","1745","W2.3"
37.0374636024611,1.05759838744923,34.9599351205467,39.1149920843755,"Heron","MeanNDVI","1746","W2.3"
36.4142511043276,0.315693385968155,35.7941083273679,37.0343938812873,"Heron","MeanNDVI","1747","W2.3"
37.3528721594481,1.58617723324675,34.2370122843379,40.4687320345584,"Heron","MeanNDVI","1748","W2.3"
36.5749205382391,0.555178239817981,35.4843377428712,37.665503333607,"Heron","MeanNDVI","1749","W2.3"
37.4562038656383,2.31866762023587,32.9014521959134,42.0109555353633,"Heron","MeanNDVI","1750","W2.3"
37.6483840315075,NA,NA,NA,"Heron","MeanNDVI","1751","W2.3"
35.8433222724645,0.136611953821179,35.5749640483961,36.1116804965329,"Heron","MeanNDVI","1752","W2.3"
36.7027560812021,0.728017689875961,35.272650377559,38.1328617848452,"Heron","MeanNDVI","1753","W2.3"
36.262049369831,0.194225196030102,35.8805166619085,36.6435820777534,"Heron","MeanNDVI","1754","W2.3"
35.9077273172137,0.105355458391023,35.7007688269872,36.1146858074402,"Heron","MeanNDVI","1755","W2.3"
36.2111876099989,0.163742976424407,35.8895336615132,36.5328415584846,"Heron","MeanNDVI","1756","W2.3"
36.1676805740306,0.120500612715481,35.9309711974133,36.4043899506479,"Heron","MeanNDVI","1757","W2.3"
36.7655235330022,0.844543467403135,35.1065165521231,38.4245305138814,"Heron","MeanNDVI","1758","W2.3"
37.8571523303033,1.70655812255403,34.5048182612249,41.2094863993817,"Heron","MeanNDVI","1759","W2.3"
38.9626436962913,3.14475244743591,32.7851448880002,45.1401425045824,"Heron","MeanNDVI","1760","W2.3"
38.6030232362384,2.86991399004121,32.9654124704585,44.2406340020184,"Heron","MeanNDVI","1761","W2.3"
40.0126219942058,4.71955698668707,30.7416036395836,49.283640348828,"Heron","MeanNDVI","1762","W2.3"
37.6087562571286,2.2102014683655,33.2670736715745,41.9504388426827,"Heron","MeanNDVI","1763","W2.3"
39.463628378709,3.16288400086257,33.2505122518665,45.6767445055515,"Heron","MeanNDVI","1764","W2.3"
39.8366813391986,NA,NA,NA,"Heron","MeanNDVI","1765","W2.3"
37.1335047451034,1.37821355861039,34.4261652141879,39.8408442760188,"Heron","MeanNDVI","1766","W2.3"
38.8347342023439,2.06658546476529,34.7751684784254,42.8942999262623,"Heron","MeanNDVI","1767","W2.3"
36.510903096787,0.465151993955669,35.5971663444146,37.4246398491595,"Heron","MeanNDVI","1768","W2.3"
37.4986790036412,0.681932948981587,36.1591013897966,38.8382566174858,"Heron","MeanNDVI","1769","W2.3"
38.0843798650409,2.53124648424044,33.1120418507607,43.0567178793212,"Heron","MeanNDVI","1770","W2.3"
36.4881416816866,0.327037880027174,35.8457139714288,37.1305693919445,"Heron","MeanNDVI","1771","W2.3"
36.6494600897703,0.600156241613629,35.4705232642725,37.8283969152682,"Heron","MeanNDVI","1772","W2.3"
36.4636863083346,0.374788988526912,35.7274571237852,37.1999154928841,"Heron","MeanNDVI","1773","W2.3"
35.9352900624076,0.0453519715544427,35.8462014123742,36.024378712441,"Heron","MeanNDVI","1774","W2.3"
36.5795626745802,0.464706958321165,35.666700142722,37.4924252064384,"Heron","MeanNDVI","1775","W2.3"
35.8523466512471,0.0569230754252787,35.7405279194132,35.964165383081,"Heron","MeanNDVI","1776","W2.3"
35.7020020842416,0.467041726183512,34.7838037176177,36.6202004508655,"Kelso","MeanNDVI","942","W2.3"
37.1379503496568,0.565136847157098,36.0268981654785,38.2490025338352,"Kelso","MeanNDVI","943","W2.3"
36.1066495517238,0.322950580798491,35.4717326285345,36.741566474913,"Kelso","MeanNDVI","944","W2.3"
35.4593317996512,0.389169295481028,34.6942296868895,36.2244339124128,"Kelso","MeanNDVI","945","W2.3"
36.2179902175538,0.389779580832423,35.4516882911965,36.9842921439112,"Kelso","MeanNDVI","946","W2.3"
35.5398202893628,0.327972901878688,34.8950295438705,36.1846110348552,"Kelso","MeanNDVI","947","W2.3"
36.0631086720966,NA,NA,NA,"Kelso","MeanNDVI","948","W2.3"
35.5074119102235,0.330083071704051,34.8584725964591,36.1563512239879,"Kelso","MeanNDVI","949","W2.3"
34.0208430735448,0.345054694790385,33.3424697304574,34.6992164166323,"Kelso","MeanNDVI","950","W2.3"
36.3022058285793,0.449087792247762,35.4193046782212,37.1851069789373,"Kelso","MeanNDVI","951","W2.3"
36.1604351259281,0.336447905739722,35.49898262568,36.8218876261761,"Kelso","MeanNDVI","952","W2.3"
34.9838937739564,0.311781586649415,34.3709349577404,35.5968525901724,"Kelso","MeanNDVI","953","W2.3"
35.8256508585864,0.637366497253105,34.572596058749,37.0787056584238,"Kelso","MeanNDVI","954","W2.3"
34.9409410512446,0.244775917254987,34.4597145680158,35.4221675344734,"Kelso","MeanNDVI","955","W2.3"
36.6148114632115,1.37069451368242,33.9200426812268,39.3095802451962,"Kelso","MeanNDVI","957","W2.3"
35.5964957885379,0.375100241661885,34.8590532648717,36.3339383122041,"Kelso","MeanNDVI","958","W2.3"
35.6776731101892,0.448489531679528,34.795948132849,36.5593980875293,"Kelso","MeanNDVI","959","W2.3"
35.3195947962307,0.351418879618212,34.6287095429943,36.010480049467,"Kelso","MeanNDVI","960","W2.3"
36.4078093910865,0.366073318512657,35.6881136887996,37.1275050933733,"Kelso","MeanNDVI","961","W2.3"
35.9150461273445,0.376325701468534,35.1751943645681,36.6548978901209,"Kelso","MeanNDVI","962","W2.3"
36.4321877606363,0.452748027380461,35.5420906324204,37.3222848888521,"Kelso","MeanNDVI","963","W2.3"
34.2488569659715,0.309332051183189,33.6407139067596,34.8570000251833,"Kelso","MeanNDVI","964","W2.3"
36.0021268604451,0.318316885630012,35.3763197257322,36.627933995158,"Kelso","MeanNDVI","965","W2.3"
36.9997731926131,0.449237972018006,36.116576790649,37.8829695945772,"Kelso","MeanNDVI","966","W2.3"
37.5113501146807,0.0785820162599354,37.3568588242226,37.6658414051388,"Kelso","MeanNDVI","967","W2.3"
36.2283284459785,0.71260973852303,34.8273463468009,37.6293105451562,"Kelso","MeanNDVI","968","W2.3"
35.87166853042,0.433887787719248,35.0186504045292,36.7246866563109,"Kelso","MeanNDVI","969","W2.3"
36.2645271999987,0.381741892483493,35.5140272714066,37.0150271285908,"Kelso","MeanNDVI","970","W2.3"
35.8094940078673,1.35636263295964,33.1429015294815,38.476086486253,"Kelso","MeanNDVI","971","W2.3"
36.1268154292188,0.423504580917766,35.2942105619106,36.959420296527,"Kelso","MeanNDVI","972","W2.3"
35.4500398859765,0.304956255903657,34.8504995871886,36.0495801847644,"Kelso","MeanNDVI","973","W2.3"
35.4332434955571,0.379579145131149,34.686995502017,36.1794914890971,"Kelso","MeanNDVI","974","W2.3"
35.5833429940803,0.32749235308951,34.9394970016765,36.2271889864841,"Kelso","MeanNDVI","975","W2.3"
36.887451210909,0.754290256793969,35.4045257185592,38.3703767032587,"Kelso","MeanNDVI","976","W2.3"
36.9421541214854,0.449687945602377,36.0580730769144,37.8262351660564,"Kelso","MeanNDVI","977","W2.3"
35.9439390997222,0.531252495978916,34.8995031388096,36.9883750606347,"Kelso","MeanNDVI","978","W2.3"
36.3574260504909,1.93779618239463,32.5477422689915,40.1671098319903,"Kelso","MeanNDVI","979","W2.3"
35.3298508912669,0.400127617942227,34.5432048495141,36.1164969330198,"Kelso","MeanNDVI","980","W2.3"
35.578587199222,0.368289588117653,34.8545343377837,36.3026400606602,"Kelso","MeanNDVI","981","W2.3"
36.5859157577533,0.384667999151983,35.8296631389561,37.3421683765505,"Kelso","MeanNDVI","982","W2.3"
36.7868281702563,0.608102024780972,35.591306968206,37.9823493723067,"Kelso","MeanNDVI","983","W2.3"
36.258058131967,0.448706403212055,35.3759067878254,37.1402094761087,"Kelso","MeanNDVI","984","W2.3"
36.3178207434498,0.47584259803331,35.3823199695584,37.2533215173413,"Kelso","MeanNDVI","985","W2.3"
35.8113263986736,0.405538382844906,35.0140428587759,36.6086099385712,"Kelso","MeanNDVI","986","W2.3"
36.3573846135374,0.125283011830539,36.1112637637064,36.6035054633683,"Lady Musgrave","MeanNDVI","1596","W2.3"
36.9105160016645,0.329074251370219,36.2640434015782,37.5569886017507,"Lady Musgrave","MeanNDVI","1597","W2.3"
36.352728360133,0.185218285691515,35.9888635295183,36.7165931907478,"Lady Musgrave","MeanNDVI","1598","W2.3"
36.3896157649114,0.214375449093956,35.9684711345024,36.8107603953203,"Lady Musgrave","MeanNDVI","1599","W2.3"
36.2321770920373,0.0788852026949554,36.0772056171128,36.3871485669619,"Lady Musgrave","MeanNDVI","1600","W2.3"
36.7071030757347,0.338702859620143,36.041714892358,37.3724912591114,"Lady Musgrave","MeanNDVI","1601","W2.3"
37.108485409037,0.563531964867481,36.0014161897266,38.2155546283474,"Lady Musgrave","MeanNDVI","1602","W2.3"
36.2527217886663,0.112899410109208,36.0309287589851,36.4745148183476,"Lady Musgrave","MeanNDVI","1603","W2.3"
35.8942956123661,0.0416850575513429,35.8124045272151,35.9761866975171,"Lady Musgrave","MeanNDVI","1604","W2.3"
36.3204906650604,0.0711297274640209,36.18075496813,36.4602263619909,"Lady Musgrave","MeanNDVI","1605","W2.3"
37.2068366219936,0.526403404024853,36.1727071637415,38.2409660802456,"Lady Musgrave","MeanNDVI","1606","W2.3"
36.2850310335367,0.077322044784622,36.133130411936,36.4369316551373,"Lady Musgrave","MeanNDVI","1607","W2.3"
36.5269295066355,0.10078293510101,36.3289395216161,36.724919491655,"Lady Musgrave","MeanNDVI","1608","W2.3"
35.8659631450999,0.0736210101736394,35.7213332760969,36.0105930141029,"Lady Musgrave","MeanNDVI","1609","W2.3"
36.1147784823402,0.0526846799068793,36.0112784307188,36.2182785339617,"Lady Musgrave","MeanNDVI","1610","W2.3"
36.4292042020681,0.0730654729853116,36.2856656963945,36.5727427077418,"Lady Musgrave","MeanNDVI","1611","W2.3"
35.8356620423219,0.0540144062072976,35.7295497181958,35.941774366448,"Lady Musgrave","MeanNDVI","1612","W2.3"
36.1283297020454,0.0464982964319105,36.036982917942,36.2196764861489,"Lady Musgrave","MeanNDVI","1613","W2.3"
37.0344878436647,0.339615404732883,36.3673069481287,37.7016687392006,"Lady Musgrave","MeanNDVI","1614","W2.3"
35.4743814559096,0.261145318534176,34.9613565310783,35.9874063807409,"Lady Musgrave","MeanNDVI","1615","W2.3"
36.1680360014962,0.0444558854555464,36.0807015724429,36.2553704305496,"Lady Musgrave","MeanNDVI","1616","W2.3"
36.1560267098532,0.0398589512833208,36.0777230450555,36.2343303746509,"Lady Musgrave","MeanNDVI","1617","W2.3"
36.4158749290329,0.105599450058793,36.2084228091453,36.6233270489205,"Lady Musgrave","MeanNDVI","1618","W2.3"
35.969403852975,0.0440149933425439,35.8829355648289,36.055872141121,"Lady Musgrave","MeanNDVI","1619","W2.3"
36.7053459827626,0.236153071077062,36.2414188014597,37.1692731640654,"Lady Musgrave","MeanNDVI","1620","W2.3"
37.1398453332968,0.604958637939509,35.9513926300393,38.3282980365543,"Lady Musgrave","MeanNDVI","1621","W2.3"
36.3048289314234,0.0820694899045173,36.1436018639595,36.4660559988874,"Lady Musgrave","MeanNDVI","1622","W2.3"
36.547293060199,0.108787639910742,36.3335776809571,36.761008439441,"Lady Musgrave","MeanNDVI","1623","W2.3"
36.2971805164559,0.0460668500572678,36.2066813169278,36.3876797159839,"Lady Musgrave","MeanNDVI","1624","W2.3"
36.6566284211585,0.240103011924331,36.1849415062421,37.1283153360749,"Lady Musgrave","MeanNDVI","1625","W2.3"
36.5907828227546,0.21290410898565,36.1725286678583,37.0090369776509,"Lady Musgrave","MeanNDVI","1626","W2.3"
36.2630403171837,0.0896238187811692,36.0869726275487,36.4391080068187,"Lady Musgrave","MeanNDVI","1627","W2.3"
36.4449061418766,0.107985022790065,36.2327675191713,36.6570447645819,"Lady Musgrave","MeanNDVI","1628","W2.3"
34.8507319928342,NA,NA,NA,"Lady Musgrave","MeanNDVI","1629","W2.3"
39.2620580066416,1.16206628545485,36.9791567772004,41.5449592360829,"Lady Musgrave","MeanNDVI","1630","W2.3"
38.3962513408885,0.792466060777239,36.839436753732,39.9530659280449,"Lady Musgrave","MeanNDVI","1631","W2.3"
37.2858172545802,0.452488187249791,36.3968956397724,38.174738869388,"Lady Musgrave","MeanNDVI","1632","W2.3"
37.1385962051532,0.525342692253969,36.1065505352669,38.1706418750395,"Lady Musgrave","MeanNDVI","1633","W2.3"
37.2870902756975,0.635102251505023,36.0394198726152,38.5347606787797,"Lady Musgrave","MeanNDVI","1634","W2.3"
36.6759768987589,0.304344442974021,36.0780864756949,37.2738673218229,"Lady Musgrave","MeanNDVI","1635","W2.3"
36.0423873816394,0.0445006982441193,35.9549649170141,36.1298098462648,"Lady Musgrave","MeanNDVI","1636","W2.3"
36.396708545364,0.214907843125641,35.9745180167953,36.8188990739327,"Lady Musgrave","MeanNDVI","1637","W2.3"
35.929884030623,0.0568106774667011,35.8182783786413,36.0414896826046,"Lady Musgrave","MeanNDVI","1638","W2.3"
35.8629922277745,0.0743485264803052,35.7169331392066,36.0090513163424,"Lady Musgrave","MeanNDVI","1641","W2.3"
36.0982928742988,0.05966463901631,35.9810805607937,36.215505187804,"Lady Musgrave","MeanNDVI","1642","W2.3"
37.1008014177113,0.435885738423182,36.2444956281042,37.9571072073184,"Lady Musgrave","MeanNDVI","1643","W2.3"
37.6033878937587,0.624888739975114,36.3757821275396,38.8309936599778,"Lady Musgrave","MeanNDVI","1644","W2.3"
36.0628232684814,0.0797443976011478,35.9061638888889,36.2194826480739,"Lady Musgrave","MeanNDVI","1645","W2.3"
36.2367603033869,0.0580385613444444,36.1227424502691,36.3507781565048,"Lady Musgrave","MeanNDVI","1646","W2.3"
35.955873207319,0.103076379709375,35.7533777069244,36.1583687077136,"Lady Musgrave","MeanNDVI","1647","W2.3"
37.2657289668877,0.577353418194533,36.1315072407126,38.3999506930627,"Lady Musgrave","MeanNDVI","1648","W2.3"
36.6100327893328,0.313590820885492,35.9939776817183,37.2260878969472,"Lady Musgrave","MeanNDVI","1649","W2.3"
37.239124569444,0.579099361505072,36.101472904564,38.3767762343239,"Lady Musgrave","MeanNDVI","1650","W2.3"
38.7362402183563,NA,NA,NA,"Lady Musgrave","MeanNDVI","1651","W2.3"
40.380016246393,3.47654426304222,33.5502791895267,47.2097533032593,"Lady Musgrave","MeanNDVI","1652","W2.3"
36.6375302191219,0.190235843092111,36.2638083019519,37.0112521362919,"Lady Musgrave","MeanNDVI","1653","W2.3"
36.1756863611341,0.0744093085149392,36.0295078651079,36.3218648571604,"Lady Musgrave","MeanNDVI","1654","W2.3"
36.0710696851335,0.0391504588146634,35.9941578672107,36.1479815030564,"Lady Musgrave","MeanNDVI","1655","W2.3"
36.816363841777,0.147221192537295,36.5271674225792,37.1055602609749,"Mackay","MeanNDVI","652","W2.3"
36.2573619680421,0.296321086539867,35.6752786709079,36.8394452651763,"Mackay","MeanNDVI","653","W2.3"
36.6211943514239,0.245947766678507,36.1380627301723,37.1043259726754,"Mackay","MeanNDVI","654","W2.3"
36.8052025333238,0.112550019889529,36.5841130137259,37.0262920529217,"Mackay","MeanNDVI","655","W2.3"
36.9907570200132,0.123342920901869,36.7484662842607,37.2330477557657,"Mackay","MeanNDVI","656","W2.3"
37.0080033268154,NA,NA,NA,"Mackay","MeanNDVI","657","W2.3"
36.8589790385851,0.174290878408623,36.5166078278516,37.2013502493186,"Mackay","MeanNDVI","658","W2.3"
36.4691445148785,0.135778906742548,36.2024249417261,36.735864088031,"Mackay","MeanNDVI","659","W2.3"
35.9413280143316,0.44792009450482,35.0614486628263,36.8212073658369,"Mackay","MeanNDVI","660","W2.3"
36.8353218893964,0.160807319278844,36.5194373342263,37.1512064445664,"Mackay","MeanNDVI","661","W2.3"
36.7685520365821,0.181621068752838,36.411781643482,37.1253224296823,"Mackay","MeanNDVI","662","W2.3"
37.0886008148054,0.197639029258198,36.7003652722851,37.4768363573258,"Mackay","MeanNDVI","663","W2.3"
36.5555888550168,0.119785781211821,36.3202856462855,36.7908920637481,"Mackay","MeanNDVI","664","W2.3"
36.79383155011,0.105384832323036,36.5868170869044,37.0008460133155,"Mackay","MeanNDVI","665","W2.3"
36.5299402467327,0.199537871071235,36.1379746824439,36.9219058110216,"Mackay","MeanNDVI","666","W2.3"
36.0766533625125,NA,NA,NA,"Mackay","MeanNDVI","667","W2.3"
36.3263104958341,0.200779699572938,35.9319055248962,36.720715466772,"Mackay","MeanNDVI","668","W2.3"
36.6343909085522,0.110812529496686,36.4167144573539,36.8520673597504,"Mackay","MeanNDVI","669","W2.3"
35.8627194587587,NA,NA,NA,"Mackay","MeanNDVI","670","W2.3"
35.0262445280375,0.253579197872984,34.5281219769017,35.5243670791733,"Mackay","MeanNDVI","671","W2.3"
35.4592127242786,0.353445935739028,34.76491527135,36.1535101772072,"Mackay","MeanNDVI","672","W2.3"
36.2084125141798,0.274613482737196,35.6689709127206,36.7478541156389,"Mackay","MeanNDVI","673","W2.3"
35.4375217816765,0.368843048743752,34.7129787515303,36.1620648118227,"Mackay","MeanNDVI","674","W2.3"
36.9368338445935,0.611767581319187,35.7350979338209,38.1385697553661,"Mackay","MeanNDVI","675","W2.3"
35.3617605066161,0.240446216810958,34.8894359471354,35.8340850660968,"Mackay","MeanNDVI","676","W2.3"
36.3795719724833,0.197611164308943,35.9913911669435,36.7677527780231,"Mackay","MeanNDVI","677","W2.3"
35.3472667412092,0.370107262078745,34.6202403323912,36.0742931500272,"Mackay","MeanNDVI","678","W2.3"
35.5790193389625,0.363280898564126,34.8654024118268,36.2926362660982,"Mackay","MeanNDVI","679","W2.3"
36.5498281378577,0.106919197765185,36.3397996181568,36.7598566575585,"Mackay","MeanNDVI","680","W2.3"
36.913870521799,NA,NA,NA,"Mackay","MeanNDVI","681","W2.3"
35.6191998278596,0.289727776253501,35.0500682103892,36.18833144533,"Mackay","MeanNDVI","682","W2.3"
36.4193894386511,0.212628270281247,36.0017095290824,36.8370693482197,"Mackay","MeanNDVI","683","W2.3"
36.659383308513,0.0947463315449266,36.4732667627719,36.8454998542541,"Mackay","MeanNDVI","684","W2.3"
36.8403223141965,0.110219584937338,36.6238106235901,37.056834004803,"Mackay","MeanNDVI","685","W2.3"
36.8206624650852,0.107786649703319,36.6089299516182,37.0323949785522,"Mackay","MeanNDVI","686","W2.3"
35.5381296079165,1.43759367522609,32.7141683563356,38.3620908594973,"Mackay","MeanNDVI","687","W2.3"
35.6829735933581,0.261013287238973,35.1702477640693,36.1956994226469,"Mackay","MeanNDVI","688","W2.3"
36.7288568821423,0.116980613542878,36.4990640515782,36.9586497127064,"Mackay","MeanNDVI","689","W2.3"
35.6742841029574,0.328097167676718,35.0297809277978,36.3187872781169,"Mackay","MeanNDVI","690","W2.3"
36.9412916148025,0.126877280598023,36.6920581002919,37.1905251293131,"Mackay","MeanNDVI","691","W2.3"
36.5667291930167,0.129879353859014,36.3115985055361,36.8218598804973,"Mackay","MeanNDVI","692","W2.3"
36.3940290920838,0.184411984040979,36.0317763177198,36.7562818664479,"Mackay","MeanNDVI","693","W2.3"
36.0992276624449,0.311899178698264,35.4865432786566,36.7119120462332,"Mackay","MeanNDVI","694","W2.3"
35.9393615675329,0.279746591627482,35.3898366575172,36.4888864775487,"Mackay","MeanNDVI","695","W2.3"
36.4972003515556,0.122835737304173,36.2559059104113,36.7384947927,"Mackay","MeanNDVI","696","W2.3"
36.7081089382514,0.0915709259679235,36.5282300537229,36.8879878227798,"Mackay","MeanNDVI","697","W2.3"
36.72302325534,0.144846983742898,36.4384906530148,37.0075558576652,"Mackay","MeanNDVI","698","W2.3"
35.6438536115702,0.397375075062666,34.8632632168994,36.4244440062411,"Mackay","MeanNDVI","699","W2.3"
34.548564724846,0.244102671749164,34.0690575467704,35.0280719029216,"Mackay","MeanNDVI","700","W2.3"
36.0319910371258,0.36636073187558,35.3123241877605,36.7516578864911,"Mackay","MeanNDVI","701","W2.3"
36.0599694013376,0.295474084891613,35.4795499260996,36.6403888765756,"Mackay","MeanNDVI","702","W2.3"
35.0709890164635,0.373935343302983,34.3364428520766,35.8055351808504,"Mackay","MeanNDVI","703","W2.3"
36.5574440128437,0.268287728638483,36.0304285125629,37.0844595131245,"Mackay","MeanNDVI","704","W2.3"
35.2819475295493,0.262647149749301,34.7660121950303,35.7978828640683,"Mackay","MeanNDVI","705","W2.3"
35.5161130121128,0.29019877205428,34.9460561861402,36.0861698380853,"Mackay","MeanNDVI","706","W2.3"
36.6009716774158,0.315737132159847,35.9807481453635,37.221195209468,"Mackay","MeanNDVI","707","W2.3"
36.3426122925466,0.247633234106171,35.8561697950798,36.8290547900134,"Mackay","MeanNDVI","708","W2.3"
36.795181188383,0.129338712638275,36.5411125185536,37.0492498582124,"Mackay","MeanNDVI","709","W2.3"
36.8328867010055,0.126505580556033,36.5843833417077,37.0813900603033,"Mackay","MeanNDVI","710","W2.3"
36.0115342373964,0.856917654352099,34.3282336682663,37.6948348065265,"Mackay","MeanNDVI","711","W2.3"
36.1472399435947,0.344612303524441,35.4700758448271,36.8244040423624,"Martin","MeanNDVI","539","W2.3"
35.3024891635823,0.395316705296633,34.5256907796238,36.0792875475407,"Martin","MeanNDVI","540","W2.3"
36.2504334635734,0.246347814311347,35.7663593491107,36.734507578036,"Martin","MeanNDVI","541","W2.3"
35.442812963224,0.439897748577366,34.5784127098994,36.3072132165487,"Martin","MeanNDVI","542","W2.3"
35.4186876666788,0.294763042702944,34.8394774988451,35.9978978345125,"Martin","MeanNDVI","543","W2.3"
34.9548995233267,0.319414083069008,34.3272499951961,35.5825490514573,"Martin","MeanNDVI","544","W2.3"
35.4925432190718,0.240363782653041,35.0202277428338,35.9648586953099,"Martin","MeanNDVI","545","W2.3"
34.9851577413377,0.435944356793591,34.1285259134493,35.8417895692262,"Martin","MeanNDVI","546","W2.3"
36.5611313025436,0.302380736096395,35.9669523468032,37.1553102582839,"Martin","MeanNDVI","547","W2.3"
35.5948739871413,0.270709832293549,35.0629284421396,36.126819532143,"Martin","MeanNDVI","548","W2.3"
35.4524358372199,0.253885358381493,34.9535504284855,35.9513212459543,"Martin","MeanNDVI","549","W2.3"
36.2456975202778,0.272662862834186,35.7099142650365,36.781480775519,"Martin","MeanNDVI","550","W2.3"
35.8470748577336,0.274057423053856,35.3085512879282,36.385598427539,"Martin","MeanNDVI","551","W2.3"
35.0295827959193,0.292759167051093,34.4543102491048,35.6048553427338,"Martin","MeanNDVI","552","W2.3"
35.300246600594,0.255292699542723,34.798595762711,35.8018974384769,"Martin","MeanNDVI","553","W2.3"
35.5055216443261,0.263697879417753,34.9873546054926,36.0236886831596,"Martin","MeanNDVI","554","W2.3"
35.4234605849257,0.281491348775226,34.8703293311812,35.9765918386702,"Martin","MeanNDVI","555","W2.3"
36.3835725326208,0.261778093745623,35.8691778777712,36.8979671874704,"Martin","MeanNDVI","556","W2.3"
35.5636853358323,0.249804075826377,35.072819658242,36.0545510134225,"Martin","MeanNDVI","557","W2.3"
35.3774105096719,0.315876385443305,34.7567125668443,35.9981084524995,"Martin","MeanNDVI","558","W2.3"
35.6236398721684,0.268111632815741,35.0967997960946,36.1504799482423,"Martin","MeanNDVI","559","W2.3"
34.9775508431584,0.5409882922868,33.9145074008796,36.0405942854372,"Martin","MeanNDVI","560","W2.3"
34.6895699379228,0.247754097144631,34.2027324739289,35.1764074019167,"Martin","MeanNDVI","561","W2.3"
34.6976852783204,0.441151547491948,33.8308213067729,35.564549249868,"Martin","MeanNDVI","562","W2.3"
35.9620153424234,0.287727268179667,35.3966304903589,36.5274001944879,"Martin","MeanNDVI","563","W2.3"
35.1956175551015,0.613488576496371,33.9901108603066,36.4011242498965,"Martin","MeanNDVI","564","W2.3"
34.7935618885141,0.286995830050004,34.229614314332,35.3575094626961,"Martin","MeanNDVI","565","W2.3"
35.1052509267543,0.450749473828753,34.2195270042665,35.9909748492422,"Martin","MeanNDVI","566","W2.3"
36.1600432780327,0.311796537469439,35.5473622473933,36.7727243086721,"Martin","MeanNDVI","567","W2.3"
35.6301822918292,0.264768207387115,35.1099120556711,36.1504525279872,"Martin","MeanNDVI","569","W2.3"
35.3636092698942,0.265038383728403,34.8428081365024,35.884410403286,"Martin","MeanNDVI","570","W2.3"
35.3208979509484,0.712685300777986,33.9204694274437,36.7213264744531,"Martin","MeanNDVI","571","W2.3"
35.0257514080728,0.307337838275435,34.4218317332831,35.6296710828624,"Martin","MeanNDVI","572","W2.3"
35.4638230061634,0.343599053526637,34.7886499463534,36.1389960659735,"Martin","MeanNDVI","573","W2.3"
34.8882672153023,0.401960594059594,34.0984135721425,35.6781208584621,"Martin","MeanNDVI","574","W2.3"
35.2061754762254,0.632556630030647,33.9632000052007,36.4491509472501,"Martin","MeanNDVI","575","W2.3"
35.2513159609771,0.65471731025143,33.9647946940063,36.5378372279479,"Martin","MeanNDVI","576","W2.3"
34.9191328580239,0.35933414935588,34.213040292795,35.6252254232528,"Martin","MeanNDVI","577","W2.3"
35.8858136509084,0.265126028869443,35.3648402945799,36.4067870072369,"Martin","MeanNDVI","578","W2.3"
35.0877144376735,0.720647230186308,33.6716407015716,36.5037881737753,"Martin","MeanNDVI","579","W2.3"
35.2132941619291,0.749341911103698,33.7408353010244,36.6857530228339,"Martin","MeanNDVI","580","W2.3"
35.6538897515047,0.282540479134966,35.0986969537953,36.2090825492141,"Martin","MeanNDVI","581","W2.3"
34.936566199513,0.253197551082592,34.4390323339618,35.4341000650642,"Martin","MeanNDVI","582","W2.3"
36.0447577641062,0.311712964443661,35.4322409546861,36.6572745735263,"Martin","MeanNDVI","583","W2.3"
35.0770754604172,0.326381117808429,34.4357356903766,35.7184152304578,"Martin","MeanNDVI","584","W2.3"
35.7413615204356,0.243635931671911,35.2626162626177,36.2201067782535,"Martin","MeanNDVI","585","W2.3"
35.1716350598715,0.518317158044659,34.153140457057,36.1901296626861,"Martin","MeanNDVI","586","W2.3"
35.3361746101383,0.409751917987058,34.5310109946078,36.1413382256688,"Martin","MeanNDVI","587","W2.3"
35.18965718026,0.547661332165615,34.1135011967592,36.2658131637608,"Martin","MeanNDVI","588","W2.3"
35.3191457541357,0.339253035913647,34.6525126305671,35.9857788777042,"Martin","MeanNDVI","589","W2.3"
35.1135576810296,0.430591547375604,34.2674441379741,35.959671224085,"Martin","MeanNDVI","590","W2.3"
35.5392099319296,0.253440626885163,35.0411984217757,36.0372214420834,"Martin","MeanNDVI","591","W2.3"
35.3453727787666,0.254146192731694,34.8459748298359,35.8447707276973,"Martin","MeanNDVI","592","W2.3"
37.1604295907854,0.375727975559321,36.4221231131893,37.8987360683815,"Martin","MeanNDVI","593","W2.3"
35.4526912502673,0.262813536497043,34.9362619476399,35.9691205528948,"Martin","MeanNDVI","594","W2.3"
35.5193898692518,0.263256197146325,35.0020907372638,36.0366890012399,"Martin","MeanNDVI","595","W2.3"
35.4959405221268,0.241638848453921,35.0211195381774,35.9707615060762,"Martin","MeanNDVI","596","W2.3"
35.1863007660098,0.260584220806052,34.6742520746819,35.6983494573378,"Martin","MeanNDVI","597","W2.3"
35.2980133019812,0.273239684443624,34.7610965907336,35.8349300132289,"Martin","MeanNDVI","598","W2.3"
37.0451295640888,0.33606731122518,36.3844304356181,37.7058286925595,"Moore","MeanNDVI","852","W2.3"
36.4295227020944,0.335739170770224,35.7694686887698,37.0895767154189,"Moore","MeanNDVI","853","W2.3"
37.0259134409127,NA,NA,NA,"Moore","MeanNDVI","854","W2.3"
36.3226550739508,11.7865243695307,13.1506710143946,59.4946391335071,"Moore","MeanNDVI","855","W2.3"
36.4660984509585,10.8293328828633,15.1759266352507,57.7562702666663,"Moore","MeanNDVI","856","W2.3"
36.4779189588287,10.1497456251577,16.5237970768351,56.4320408408224,"Moore","MeanNDVI","857","W2.3"
37.0864001412995,0.655328068762846,35.7980431085505,38.3747571740485,"Moore","MeanNDVI","858","W2.3"
36.6607865675169,3.29319904070959,30.1864474592437,43.1351256757902,"Moore","MeanNDVI","859","W2.3"
35.6083230041673,0.296788596335619,35.0248447532653,36.1918012550692,"Moore","MeanNDVI","860","W2.3"
36.656323403419,NA,NA,NA,"Moore","MeanNDVI","861","W2.3"
36.91857612837,1.00610305885675,34.9406050733602,38.8965471833798,"Moore","MeanNDVI","862","W2.3"
36.1093293040821,0.409906635359939,35.3034640869346,36.9151945212297,"Moore","MeanNDVI","863","W2.3"
36.7134509233827,7.31485161045507,22.3326530222087,51.0942488245568,"Moore","MeanNDVI","864","W2.3"
35.8376034894239,0.346897426307357,35.1556126513551,36.5195943274928,"Moore","MeanNDVI","865","W2.3"
36.2158825472686,20.4166093641385,-3.92261222045061,76.3543773149877,"Moore","MeanNDVI","866","W2.3"
36.6532229516893,7.05932096042351,22.7747913091017,50.5316545942769,"Moore","MeanNDVI","867","W2.3"
37.1077816326582,0.365371959202763,36.3894703689627,37.8260928963537,"Moore","MeanNDVI","868","W2.3"
36.6404152191566,7.94405420977964,21.0226222425327,52.2582081957806,"Moore","MeanNDVI","869","W2.3"
36.6560678748845,7.20693506777615,22.4874309406179,50.824704809151,"Moore","MeanNDVI","870","W2.3"
37.7170822310018,0.422239952634908,36.8869700499201,38.5471944120835,"Moore","MeanNDVI","871","W2.3"
37.3350371608701,0.467025022494889,36.4168787591753,38.2531955625649,"Moore","MeanNDVI","872","W2.3"
36.6392529979222,0.40421896360365,35.8445695876535,37.4339364081909,"Moore","MeanNDVI","873","W2.3"
37.0027220775049,1.04748869394503,34.9433879975275,39.0620561574824,"Moore","MeanNDVI","874","W2.3"
36.7958289809662,NA,NA,NA,"Moore","MeanNDVI","875","W2.3"
36.2750894973241,0.448505966054035,35.3933390533267,37.1568399413215,"Moore","MeanNDVI","876","W2.3"
35.4361083415345,0.359728798655583,34.7288913768999,36.143325306169,"Moore","MeanNDVI","877","W2.3"
36.4309862838232,11.1691851006457,14.4726743170274,58.3892982506189,"Moore","MeanNDVI","878","W2.3"
36.5856602323676,9.17130663768382,18.5551225988063,54.616197865929,"Moore","MeanNDVI","879","W2.3"
36.7179757732366,0.435489351503547,35.8618156369005,37.5741359095728,"Moore","MeanNDVI","880","W2.3"
35.5479817268111,0.352381808411047,34.855208743752,36.2407547098702,"Moore","MeanNDVI","881","W2.3"
35.7932565708136,0.303424261796914,35.1967327833758,36.3897803582514,"Moore","MeanNDVI","882","W2.3"
35.1383768336374,0.311308132669082,34.5263535720161,35.7504000952586,"Moore","MeanNDVI","883","W2.3"
39.2327956601066,3.13694983149138,33.0656382172514,45.3999531029618,"Moore","MeanNDVI","884","W2.3"
36.7313564772284,NA,NA,NA,"Moore","MeanNDVI","885","W2.3"
35.8145329289576,0.299982083765848,35.2247763692424,36.4042894886729,"Moore","MeanNDVI","886","W2.3"
36.2874366444596,3.40191669785749,29.5993616001766,42.9755116887427,"Moore","MeanNDVI","887","W2.3"
36.417392830809,12.1858843468082,12.4602779950061,60.3745076666118,"Moore","MeanNDVI","888","W2.3"
35.3672239658207,0.381943596568285,34.6163333169871,36.1181146146543,"Moore","MeanNDVI","889","W2.3"
35.3676321663473,0.355278106617257,34.6691651403489,36.0660991923458,"Moore","MeanNDVI","890","W2.3"
36.1438152733418,NA,NA,NA,"Moore","MeanNDVI","892","W2.3"
36.9421865495885,NA,NA,NA,"Moore","MeanNDVI","893","W2.3"
38.6212266607081,1.87725056660366,34.9306034675313,42.3118498538848,"Moore","MeanNDVI","894","W2.3"
36.5527871423217,10.1691480615677,16.5605206018085,56.545053682835,"Moore","MeanNDVI","895","W2.3"
37.0972484849408,1.9322880564684,33.298423094251,40.8960738756305,"Moore","MeanNDVI","896","W2.3"
35.9569158116568,0.152316195494711,35.6576221447381,36.2562094785755,"No Name","MeanNDVI","599","W2.3"
36.0254870594951,0.155421809792183,35.7200910166071,36.330883102383,"No Name","MeanNDVI","600","W2.3"
35.963818761121,0.142589314824172,35.6836379257309,36.2439995965111,"No Name","MeanNDVI","601","W2.3"
36.6861511452695,0.312079608956635,36.0729304025126,37.2993718880264,"No Name","MeanNDVI","602","W2.3"
35.9831709565085,0.182171203804861,35.6252136991291,36.3411282138879,"No Name","MeanNDVI","603","W2.3"
35.9784638274862,0.222417272807741,35.5414250677635,36.4155025872088,"No Name","MeanNDVI","604","W2.3"
36.0148746214547,0.180375015513001,35.660446783771,36.3693024591384,"No Name","MeanNDVI","605","W2.3"
35.9468305769863,0.199832918257329,35.5541689385963,36.3394922153764,"No Name","MeanNDVI","606","W2.3"
36.3838290069558,0.165937811951101,36.0577695484852,36.7098884654264,"No Name","MeanNDVI","607","W2.3"
36.1742322065567,0.193789024356133,35.7934465158443,36.5550178972691,"No Name","MeanNDVI","608","W2.3"
36.8883319045704,0.199324822606231,36.4966686485918,37.279995160549,"No Name","MeanNDVI","609","W2.3"
36.4428193673254,0.175966242201872,36.0970545475605,36.7885841870902,"No Name","MeanNDVI","610","W2.3"
36.0620161720608,0.172799883809471,35.722473087358,36.4015592567635,"No Name","MeanNDVI","611","W2.3"
36.0427447089055,0.184393553651869,35.6804206457986,36.4050687720124,"No Name","MeanNDVI","612","W2.3"
36.0810071954387,0.153703373954262,35.7789877925832,36.3830265982943,"No Name","MeanNDVI","613","W2.3"
36.0132832680316,0.159740055705654,35.6994020890101,36.327164447053,"No Name","MeanNDVI","614","W2.3"
36.6547545394287,0.237579782029332,36.1879222113342,37.1215868675232,"No Name","MeanNDVI","615","W2.3"
36.3183094701926,0.156585371982567,36.010627086095,36.6259918542902,"No Name","MeanNDVI","616","W2.3"
35.858888051988,0.175038336067906,35.5149465211288,36.2028295828472,"No Name","MeanNDVI","617","W2.3"
36.3705578953825,0.199915102096443,35.9777347698802,36.7633810208849,"No Name","MeanNDVI","618","W2.3"
36.8692705545115,0.16948451999262,36.5362419930392,37.2022991159839,"No Name","MeanNDVI","619","W2.3"
36.6127415014357,0.150572032757835,36.3168750266126,36.9086079762588,"No Name","MeanNDVI","620","W2.3"
36.6128767626218,0.117643394982006,36.3817134056422,36.8440401196015,"No Name","MeanNDVI","621","W2.3"
36.3531087777864,0.159837342554377,36.0390364349981,36.6671811205748,"No Name","MeanNDVI","622","W2.3"
36.0850727065334,0.16879054465496,35.7534077717121,36.4167376413547,"No Name","MeanNDVI","623","W2.3"
36.244356256503,0.166706201722249,35.9167869507606,36.5719255622455,"No Name","MeanNDVI","624","W2.3"
35.9794785732205,0.18257355772781,35.6207307106096,36.3382264358313,"No Name","MeanNDVI","625","W2.3"
36.1472122573506,0.169077843504248,35.8149827947335,36.4794417199677,"No Name","MeanNDVI","626","W2.3"
35.9597363935495,0.177965072776572,35.6100439721904,36.3094288149086,"No Name","MeanNDVI","627","W2.3"
36.1183657549932,0.310088922027729,35.5090566119759,36.7276748980105,"No Name","MeanNDVI","628","W2.3"
36.4645185420893,0.191749533643504,36.0877403480981,36.8412967360806,"No Name","MeanNDVI","629","W2.3"
35.9153925090013,0.170730206517378,35.5799162361309,36.2508687818717,"No Name","MeanNDVI","630","W2.3"
36.0086759838753,0.221554845082875,35.5733318512762,36.4440201164745,"No Name","MeanNDVI","631","W2.3"
36.0454526240807,0.200325512323349,35.6518230631146,36.4390821850468,"No Name","MeanNDVI","632","W2.3"
35.9973401351169,0.188824507009752,35.6263094714143,36.3683707988195,"No Name","MeanNDVI","633","W2.3"
36.0265606624254,0.195027010798856,35.643342390589,36.4097789342618,"No Name","MeanNDVI","634","W2.3"
36.5599632790025,0.182284016861087,36.201784349639,36.9181422083661,"No Name","MeanNDVI","635","W2.3"
36.3969972455898,0.157581084223436,36.0873583369953,36.7066361541843,"No Name","MeanNDVI","636","W2.3"
36.0933548564043,0.163605716739335,35.7718778477859,36.4148318650226,"No Name","MeanNDVI","637","W2.3"
36.0218731212672,0.172298840932909,35.6833145606286,36.3604316819059,"No Name","MeanNDVI","638","W2.3"
36.1228205160808,0.231104149982458,35.6687124794159,36.5769285527458,"No Name","MeanNDVI","639","W2.3"
36.0005149203748,0.196170782595183,35.6150491944583,36.3859806462914,"No Name","MeanNDVI","640","W2.3"
36.117035257758,0.252048066026771,35.621773478957,36.612297036559,"No Name","MeanNDVI","641","W2.3"
35.8518872448423,0.174969359099871,35.5080812502577,36.195693239427,"No Name","MeanNDVI","642","W2.3"
36.0353037761042,0.178955978437887,35.6836642749354,36.386943277273,"No Name","MeanNDVI","643","W2.3"
36.0963772649079,0.188214310691209,35.7265456062955,36.4662089235204,"No Name","MeanNDVI","644","W2.3"
35.9854493874607,0.22215385233526,35.5489282357239,36.4219705391976,"No Name","MeanNDVI","645","W2.3"
36.1240339363908,0.187342142497746,35.755916044433,36.4921518283487,"No Name","MeanNDVI","646","W2.3"
36.0384688073562,0.181982043028385,35.6808832413932,36.3960543733193,"No Name","MeanNDVI","647","W2.3"
36.1712904550514,0.169303153978695,35.8386182686788,36.503962641424,"No Name","MeanNDVI","648","W2.3"
36.1391155467352,0.157846073286423,35.8289559479535,36.449275145517,"No Name","MeanNDVI","649","W2.3"
36.3366508135155,0.205564486067255,35.9327269325159,36.7405746945151,"No Name","MeanNDVI","650","W2.3"
36.0392678540447,0.176375389175763,35.6926990810448,36.3858366270447,"No Name","MeanNDVI","651","W2.3"
35.9975457581258,0.885242753588255,34.2578227334261,37.7372687828255,"North Direction","MeanNDVI","487","W2.3"
35.9529437409594,0.713513067098591,34.5507124250588,37.35517505686,"North Direction","MeanNDVI","488","W2.3"
35.9471908537056,0.825486245912733,34.324904285681,37.5694774217302,"North Direction","MeanNDVI","489","W2.3"
35.975314889417,0.901727291221783,34.2031956326597,37.7474341461743,"North Direction","MeanNDVI","490","W2.3"
35.9786580237497,0.737777946894408,34.5287401609655,37.4285758865339,"North Direction","MeanNDVI","491","W2.3"
36.0663238331155,0.312890488088776,35.4514159062998,36.6812317599312,"North Direction","MeanNDVI","492","W2.3"
35.7999392066544,0.619741958301204,34.5819915308798,37.0178868824289,"North Direction","MeanNDVI","493","W2.3"
35.7467599844936,0.549119453567223,34.6676031624704,36.8259168065169,"North Direction","MeanNDVI","494","W2.3"
36.2504554322029,1.14379372771757,34.0026151922783,38.4982956721276,"North Direction","MeanNDVI","495","W2.3"
36.1418523881843,1.19289764179216,33.7975106975873,38.4861940787812,"North Direction","MeanNDVI","496","W2.3"
36.1866134091194,1.03874481625314,34.1452205072312,38.2280063110076,"North Direction","MeanNDVI","497","W2.3"
35.8909734020583,0.322315500550492,35.257542972662,36.5244038314545,"North Direction","MeanNDVI","498","W2.3"
35.7442853700864,0.841743731455205,34.0900487840501,37.3985219561228,"North Direction","MeanNDVI","499","W2.3"
36.0093284038945,0.760036692300551,34.5156665491635,37.5029902586256,"North Direction","MeanNDVI","500","W2.3"
35.9983416377523,0.753780837235927,34.5169741000897,37.479709175415,"North Direction","MeanNDVI","501","W2.3"
36.2090632964188,1.28611161601174,33.6815328742381,38.7365937185996,"North Direction","MeanNDVI","502","W2.3"
36.1325339159137,0.966594253587537,34.2329348831146,38.0321329487128,"North Direction","MeanNDVI","503","W2.3"
36.1259231335574,1.71673236968841,32.752115419585,39.4997308475298,"North Direction","MeanNDVI","504","W2.3"
35.7718824889922,0.487066183035546,34.8146758360771,36.7290891419073,"North Direction","MeanNDVI","505","W2.3"
35.8662239212982,0.469183635901519,34.9441609381429,36.7882869044535,"North Direction","MeanNDVI","506","W2.3"
35.9862286559217,0.387978512700709,35.2237540139117,36.7487032979317,"North Direction","MeanNDVI","507","W2.3"
35.3754922005618,0.447384918442515,34.4962691395845,36.2547152615391,"North Direction","MeanNDVI","508","W2.3"
35.9942893153658,1.04529645724173,33.9400208032213,38.0485578275103,"North Direction","MeanNDVI","509","W2.3"
35.9609006968468,0.619206073534075,34.7440061684312,37.1777952252625,"North Direction","MeanNDVI","510","W2.3"
36.0215417328705,0.780101750790952,34.4884470286682,37.5546364370727,"North Direction","MeanNDVI","511","W2.3"
36.192941158185,0.914806960583297,34.3951170856001,37.9907652307699,"North Direction","MeanNDVI","512","W2.3"
36.2473120203649,0.636578118604849,34.9962770861982,37.4983469545317,"North Direction","MeanNDVI","513","W2.3"
35.7800626500875,0.570874302667141,34.6581521181643,36.9019731820108,"North Direction","MeanNDVI","514","W2.3"
35.9434720639599,0.716956761369417,34.5344730290481,37.3524710988717,"North Direction","MeanNDVI","515","W2.3"
36.0856296535966,0.567123505698239,34.9710903741589,37.2001689330342,"North Direction","MeanNDVI","516","W2.3"
35.8522783026903,0.606810238344127,34.6597446852258,37.0448119201547,"North Direction","MeanNDVI","517","W2.3"
35.8354345347848,0.62086280657141,34.615284112323,37.0555849572466,"North Direction","MeanNDVI","518","W2.3"
35.9949016853032,0.660190637755618,34.6974622557919,37.2923411148146,"North Direction","MeanNDVI","519","W2.3"
36.0649118991111,0.684607591048434,34.7194870603271,37.4103367378951,"North Direction","MeanNDVI","520","W2.3"
35.4996884965832,0.748940044752924,34.0278343247249,36.9715426684416,"North Direction","MeanNDVI","521","W2.3"
36.1164917627583,0.72313369993165,34.695353501408,37.5376300241086,"North Direction","MeanNDVI","522","W2.3"
36.1222155044476,0.887933458857519,34.3772045721196,37.8672264367756,"North Direction","MeanNDVI","523","W2.3"
34.173433626464,0.594254245550207,33.0055756696282,35.3412915832997,"North Direction","MeanNDVI","524","W2.3"
36.3568210176529,0.5257300889495,35.3236301366031,37.3900118987028,"North Direction","MeanNDVI","525","W2.3"
35.6985492604959,1.72130386299442,32.3157574208365,39.0813411001553,"North Direction","MeanNDVI","526","W2.3"
35.7773795058516,0.458161635559357,34.8769775051735,36.6777815065297,"North Direction","MeanNDVI","527","W2.3"
36.1160453874879,0.779741968084558,34.5836577461288,37.648433028847,"North Direction","MeanNDVI","528","W2.3"
36.1798171486639,0.368258147413056,35.4560979479239,36.9035363494039,"North Direction","MeanNDVI","529","W2.3"
36.8110059289077,10.3565989167247,16.4577033800045,57.1643084778109,"North Direction","MeanNDVI","530","W2.3"
37.3822503056519,2.27789403746513,32.9056198122183,41.8588807990854,"North Direction","MeanNDVI","531","W2.3"
36.0770691801267,0.569129366419815,34.9585878835785,37.1955504766749,"North Direction","MeanNDVI","532","W2.3"
36.0089408878861,0.828160159480066,34.3813994121198,37.6364823636524,"North Direction","MeanNDVI","533","W2.3"
36.1260097177666,0.422553223801416,35.2955871363576,36.9564322991757,"North Direction","MeanNDVI","534","W2.3"
34.4459487010112,0.95085783057369,32.5772756682642,36.3146217337582,"North Direction","MeanNDVI","535","W2.3"
36.0195657307689,1.2804711064375,33.5031203181378,38.5360111433999,"North Direction","MeanNDVI","536","W2.3"
32.8654974057393,25.5569276898022,-17.3602461683386,83.0912409798172,"North Direction","MeanNDVI","537","W2.3"
37.740399574151,2.6987430011874,32.4366957958575,43.0441033524444,"North Direction","MeanNDVI","538","W2.3"
36.8446991032383,0.59055243218692,35.6837596704366,38.00563853604,"Pelorus East","MeanNDVI","897","W2.3"
37.2392990478013,0.100543795199238,37.0416446987403,37.4369533968624,"Pelorus East","MeanNDVI","898","W2.3"
37.1072830153821,0.226555581665316,36.6619079832235,37.5526580475407,"Pelorus East","MeanNDVI","899","W2.3"
37.0206735605869,0.32741487244841,36.3770239613405,37.6643231598333,"Pelorus East","MeanNDVI","900","W2.3"
36.354844270953,1.57550025894517,33.2576419273348,39.4520466145712,"Pelorus East","MeanNDVI","901","W2.3"
36.0327743968744,0.544728627705887,34.9619178401791,37.1036309535697,"Pelorus East","MeanNDVI","902","W2.3"
36.8252009302259,0.583651241024394,35.6778282266716,37.9725736337802,"Pelorus East","MeanNDVI","903","W2.3"
36.6541280282737,0.432998952729116,35.8029156190325,37.5053404375149,"Pelorus East","MeanNDVI","904","W2.3"
35.320907961064,0.327341337237116,34.6774029212535,35.9644130008744,"Pelorus East","MeanNDVI","905","W2.3"
35.3165522452369,0.30310511117512,34.7206920698011,35.9124124206727,"Pelorus East","MeanNDVI","906","W2.3"
35.0735942218981,0.305840615601139,34.472356446128,35.6748319976683,"Pelorus East","MeanNDVI","907","W2.3"
35.8526205877011,0.357765550532602,35.1493060085482,36.5559351668541,"Pelorus East","MeanNDVI","908","W2.3"
36.1567060944832,0.304848238451001,35.5574191865836,36.7559930023829,"Pelorus East","MeanNDVI","909","W2.3"
36.7535922925335,0.351072775905119,36.0634347263,37.443749858767,"Pelorus East","MeanNDVI","910","W2.3"
35.3383333754671,0.401041270005272,34.5499450814661,36.1267216694681,"Pelorus East","MeanNDVI","911","W2.3"
36.6593931218054,0.342439764345873,35.9862067896177,37.3325794539931,"Pelorus East","MeanNDVI","912","W2.3"
36.045731890574,0.353337767587023,35.351121683025,36.740342098123,"Pelorus East","MeanNDVI","913","W2.3"
36.5034559054002,0.32682280006858,35.8609702335807,37.1459415772198,"Pelorus East","MeanNDVI","914","W2.3"
36.5192532235058,2.03809962602625,32.5126483991549,40.5258580478568,"Pelorus East","MeanNDVI","915","W2.3"
36.5384334393665,0.382168756228169,35.7871457383794,37.2897211403536,"Pelorus East","MeanNDVI","916","W2.3"
36.2914017041783,0.344539389799095,35.6140878164173,36.9687155919393,"Pelorus East","MeanNDVI","917","W2.3"
36.1775667933095,0.352193293636886,35.4852064536235,36.8699271329956,"Pelorus East","MeanNDVI","918","W2.3"
35.9976184306677,0.445880592409317,35.1210826078754,36.87415425346,"Pelorus East","MeanNDVI","919","W2.3"
36.9702920617672,0.406636523546461,36.1709043202684,37.7696798032659,"Pelorus East","MeanNDVI","920","W2.3"
35.9741452046002,0.765195423340963,34.4698832757039,37.4784071334966,"Pelorus East","MeanNDVI","921","W2.3"
36.2057891846188,0.383616180365109,35.4516560601519,36.9599223090856,"Pelorus East","MeanNDVI","922","W2.3"
36.2802647775785,0.464005746356913,35.3680975615406,37.1924319936164,"Pelorus East","MeanNDVI","923","W2.3"
36.6542254400251,NA,NA,NA,"Pelorus East","MeanNDVI","924","W2.3"
36.8113262223448,0.353574992757434,36.1162496649177,37.5064027797719,"Pelorus East","MeanNDVI","925","W2.3"
36.1716690181314,1.95235673072091,32.3336221453139,40.0097158909488,"Pelorus East","MeanNDVI","926","W2.3"
35.8828286256818,0.375392363324943,35.1448623188753,36.6207949324883,"Pelorus East","MeanNDVI","927","W2.3"
36.22013529936,0.457692030899458,35.3203799215308,37.1198906771892,"Pelorus East","MeanNDVI","928","W2.3"
36.3234665592617,2.4834546361181,31.4413591298384,41.2055739886849,"Pelorus East","MeanNDVI","929","W2.3"
36.5906708089783,0.543431688543867,35.522363844382,37.6589777735746,"Pelorus East","MeanNDVI","930","W2.3"
35.9688792915334,0.697519576382425,34.5976581480106,37.3401004350562,"Pelorus East","MeanNDVI","931","W2.3"
36.3326620151305,1.41278344757995,33.5553370480123,39.1099869822487,"Pelorus East","MeanNDVI","932","W2.3"
36.3059692111182,0.39303358430536,35.5333228522745,37.0786155699618,"Pelorus East","MeanNDVI","933","W2.3"
36.4712242730206,2.19713870983306,32.1519719449345,40.7904766011067,"Pelorus East","MeanNDVI","934","W2.3"
35.9608698652619,0.38613810603095,35.2017790049659,36.719960725558,"Pelorus East","MeanNDVI","935","W2.3"
35.5990541921968,0.37242660300012,34.8669181350374,36.3311902493562,"Pelorus East","MeanNDVI","936","W2.3"
35.1743637884456,0.373336629263515,34.4404387531761,35.9082888237151,"Pelorus East","MeanNDVI","937","W2.3"
37.0426037367088,0.401185182214678,36.2539325324197,37.831274940998,"Pelorus East","MeanNDVI","938","W2.3"
36.2406051029973,2.30968395459901,31.7001053369161,40.7811048690785,"Pelorus East","MeanNDVI","939","W2.3"
35.71579940085,0.357727678897146,35.0125592717756,36.4190395299244,"Pelorus East","MeanNDVI","940","W2.3"
37.1000509780389,0.378995805128806,36.3550008333615,37.8451011227163,"Pelorus East","MeanNDVI","941","W2.3"
34.8465280279163,0.90702444338152,33.0645555626705,36.6285004931622,"St Crispin","MeanNDVI","712","W2.3"
35.1189935752373,0.25400417238379,34.6199679485871,35.6180192018874,"St Crispin","MeanNDVI","713","W2.3"
34.351875878362,0.415164383887151,33.5362291711139,35.1675225856101,"St Crispin","MeanNDVI","714","W2.3"
34.824407063235,2.80250939574335,29.3184974780545,40.3303166484156,"St Crispin","MeanNDVI","715","W2.3"
34.5229395516829,5.19510812707965,24.3164454445149,44.7294336588508,"St Crispin","MeanNDVI","716","W2.3"
34.5665745147468,NA,NA,NA,"St Crispin","MeanNDVI","717","W2.3"
34.6998761999536,NA,NA,NA,"St Crispin","MeanNDVI","718","W2.3"
35.0507367829407,NA,NA,NA,"St Crispin","MeanNDVI","719","W2.3"
35.2645103542786,0.581423810294748,34.12222446756,36.4067962409973,"St Crispin","MeanNDVI","720","W2.3"
35.0371612160547,NA,NA,NA,"St Crispin","MeanNDVI","721","W2.3"
34.5868731267247,3.83701582576085,27.0485354335008,42.1252108199486,"St Crispin","MeanNDVI","722","W2.3"
34.8308378397523,2.92446697293895,29.0853260629478,40.5763496165567,"St Crispin","MeanNDVI","723","W2.3"
34.7395009321719,3.41602754445335,28.0282517821016,41.4507500822421,"St Crispin","MeanNDVI","724","W2.3"
34.5990273297593,3.98054665343412,26.7787038701164,42.4193507894022,"St Crispin","MeanNDVI","725","W2.3"
34.6708172380602,4.23613019677405,26.3483652634418,42.9932692126787,"St Crispin","MeanNDVI","726","W2.3"
34.679898603152,0.33953926878147,34.012827685435,35.346969520869,"St Crispin","MeanNDVI","727","W2.3"
34.7057152484304,0.359981220526076,33.9984833456257,35.412947151235,"St Crispin","MeanNDVI","728","W2.3"
34.9314251549085,2.22918473359042,30.5518895820909,39.3109607277262,"St Crispin","MeanNDVI","729","W2.3"
34.3982328882863,NA,NA,NA,"St Crispin","MeanNDVI","730","W2.3"
34.9089781242514,3.12986467269027,28.7599347248403,41.0580215236626,"St Crispin","MeanNDVI","731","W2.3"
35.4359457953663,0.694992764502936,34.0705383039517,36.8013532867809,"St Crispin","MeanNDVI","732","W2.3"
35.0214902415546,1.55954310448498,31.957556418343,38.0854240647661,"St Crispin","MeanNDVI","733","W2.3"
34.4732416134923,5.53560845625793,23.5977884551871,45.3486947717975,"St Crispin","MeanNDVI","734","W2.3"
34.5255394367897,4.70907708924475,25.2739191844516,43.7771596891277,"St Crispin","MeanNDVI","735","W2.3"
34.2128682531703,0.464248941092653,33.3007882799312,35.1249482264095,"St Crispin","MeanNDVI","736","W2.3"
34.1448327210482,0.395393689904098,33.3680282220269,34.9216372200694,"St Crispin","MeanNDVI","737","W2.3"
34.5715896264157,3.9992365830983,26.7145472665469,42.4286319862844,"St Crispin","MeanNDVI","738","W2.3"
34.5700306497111,5.30629985346521,24.1450853241355,44.9949759752867,"St Crispin","MeanNDVI","739","W2.3"
34.9114096100255,1.63470342487696,31.6998131495005,38.1230060705506,"St Crispin","MeanNDVI","740","W2.3"
34.3616434034296,0.613991567987029,33.1553737421986,35.5679130646605,"St Crispin","MeanNDVI","741","W2.3"
33.536935502823,0.545704632893692,32.4648247818061,34.6090462238398,"St Crispin","MeanNDVI","742","W2.3"
33.6763604155267,0.517762115569479,32.6591465573726,34.6935742736809,"St Crispin","MeanNDVI","743","W2.3"
35.3006510411763,0.705509318818248,33.9145823533012,36.6867197290514,"St Crispin","MeanNDVI","748","W2.3"
35.0723728424091,0.780831773151173,33.5383229831164,36.6064227017018,"St Crispin","MeanNDVI","749","W2.3"
34.9421071650694,2.84453477114951,29.3536330334074,40.5305812967314,"St Crispin","MeanNDVI","750","W2.3"
33.8146813443918,0.508334038557862,32.815990221493,34.8133724672905,"St Crispin","MeanNDVI","751","W2.3"
34.7732718548278,2.93845681136083,29.0002751441355,40.5462685655201,"St Crispin","MeanNDVI","752","W2.3"
34.778330376664,4.63405572519765,25.6740997630646,43.8825609902634,"St Crispin","MeanNDVI","753","W2.3"
34.715305657938,3.72959631149819,27.3880081610869,42.0426031547891,"St Crispin","MeanNDVI","754","W2.3"
34.4105851076319,0.351329577271655,33.7203505307218,35.100819684542,"St Crispin","MeanNDVI","755","W2.3"
34.5647494534628,4.59331815829965,25.5405533119695,43.5889455949561,"St Crispin","MeanNDVI","756","W2.3"
33.6676732630279,0.400198728419174,32.8814286145258,34.4539179115301,"St Crispin","MeanNDVI","757","W2.3"
33.6805933120508,0.369856682705651,32.9539597251857,34.4072268989159,"St Crispin","MeanNDVI","758","W2.3"
34.6854174040311,3.95952132311839,26.9064010557552,42.464433752307,"St Crispin","MeanNDVI","759","W2.3"
34.6043811153171,0.437136518289423,33.7455671717357,35.4631950588985,"St Crispin","MeanNDVI","760","W2.3"
34.141686049884,0.597813768944356,32.9671998677563,35.3161722320117,"St Crispin","MeanNDVI","761","W2.3"
34.7024245101955,3.94130333298005,26.959199872976,42.445649147415,"St Crispin","MeanNDVI","762","W2.3"
34.7484241216584,0.34575444844094,34.0691426410392,35.4277056022776,"St Crispin","MeanNDVI","763","W2.3"
34.6806349270071,4.62330031607353,25.5975347725165,43.7637350814976,"St Crispin","MeanNDVI","764","W2.3"
34.5150181995585,0.373986032345934,33.780271945596,35.249764453521,"St Crispin","MeanNDVI","765","W2.3"
34.3544294894294,7.41092140306877,19.7946698503888,48.91418912847,"St Crispin","MeanNDVI","766","W2.3"
34.6528086451865,4.25663673481733,26.2900687969421,43.015548493431,"St Crispin","MeanNDVI","767","W2.3"
35.0744832368045,0.465273376842916,34.1603906206728,35.9885758529362,"St Crispin","MeanNDVI","768","W2.3"
34.1783273521929,NA,NA,NA,"St Crispin","MeanNDVI","769","W2.3"
33.8353420874055,0.475180537986573,32.9017855103016,34.7688986645093,"St Crispin","MeanNDVI","770","W2.3"
34.3982589319237,0.414746903170984,33.5834324221316,35.2130854417158,"St Crispin","MeanNDVI","771","W2.3"
