Reef.name;Site name;Collection date;Genotype;Depth;Time;Health Chart;Tide_adjust;Depth_corrected;Lat;Lon;eventID
Hicks;Hicks;28/02/2022;426;5.6;28/02/2022 09:36;C3;2.39257707424552;3,2;-14,475094;145,502542;Aspat_426
Hicks;Hicks;28/02/2022;427;5.8;28/02/2022 09:37;C3;2.38726616181098;3,4;-14,475117;145,502517;Aspat_427
Hicks;Hicks;28/02/2022;428;4.4;28/02/2022 09:48;C3;2.32560812841974;2,1;-14,47508;145,502557;Aspat_428
Hicks;Hicks;28/02/2022;429;6.3;28/02/2022 09:50;C4;2.31378320676098;4;-14,475055;145,502585;Aspat_429
Hicks;Hicks;28/02/2022;430;6.4;28/02/2022 09:52;C3;2.3017772286985;4,1;-14,47508;145,50259;Aspat_430
Hicks;Hicks;28/02/2022;431;5.4;28/02/2022 09:54;C3;2.28959349389019;3,1;-14,475049;145,502616;Aspat_431
Hicks;Hicks;28/02/2022;432;4.5;28/02/2022 09:57;C4;2.27099193578065;2,2;-14,475019;145,502648;Aspat_432
Hicks;Hicks;28/02/2022;433;4.7;28/02/2022 09:59;C3;2.25837856344546;2,4;-14,475007;145,502672;Aspat_433
Hicks;Hicks;28/02/2022;434;4.4;28/02/2022 10:01;C3;2.24559936181825;2,2;-14,474992;145,502678;Aspat_434
Hicks;Hicks;28/02/2022;435;5.2;28/02/2022 10:02;C4;2.23914867081816;3;-14,474981;145,502698;Aspat_435
Hicks;Hicks;28/02/2022;436;4.4;28/02/2022 10:06;C3;2.21294901273299;2,2;-14,474986;145,502689;Aspat_436
Hicks;Hicks;28/02/2022;437;4.4;28/02/2022 10:12;C3;2.1725087123531;2,2;-14,47497;145,502715;Aspat_437
Hicks;Hicks;28/02/2022;438;4.4;28/02/2022 10:13;C4;2.16564148589455;2,2;-14,474966;145,502713;Aspat_438
Hicks;Hicks;28/02/2022;439;3.8;28/02/2022 10:15;C3;2.15180224897362;1,6;-14,474964;145,502743;Aspat_439
Hicks;Hicks;28/02/2022;440;2.2;28/02/2022 12:29;B4/B5;1.12386397793083;1,1;-14,474921;145,50275;Aspat_440
Hicks;Hicks;28/02/2022;441;3;28/02/2022 12:33;D3;1.09705098726701;1,9;-14,474892;145,502861;Aspat_441
Hicks;Hicks;28/02/2022;442;3.1;28/02/2022 12:36;C4;1.07734215693454;2;-14,47489;145,502862;Aspat_442
Hicks;Hicks;28/02/2022;443;3.8;28/02/2022 12:39;C3;1.05799052716012;2,7;-14,474887;145,502864;Aspat_443
Hicks;Hicks;28/02/2022;444;4.3;28/02/2022 12:43;C2;1.03276464915235;3,3;-14,474895;145,502881;Aspat_444
Hicks;Hicks;28/02/2022;445;2.2;28/02/2022 12:45;C4;1.02040650610981;1,2;-14,474842;145,502893;Aspat_445
Hicks;Hicks;28/02/2022;446;2.2;28/02/2022 12:48;B4/B5;1.00219735529271;1,2;-14,474864;145,50289;Aspat_446
Hicks;Hicks;28/02/2022;447;3;28/02/2022 12:51;B4/B5;0.984391871580256;2;-14,474907;145,502798;Aspat_447
Hicks;Hicks;28/02/2022;448;2.9;28/02/2022 12:53;C6;0.972751256222559;1,9;-14,474994;145,502743;Aspat_448
Hicks;Hicks;28/02/2022;449;3.5;28/02/2022 12:57;C5;0.950035689851717;2,5;-14,474852;145,502929;Aspat_449
Hicks;Hicks;28/02/2022;450;3.5;28/02/2022 13:00;C2;0.933506236327389;2,6;-14,474892;145,502936;Aspat_450
Hicks;Hicks;28/02/2022;451;3.1;28/02/2022 13:04;C3;0.91216269211121;2,2;-14,474847;145,502957;Aspat_451
Hicks;Hicks;28/02/2022;452;2.6;28/02/2022 13:06;C4/C5;0.901795703410426;1,7;-14,474843;145,502958;Aspat_452
Hicks;Hicks;28/02/2022;453;3.3;28/02/2022 13:09;C6;0.8866342325459;2,4;-14,474845;145,502953;Aspat_453
Hicks;Hicks;28/02/2022;454;3.1;28/02/2022 13:13;B4/B5;0.867159602286686;2,2;-14,474847;145,502942;Aspat_454
Hicks;Hicks;28/02/2022;455;3.5;28/02/2022 13:17;C3;0.848551015647346;2,7;-14,474828;145,502991;Aspat_455
Hicks;Hicks;28/02/2022;456;3.9;28/02/2022 13:19;C2;0.839577918909666;3,1;-14,474808;145,50302;Aspat_456
Hicks;Hicks;28/02/2022;457;4;28/02/2022 13:22;B5;0.82653922673344;3,2;-14,474835;145,502969;Aspat_457
Hicks;Hicks;28/02/2022;458;4;28/02/2022 13:25;C5;0.814012821638724;3,2;-14,474766;145,503105;Aspat_458
Hicks;Hicks;28/02/2022;459;5;28/02/2022 13:30;C5;0.794294788179355;4,2;-14,474748;145,503075;Aspat_459
Hicks;Hicks;28/02/2022;460;5.5;28/02/2022 13:32;D5;0.786819678456659;4,7;-14,474749;145,503085;Aspat_460
Hicks;Hicks;28/02/2022;461;2.5;28/02/2022 13:37;B3;0.769180137798058;1,7;-14,474809;145,503184;Aspat_461
Hicks;Hicks;28/02/2022;462;2.7;28/02/2022 13:39;D4;0.762548705364837;1,9;-14,474723;145,503195;Aspat_462
Hicks;Hicks;28/02/2022;463;2.5;28/02/2022 13:41;D3;0.756162549405343;1,7;-14,474719;145,503195;Aspat_463
Hicks;Hicks;28/02/2022;464;3.3;28/02/2022 13:43;B4/B5;0.750023425056047;2,5;-14,474705;145,503209;Aspat_464
Hicks;Hicks;28/02/2022;465;3.4;28/02/2022 13:46;E3;0.741281594967744;2,7;-14,474696;145,503218;Aspat_465
Hicks;Hicks;28/02/2022;466;2.9;28/02/2022 13:47;B3;0.738492951806074;2,2;-14,474672;145,503206;Aspat_466
Hicks;Hicks;28/02/2022;467;1.9;28/02/2022 13:51;D4;0.72796996063491;1,2;-14,474653;145,503232;Aspat_467
Hicks;Hicks;28/02/2022;468;2.1;28/02/2022 13:51;B3;0.72796996063491;1,4;-14,47463;145,503245;Aspat_468
Hicks;Hicks;28/02/2022;469;3.5;28/02/2022 13:58;E5;0.712013141382049;2,8;-14,47459;145,503324;Aspat_469
Hicks;Hicks;28/02/2022;470;3.2;28/02/2022 13:59;B5;0.709991574455507;2,5;-14,474526;145,503397;Aspat_470
Hicks;Hicks;28/02/2022;471;5.3;28/02/2022 12:31;C4;1.11038264275852;4,2;-14,475238;145,502408;Aspat_471
Hicks;Hicks;28/02/2022;472;3.4;28/02/2022 12:38;C4;1.06440063818175;2,3;-14,47519;145,50252;Aspat_472
Hicks;Hicks;28/02/2022;473;2.9;28/02/2022 12:45;C3;1.02040650610981;1,9;-14,475204;145,502346;Aspat_473
Hicks;Hicks;28/02/2022;474;2.4;28/02/2022 12:48;C3;1.00219735529271;1,4;-14,475189;145,502344;Aspat_474
Hicks;Hicks;28/02/2022;475;2.2;28/02/2022 12:52;C3;0.978548324463481;1,2;-14,475177;145,502318;Aspat_475
Hicks;Hicks;28/02/2022;476;1.7;28/02/2022 12:54;C3;0.967001065173032;0,7;-14,475156;145,502336;Aspat_476
Hicks;Hicks;28/02/2022;477;2;28/02/2022 12:58;C3;0.944476925898845;1,1;-14,475121;145,502382;Aspat_477
Hicks;Hicks;28/02/2022;478;1.8;28/02/2022 13:02;C3;0.922733838189017;0,9;-14,475097;145,50239;Aspat_478
Hicks;Hicks;28/02/2022;479;1.8;28/02/2022 13:05;C3;0.906953498688937;0,9;-14,475095;145,50239;Aspat_479
Hicks;Hicks;28/02/2022;480;1.8;28/02/2022 13:09;C3;0.8866342325459;0,9;-14,475091;145,50239;Aspat_480
Hicks;Hicks;28/02/2022;481;1.6;28/02/2022 13:13;C3;0.867159602286686;0,7;-14,475091;145,502401;Aspat_481
Hicks;Hicks;28/02/2022;482;1.9;28/02/2022 13:16;C4;0.853120835560486;1;-14,475091;145,502397;Aspat_482
Hicks;Hicks;28/02/2022;483;1.6;28/02/2022 13:17;C3;0.848551015647346;0,8;-14,475075;145,502415;Aspat_483
Hicks;Hicks;28/02/2022;484;1.6;28/02/2022 13:20;C3;0.835175258625027;0,8;-14,47505;145,502455;Aspat_484
Hicks;Hicks;28/02/2022;485;2.4;28/02/2022 13:26;C3/C4;0.809952542851079;1,6;-14,475059;145,502503;Aspat_485
Hicks;Hicks;28/02/2022;486;1.9;28/02/2022 13:29;C4;0.798121180820345;1,1;-14,47505;145,502527;Aspat_486
North Direction;North Direction ;01/03/2022;487;2.5;01/03/2022 08:49;D3/D4;2.89751109377966;-0,4;-14,743066;145,513041;Aspat_487
North Direction;North Direction ;01/03/2022;488;2.7;01/03/2022 08:55;D3;2.88782936143853;-0,2;-14,743046;145,513023;Aspat_488
North Direction;North Direction ;01/03/2022;489;2.6;01/03/2022 09:00;C4;2.87767819012394;-0,3;-14,743032;145,513015;Aspat_489
North Direction;North Direction ;01/03/2022;490;2.5;01/03/2022 09:02;D5;2.87309154023981;-0,4;-14,743023;145,513008;Aspat_490
North Direction;North Direction ;01/03/2022;491;2.6;01/03/2022 09:05;D3;2.86565165403464;-0,3;-14,743038;145,512998;Aspat_491
North Direction;North Direction ;01/03/2022;492;2.8;01/03/2022 09:07;D5;2.86032043313382;-0,1;-14,743062;145,512984;Aspat_492
North Direction;North Direction ;01/03/2022;493;2.7;01/03/2022 09:10;E5;2.85177030030579;-0,2;-14,743056;145,512981;Aspat_493
North Direction;North Direction ;01/03/2022;494;2.8;01/03/2022 09:13;C3/C4;2.84256091083126;0;-14,74306;145,512953;Aspat_494
North Direction;North Direction ;01/03/2022;495;2.7;01/03/2022 09:16;D2/D3;2.83269792949795;-0,1;-14,74306;145,512942;Aspat_495
North Direction;North Direction ;01/03/2022;496;2.5;01/03/2022 09:19;D5;2.82218742312444;-0,3;-14,743054;145,512918;Aspat_496
North Direction;North Direction ;01/03/2022;497;2.5;01/03/2022 09:22;C2/C3;2.8110358568285;-0,3;-14,74305;145,512921;Aspat_497
North Direction;North Direction ;01/03/2022;498;2.5;01/03/2022 09:25;D4/D5;2.79925009005024;-0,3;-14,743048;145,51292;Aspat_498
North Direction;North Direction ;01/03/2022;499;2.2;01/03/2022 09:26;E5;2.79518180953794;-0,6;-14,743046;145,512901;Aspat_499
North Direction;North Direction ;01/03/2022;500;2.3;01/03/2022 09:32;B6;2.76932507660849;-0,5;-14,74304;145,5129;Aspat_500
North Direction;North Direction ;01/03/2022;501;2.2;01/03/2022 09:34;B5;2.76016200577599;-0,6;-14,743037;145,512892;Aspat_501
North Direction;North Direction ;01/03/2022;502;2.1;01/03/2022 09:39;E5;2.73608763523566;-0,6;-14,743027;145,512894;Aspat_502
North Direction;North Direction ;01/03/2022;503;2.2;01/03/2022 09:42;D3/D4;2.7208562029528;-0,5;-14,743039;145,512869;Aspat_503
North Direction;North Direction ;01/03/2022;504;2.1;01/03/2022 09:44;D4;2.71037980500851;-0,6;-14,743048;145,512853;Aspat_504
North Direction;North Direction ;01/03/2022;505;2.1;01/03/2022 09:47;D4;2.69418920364369;-0,6;-14,743058;145,51286;Aspat_505
North Direction;North Direction ;01/03/2022;506;2;01/03/2022 09:50;D3;2.67743627534325;-0,7;-14,743062;145,512844;Aspat_506
North Direction;North Direction ;01/03/2022;507;2.1;01/03/2022 09:53;D3/D4;2.66013132500119;-0,6;-14,743045;145,512839;Aspat_507
North Direction;North Direction ;01/03/2022;508;2.1;01/03/2022 09:56;D3/D4;2.64228499706578;-0,5;-14,743032;145,51283;Aspat_508
North Direction;North Direction ;01/03/2022;509;2.3;01/03/2022 10:00;D3/D4;2.6176667707319;-0,3;-14,743068;145,512805;Aspat_509
North Direction;North Direction ;01/03/2022;510;2.3;01/03/2022 10:02;D3/D4;2.60501244448962;-0,3;-14,743065;145,512805;Aspat_510
North Direction;North Direction ;01/03/2022;511;1.9;01/03/2022 11:35;D3;1.83602964278074;0,1;-14,743092;145,512784;Aspat_511
North Direction;North Direction ;01/03/2022;512;1.6;01/03/2022 11:37;D3;1.81736160732856;-0,2;-14,743105;145,512795;Aspat_512
North Direction;North Direction ;01/03/2022;513;1.6;01/03/2022 11:39;D3;1.79868335758598;-0,2;-14,743101;145,512791;Aspat_513
North Direction;North Direction ;01/03/2022;514;1.6;01/03/2022 11:41;D3;1.78;-0,2;-14,743095;145,512795;Aspat_514
North Direction;North Direction ;01/03/2022;515;1.4;01/03/2022 11:43;D3/D4;1.76131664241401;-0,4;-14,743104;145,512806;Aspat_515
North Direction;North Direction ;01/03/2022;516;1.6;01/03/2022 11:47;D3;1.72397035721926;-0,1;-14,743098;145,512783;Aspat_516
North Direction;North Direction ;01/03/2022;517;1.6;01/03/2022 11:48;C3;1.71464176489133;-0,1;-14,743088;145,51276;Aspat_517
North Direction;North Direction ;01/03/2022;518;1.6;01/03/2022 11:54;E3/E4;1.65878631312343;-0,1;-14,743077;145,512762;Aspat_518
North Direction;North Direction ;01/03/2022;519;1.6;01/03/2022 11:55;E3;1.64950236022437;0;-14,743071;145,512765;Aspat_519
North Direction;North Direction ;01/03/2022;520;1.5;01/03/2022 11:58;C4;1.62170655266111;-0,1;-14,74307;145,512767;Aspat_520
North Direction;North Direction ;01/03/2022;521;1.5;01/03/2022 12:00;C2/C3;1.60322905450454;-0,1;-14,743059;145,512738;Aspat_521
North Direction;North Direction ;01/03/2022;522;1.5;01/03/2022 12:05;C3;1.55725775897983;-0,1;-14,743048;145,512718;Aspat_522
North Direction;North Direction ;01/03/2022;523;1.5;01/03/2022 12:06;C4;1.54810666331893;0;-14,743031;145,512716;Aspat_523
North Direction;North Direction ;01/03/2022;524;1.5;01/03/2022 12:10;C3/C4;1.51166701483749;0;-14,743017;145,512709;Aspat_524
North Direction;North Direction ;01/03/2022;525;1.4;01/03/2022 12:12;C4;1.49355474405017;-0,1;-14,743028;145,512697;Aspat_525
North Direction;North Direction ;01/03/2022;526;1.5;01/03/2022 12:15;C4;1.46653471309912;0;-14,743028;145,512676;Aspat_526
North Direction;North Direction ;01/03/2022;527;1.5;01/03/2022 12:18;C3/C4;1.43970749778568;0,1;-14,743014;145,512681;Aspat_527
North Direction;North Direction ;01/03/2022;528;1.4;01/03/2022 12:22;C2/C3;1.40426631589072;0;-14,742999;145,512669;Aspat_528
North Direction;North Direction ;01/03/2022;529;1.3;01/03/2022 12:25;C3/C4;1.37795295297756;-0,1;-14,742997;145,51267;Aspat_529
North Direction;North Direction ;01/03/2022;530;1.3;01/03/2022 12:26;C3;1.36923599326287;-0,1;-14,742995;145,51267;Aspat_530
North Direction;North Direction ;01/03/2022;531;1.3;01/03/2022 12:31;C2/C3;1.32608417014214;0;-14,742986;145,512671;Aspat_531
North Direction;North Direction ;01/03/2022;532;1.3;01/03/2022 12:35;C3;1.2921175818575;0;-14,74299;145,512689;Aspat_532
North Direction;North Direction ;01/03/2022;533;1.3;01/03/2022 12:37;C3/C4;1.27533204825633;0;-14,742997;145,512697;Aspat_533
North Direction;North Direction ;01/03/2022;534;1.2;01/03/2022 12:41;C3/C4;1.24217944586811;0;-14,742994;145,512701;Aspat_534
North Direction;North Direction ;01/03/2022;535;1.2;01/03/2022 12:46;C3/C4;1.20156989452875;0;-14,742995;145,512713;Aspat_535
North Direction;North Direction ;01/03/2022;536;1.1;01/03/2022 12:47;C4;1.19356438162723;-0,1;-14,742985;145,512732;Aspat_536
North Direction;North Direction ;01/03/2022;537;1.1;01/03/2022 12:51;C3;1.16194858132166;-0,1;-14,742987;145,512719;Aspat_537
North Direction;North Direction ;01/03/2022;538;0.9;01/03/2022 12:53;C4;1.14639198519261;-0,2;-14,742969;145,512715;Aspat_538
Martin;Martin;02/03/2022;539;4.1;02/03/2022 09:31;C2/C3;2.86896216877286;1,2;-14,780084;145,358902;Aspat_539
Martin;Martin;02/03/2022;540;4;02/03/2022 09:40;C2/C3;2.84939245792825;1,2;-14,780096;145,358857;Aspat_540
Martin;Martin;02/03/2022;541;4;02/03/2022 09:42;D4;2.84419275408126;1,2;-14,780078;145,358833;Aspat_541
Martin;Martin;02/03/2022;542;3.9;02/03/2022 09:45;D2/D3;2.83581905876262;1,1;-14,780076;145,35883;Aspat_542
Martin;Martin;02/03/2022;543;3.8;02/03/2022 09:47;C2;2.82985608482304;1;-14,780058;145,358815;Aspat_543
Martin;Martin;02/03/2022;544;3;02/03/2022 09:49;C3;2.82359061241939;0,2;-14,78004;145,358834;Aspat_544
Martin;Martin;02/03/2022;545;3.3;02/03/2022 09:59;C2/C3;2.78778925941998;0,5;-14,780114;145,358814;Aspat_545
Martin;Martin;02/03/2022;546;2.7;02/03/2022 10:04;C2/C3;2.76714569957354;-0,1;-14,779999;145,358772;Aspat_546
Martin;Martin;02/03/2022;547;2.5;02/03/2022 10:15;C2;2.71551156938655;-0,2;-14,780018;145,358709;Aspat_547
Martin;Martin;02/03/2022;548;2.8;02/03/2022 10:17;C2;2.70522994123914;0,1;-14,779949;145,358759;Aspat_548
Martin;Martin;02/03/2022;549;3.3;02/03/2022 10:08;C3;2.74934591724261;0,6;-14,779982;145,358715;Aspat_549
Martin;Martin;02/03/2022;550;3.3;02/03/2022 10:19;C2;2.69468024766187;0,6;-14,780038;145,3587;Aspat_550
Martin;Martin;02/03/2022;551;2.9;02/03/2022 10:21;C2;2.6838654034361;0,2;-14,780039;145,358655;Aspat_551
Martin;Martin;02/03/2022;552;2.8;02/03/2022 10:30;D4;2.63199917133786;0,2;-14,780026;145,358649;Aspat_552
Martin;Martin;02/03/2022;553;2.9;02/03/2022 10:32;D4;2.61978133180242;0,3;-14,780017;145,358635;Aspat_553
Martin;Martin;02/03/2022;554;3.1;02/03/2022 10:25;C2;2.66145228763208;0,4;-14,780013;145,358643;Aspat_554
Martin;Martin;02/03/2022;555;3.8;02/03/2022 10:28;C2;2.6439691784181;1,2;-14,780008;145,35864;Aspat_555
Martin;Martin;02/03/2022;556;2.5;02/03/2022 10:39;D4;2.57511655601687;-0,1;-14,779961;145,358646;Aspat_556
Martin;Martin;02/03/2022;557;2.6;02/03/2022 10:42;D4;2.55509513973493;0;-14,779979;145,358622;Aspat_557
Martin;Martin;02/03/2022;558;2.5;02/03/2022 10:45;D4;2.53456392279203;0;-14,779981;145,358601;Aspat_558
Martin;Martin;02/03/2022;559;2.8;02/03/2022 10:48;C3;2.51353566813174;0,3;-14,780057;145,358544;Aspat_559
Martin;Martin;02/03/2022;560;3.2;02/03/2022 10:52;E3;2.48474746240188;0,7;-14,78007;145,358492;Aspat_560
Martin;Martin;02/03/2022;561;2.5;02/03/2022 10:56;E2;2.45513072114684;0;-14,780039;145,358513;Aspat_561
Martin;Martin;02/03/2022;562;1.9;02/03/2022 13:44;C3;0.970752857575628;0,9;-14,780029;145,358953;Aspat_562
Martin;Martin;02/03/2022;563;1.3;02/03/2022 13:48;D3/D4;0.942390908261613;0,4;-14,779994;145,358974;Aspat_563
Martin;Martin;02/03/2022;564;1.3;02/03/2022 13:51;D2/D3;0.921692578551534;0,4;-14,779973;145,359;Aspat_564
Martin;Martin;02/03/2022;565;1.8;02/03/2022 13:54;D2/D3;0.901499830012366;0,9;-14,779959;145,359026;Aspat_565
Martin;Martin;02/03/2022;566;1.6;02/03/2022 13:55;D3/D4;0.894883443983129;0,7;-14,779941;145,359033;Aspat_566
Martin;Martin;02/03/2022;567;1.7;02/03/2022 13:56;D2/D3;0.888325088036551;0,8;-14,779934;145,359128;Aspat_567
Martin;Martin;02/03/2022;568;1.3;02/03/2022 13:59;C4;0.869002710572267;0,4;-14,77992;145,359144;Aspat_568
Martin;Martin;02/03/2022;569;3.8;02/03/2022 09:40;C3;2.84939245792825;1;-14,7799;145,359159;Aspat_569
Martin;Martin;02/03/2022;570;3.6;02/03/2022 09:44;C3/C4;2.83868659068299;0,8;-14,779861;145,359173;Aspat_570
Martin;Martin;02/03/2022;571;3.4;02/03/2022 09:47;B3/4;2.82985608482304;0,6;-14,779832;145,359245;Aspat_571
Martin;Martin;02/03/2022;572;3.3;02/03/2022 09:49;D3/D4;2.82359061241939;0,5;-14,779848;145,359258;Aspat_572
Martin;Martin;02/03/2022;573;3.1;02/03/2022 09:51;C2/C3;2.81702437264291;0,3;-14,779941;145,359297;Aspat_573
Martin;Martin;02/03/2022;574;3.3;02/03/2022 09:55;D3/D4;2.80299693033122;0,5;-14,779897;145,359313;Aspat_574
Martin;Martin;02/03/2022;575;3.3;02/03/2022 09:58;D3/D4;2.79170092663255;0,5;-14,779902;145,359313;Aspat_575
Martin;Martin;02/03/2022;576;3.1;02/03/2022 10:00;D4;2.78380487200293;0,3;-14,779885;145,359329;Aspat_576
Martin;Martin;02/03/2022;577;2.6;02/03/2022 10:02;C3;2.77561904242729;-0,2;-14,779871;145,359357;Aspat_577
Martin;Martin;02/03/2022;578;2.9;02/03/2022 10:07;D3/D4;2.75390174062631;0,1;-14,779905;145,359415;Aspat_578
Martin;Martin;02/03/2022;579;3;02/03/2022 10:09;D2/D3;2.74472002908398;0,3;-14,779903;145,359425;Aspat_579
Martin;Martin;02/03/2022;580;3.5;02/03/2022 10:12;B4;2.7304251953028;0,8;-14,779884;145,359423;Aspat_580
Martin;Martin;02/03/2022;581;3.4;02/03/2022 10:16;D3;2.71040444278159;0,7;-14,77984;145,359423;Aspat_581
Martin;Martin;02/03/2022;582;3.2;02/03/2022 10:19;D3;2.69468024766187;0,5;-14,779821;145,359473;Aspat_582
Martin;Martin;02/03/2022;583;3.6;02/03/2022 10:22;D3/D4;2.67835948075329;0,9;-14,779762;145,359547;Aspat_583
Martin;Martin;02/03/2022;584;3.3;02/03/2022 10:24;E4;2.66715253579788;0,6;-14,779761;145,359572;Aspat_584
Martin;Martin;02/03/2022;585;3.7;02/03/2022 10:27;C5/C6;2.64986020858744;1,1;-14,779699;145,359733;Aspat_585
Martin;Martin;02/03/2022;586;3.7;02/03/2022 10:30;D4;2.63199917133786;1,1;-14,780121;145,358541;Aspat_586
Martin;Martin;02/03/2022;587;3.5;02/03/2022 10:33;C4;2.61358052711288;0,9;-14,7801;145,358501;Aspat_587
Martin;Martin;02/03/2022;588;3.5;02/03/2022 10:36;C4;2.59461572560477;0,9;-14,780056;145,358422;Aspat_588
Martin;Martin;02/03/2022;589;3.4;02/03/2022 10:39;D4/D5;2.57511655601687;0,8;-14,780109;145,358393;Aspat_589
Martin;Martin;02/03/2022;590;3.4;02/03/2022 10:43;C4;2.54830742144847;0,9;-14,780139;145,358351;Aspat_590
Martin;Martin;02/03/2022;591;3.3;02/03/2022 10:44;C3;2.54146352488941;0,8;-14,780142;145,358348;Aspat_591
Martin;Martin;02/03/2022;592;3.3;02/03/2022 10:51;C3/C4;2.49202344767412;0,8;-14,780162;145,358309;Aspat_592
Martin;Martin;02/03/2022;593;1.6;02/03/2022 14:03;C2/C3;0.844078978758596;0,8;-14,780093;145,358165;Aspat_593
Martin;Martin;02/03/2022;594;1.2;02/03/2022 14:05;C3;0.831984637749426;0,4;-14,780077;145,358147;Aspat_594
Martin;Martin;02/03/2022;595;1.5;02/03/2022 14:07;C2/C3;0.820139791412565;0,7;-14,780078;145,358134;Aspat_595
Martin;Martin;02/03/2022;596;1.4;02/03/2022 14:12;C2;0.791640519246707;0,6;-14,780086;145,358066;Aspat_596
Martin;Martin;02/03/2022;597;1.2;02/03/2022 14:15;C3;0.775319752338126;0,4;-14,78007;145,358059;Aspat_597
Martin;Martin;02/03/2022;598;1;02/03/2022 14:18;C2/C3;0.759595557218415;0,2;-14,780034;145,357997;Aspat_598
No Name;No Name;03/03/2022;599;4.5;03/03/2022 09:08;C4;2.45137097657693;2;-14,651159;145,638351;Aspat_599
No Name;No Name;03/03/2022;600;4.9;03/03/2022 09:11;C4;2.45957513456727;2,4;-14,651118;145,638346;Aspat_600
No Name;No Name;03/03/2022;601;5.4;03/03/2022 09:12;D3/D4;2.46217560085631;2,9;-14,651131;145,638398;Aspat_601
No Name;No Name;03/03/2022;602;3.8;03/03/2022 09:20;D3;2.48054031646366;1,3;-14,651076;145,638429;Aspat_602
No Name;No Name;03/03/2022;603;4.4;03/03/2022 09:24;C4;2.4880821930823;1,9;-14,651058;145,638442;Aspat_603
No Name;No Name;03/03/2022;604;4.2;03/03/2022 09:25;C4;2.48979543193777;1,7;-14,651071;145,638462;Aspat_604
No Name;No Name;03/03/2022;605;3.5;03/03/2022 09:27;C3/C4;2.49301447485881;1;-14,651021;145,638478;Aspat_605
No Name;No Name;03/03/2022;606;5.5;03/03/2022 09:26;C4;2.49143955983879;3;-14,651033;145,638499;Aspat_606
No Name;No Name;03/03/2022;607;3.1;03/03/2022 09:35;C4;2.50311131875587;0,6;-14,650986;145,638495;Aspat_607
No Name;No Name;03/03/2022;608;2.9;03/03/2022 09:42;D3;2.50827652115181;0,4;-14,650954;145,638451;Aspat_608
No Name;No Name;03/03/2022;609;2.9;03/03/2022 09:42;D3;2.50827652115181;0,4;-14,650948;145,638461;Aspat_609
No Name;No Name;03/03/2022;610;2.6;03/03/2022 09:43;C3/C4;2.50873368559454;0,1;-14,650922;145,638477;Aspat_610
No Name;No Name;03/03/2022;611;2.8;03/03/2022 09:44;C3/C4;2.50912056501918;0,3;-14,65089;145,638455;Aspat_611
No Name;No Name;03/03/2022;612;2.7;03/03/2022 09:44;C3/C4;2.50912056501918;0,2;-14,650928;145,638471;Aspat_612
No Name;No Name;03/03/2022;613;2.8;03/03/2022 09:45;C3;2.5094371354414;0,3;-14,650919;145,638458;Aspat_613
No Name;No Name;03/03/2022;614;2.6;03/03/2022 09:46;C3/C4;2.50968337723565;0,1;-14,650953;145,63847;Aspat_614
No Name;No Name;03/03/2022;615;2.8;03/03/2022 09:49;C3;2.51;0,3;-14,650938;145,638409;Aspat_615
No Name;No Name;03/03/2022;616;2.8;03/03/2022 09:51;C3/C4;2.50987218029803;0,3;-14,650937;145,638408;Aspat_616
No Name;No Name;03/03/2022;617;2.6;03/03/2022 09:54;C3/C4;2.50920122191153;0,1;-14,65096;145,638414;Aspat_617
No Name;No Name;03/03/2022;618;2.8;03/03/2022 10:00;D3;2.50613601651836;0,3;-14,650954;145,638411;Aspat_618
No Name;No Name;03/03/2022;619;2.7;03/03/2022 10:01;C3/C4;2.50540213962131;0,2;-14,650949;145,638396;Aspat_619
No Name;No Name;03/03/2022;620;2.6;03/03/2022 10:01;C3;2.50540213962131;0,1;-14,650998;145,638434;Aspat_620
No Name;No Name;03/03/2022;621;2.6;03/03/2022 10:01;C3/C4;2.50540213962131;0,1;-14,650997;145,638415;Aspat_621
No Name;No Name;03/03/2022;622;6;03/03/2022 09:03;C3;2.43636527008464;3,6;-14,651201;145,638293;Aspat_622
No Name;No Name;03/03/2022;623;6;03/03/2022 09:05;C5;2.44256628368955;3,6;-14,6512;145,638224;Aspat_623
No Name;No Name;03/03/2022;624;5.8;03/03/2022 09:08;C4;2.45137097657693;3,3;-14,651162;145,638217;Aspat_624
No Name;No Name;03/03/2022;625;5.3;03/03/2022 09:11;C5;2.45957513456727;2,8;-14,651146;145,638232;Aspat_625
No Name;No Name;03/03/2022;626;3.3;03/03/2022 09:15;C4;2.46957198367324;0,8;-14,651045;145,638315;Aspat_626
No Name;No Name;03/03/2022;627;2.8;03/03/2022 09:17;C3;2.47416387422612;0,3;-14,651014;145,638331;Aspat_627
No Name;No Name;03/03/2022;628;2.9;03/03/2022 09:20;D4;2.48054031646366;0,4;-14,650944;145,638312;Aspat_628
No Name;No Name;03/03/2022;629;2.6;03/03/2022 09:22;C5;2.48444881163003;0,1;-14,650926;145,638278;Aspat_629
No Name;No Name;03/03/2022;630;3;03/03/2022 09:24;C3;2.4880821930823;0,5;-14,650905;145,638249;Aspat_630
No Name;No Name;03/03/2022;631;2.8;03/03/2022 09:26;D5;2.49143955983879;0,3;-14,650885;145,638248;Aspat_631
No Name;No Name;03/03/2022;632;4;03/03/2022 09:28;C3;2.49452007936209;1,5;-14,65091;145,638211;Aspat_632
No Name;No Name;03/03/2022;633;3.9;03/03/2022 09:29;C2;2.49595628000974;1,4;-14,650916;145,638216;Aspat_633
No Name;No Name;03/03/2022;634;3.9;03/03/2022 09:34;D3;2.50209326003918;1,4;-14,650912;145,638227;Aspat_634
No Name;No Name;03/03/2022;635;3;03/03/2022 09:37;D3;2.50493756802077;0,5;-14,650911;145,638238;Aspat_635
No Name;No Name;03/03/2022;636;3;03/03/2022 09:39;D4;2.50648362290646;0,5;-14,65091;145,638233;Aspat_636
No Name;No Name;03/03/2022;637;2.6;03/03/2022 09:43;D4;2.50873368559454;0,1;-14,65086;145,638305;Aspat_637
No Name;No Name;03/03/2022;638;3.5;03/03/2022 09:48;C5;2.50996481823882;1;-14,650802;145,63836;Aspat_638
No Name;No Name;03/03/2022;639;2.3;03/03/2022 09:50;C6;2.50996804453134;-0,2;-14,650828;145,638419;Aspat_639
No Name;No Name;03/03/2022;640;2.5;03/03/2022 09:51;C4;2.50987218029803;0;-14,650853;145,638456;Aspat_640
No Name;No Name;03/03/2022;641;2.8;03/03/2022 09:53;D3;2.50948875595354;0,3;-14,650855;145,638471;Aspat_641
No Name;No Name;03/03/2022;642;3.1;03/03/2022 09:57;D3;2.50795557992155;0,6;-14,65088;145,638513;Aspat_642
No Name;No Name;03/03/2022;643;4.2;03/03/2022 09:58;D6;2.50741278007229;1,7;-14,650851;145,638511;Aspat_643
No Name;No Name;03/03/2022;644;3.8;03/03/2022 10:06;C5;2.50077992942308;1,3;-14,65106;145,638459;Aspat_644
No Name;No Name;03/03/2022;645;3.2;03/03/2022 10:10;C5;2.49594273551823;0,7;-14,651079;145,638409;Aspat_645
No Name;No Name;03/03/2022;646;3.1;03/03/2022 10:13;C5;2.49165353788963;0,6;-14,651089;145,638403;Aspat_646
No Name;No Name;03/03/2022;647;3.4;03/03/2022 10:15;C4;2.48848059300606;0,9;-14,651097;145,638401;Aspat_647
No Name;No Name;03/03/2022;648;4;03/03/2022 10:17;C6;2.48505786106788;1,5;-14,651094;145,638389;Aspat_648
No Name;No Name;03/03/2022;649;3.7;03/03/2022 10:20;D4;2.4794574671484;1,2;-14,651103;145,638376;Aspat_649
No Name;No Name;03/03/2022;650;4.4;03/03/2022 10:24;D4;2.47112527511363;1,9;-14,6511;145,638356;Aspat_650
No Name;No Name;03/03/2022;651;5.9;03/03/2022 10:27;C6;2.46423233769639;3,4;-14,65113;145,63841;Aspat_651
Mackay;Mackay;04/03/2022;652;2.5;04/03/2022 09:00;D4;2.52131545342566;0;-16,038632;145,651362;Aspat_652
Mackay;Mackay;04/03/2022;653;2.3;04/03/2022 09:03;C3;2.54206680840814;-0,2;-16,038646;145,651393;Aspat_653
Mackay;Mackay;04/03/2022;654;2.2;04/03/2022 09:05;C3;2.55563423496032;-0,4;-16,038669;145,651398;Aspat_654
Mackay;Mackay;04/03/2022;655;2.2;04/03/2022 09:07;C4;2.56898403291687;-0,4;-16,038696;145,651379;Aspat_655
Mackay;Mackay;04/03/2022;656;2.1;04/03/2022 09:10;C4;2.58859299462567;-0,5;-16,03871;145,651384;Aspat_656
Mackay;Mackay;04/03/2022;657;2.3;04/03/2022 09:11;D4;2.59501672586382;-0,3;-16,038723;145,651377;Aspat_657
Mackay;Mackay;04/03/2022;658;2.3;04/03/2022 09:13;C2;2.60769275890716;-0,3;-16,038737;145,651368;Aspat_658
Mackay;Mackay;04/03/2022;659;2.4;04/03/2022 09:14;C2/C3;2.61394422538098;-0,2;-16,038754;145,651355;Aspat_659
Mackay;Mackay;04/03/2022;660;2.4;04/03/2022 09:15;C3/E3;2.62013744126951;-0,2;-16,038734;145,65131;Aspat_660
Mackay;Mackay;04/03/2022;661;2.2;04/03/2022 09:20;C3/E3;2.65021561345965;-0,5;-16,038726;145,651299;Aspat_661
Mackay;Mackay;04/03/2022;662;2.6;04/03/2022 09:22;B4/D2;2.66182514411402;-0,1;-16,038702;145,651301;Aspat_662
Mackay;Mackay;04/03/2022;663;3.2;04/03/2022 09:25;D4;2.67877796507721;0,5;-16,038701;145,651265;Aspat_663
Mackay;Mackay;04/03/2022;664;3;04/03/2022 09:26;C3/B4;2.68430435177013;0,3;-16,038695;145,651277;Aspat_664
Mackay;Mackay;04/03/2022;665;2.5;04/03/2022 09:28;D2/E3;2.69516810348657;-0,2;-16,038721;145,651278;Aspat_665
Mackay;Mackay;04/03/2022;666;2.1;04/03/2022 09:29;C4/C5;2.70050475260531;-0,6;-16,03873;145,65128;Aspat_666
Mackay;Mackay;04/03/2022;667;2.4;04/03/2022 09:30;C2/C3;2.70577744693116;-0,3;-16,038732;145,651283;Aspat_667
Mackay;Mackay;04/03/2022;668;2.9;04/03/2022 09:33;C4;2.72120834773539;0,2;-16,038734;145,651261;Aspat_668
Mackay;Mackay;04/03/2022;669;3.2;04/03/2022 09:34;C2/C3;2.72622179075101;0,5;-16,038732;145,651241;Aspat_669
Mackay;Mackay;04/03/2022;670;2.9;04/03/2022 09:41;C3/C4;2.75945975227146;0,1;-16,038752;145,65123;Aspat_670
Mackay;Mackay;04/03/2022;671;2.8;04/03/2022 09:45;C2/B3;2.77696723364584;0;-16,038768;145,651189;Aspat_671
Mackay;Mackay;04/03/2022;672;2.4;04/03/2022 09:48;C3/B3;2.78937443786698;-0,4;-16,038776;145,651205;Aspat_672
Mackay;Mackay;04/03/2022;673;2.5;04/03/2022 09:50;C3/B3;2.79729730575389;-0,3;-16,038794;145,651201;Aspat_673
Mackay;Mackay;04/03/2022;674;2.5;04/03/2022 09:53;C3/B3;2.80865348435002;-0,3;-16,038782;145,651236;Aspat_674
Mackay;Mackay;04/03/2022;675;2.3;04/03/2022 09:57;C3/B3;2.82279884721708;-0,5;-16,038773;145,65127;Aspat_675
Mackay;Mackay;04/03/2022;676;2.4;04/03/2022 10:00;B3;2.83265255691545;-0,4;-16,03877;145,651254;Aspat_676
Mackay;Mackay;04/03/2022;677;2.3;04/03/2022 10:02;E4;2.83885874181823;-0,5;-16,038773;145,65131;Aspat_677
Mackay;Mackay;04/03/2022;678;2.3;04/03/2022 10:04;C4;2.84477264309164;-0,5;-16,038784;145,651278;Aspat_678
Mackay;Mackay;04/03/2022;679;2.4;04/03/2022 10:06;C2/B3;2.85039270189283;-0,5;-16,038811;145,651235;Aspat_679
Mackay;Mackay;04/03/2022;680;2.4;04/03/2022 10:08;C2/C3;2.85571743683277;-0,5;-16,038828;145,651238;Aspat_680
Mackay;Mackay;04/03/2022;681;2.5;04/03/2022 10:09;B4;2.85826861619598;-0,4;-16,038837;145,651247;Aspat_681
Mackay;Mackay;04/03/2022;682;2.3;04/03/2022 10:12;E3/C3;2.86547539916416;-0,6;-16,038842;145,651248;Aspat_682
Mackay;Mackay;04/03/2022;683;2.4;04/03/2022 10:13;C3/C4;2.86772821409404;-0,5;-16,038856;145,65124;Aspat_683
Mackay;Mackay;04/03/2022;684;2.3;04/03/2022 10:15;C3/B3;2.87200877674043;-0,6;-16,038863;145,651225;Aspat_684
Mackay;Mackay;04/03/2022;685;2.4;04/03/2022 10:16;B4;2.87403624237435;-0,5;-16,038867;145,651216;Aspat_685
Mackay;Mackay;04/03/2022;686;2.1;04/03/2022 10:19;C3/B4;2.87966578816643;-0,8;-16,038865;145,651194;Aspat_686
Mackay;Mackay;04/03/2022;687;2.2;04/03/2022 10:26;C4;2.89014485516013;-0,7;-16,038871;145,651172;Aspat_687
Mackay;Mackay;04/03/2022;688;2;04/03/2022 10:27;C4;2.89133677652567;-0,9;-16,038874;145,65117;Aspat_688
Mackay;Mackay;04/03/2022;689;2.3;04/03/2022 10:28;B4/C3;2.89245216755705;-0,6;-16,038878;145,651151;Aspat_689
Mackay;Mackay;04/03/2022;690;2.2;04/03/2022 10:33;D4;2.89687877188636;-0,7;-16,038882;145,65113;Aspat_690
Mackay;Mackay;04/03/2022;691;2.1;04/03/2022 10:34;C3/C4;2.89753361419219;-0,8;-16,038896;145,651138;Aspat_691
Mackay;Mackay;04/03/2022;692;2.1;04/03/2022 10:37;C2/E3;2.89903636167221;-0,8;-16,038913;145,651157;Aspat_692
Mackay;Mackay;04/03/2022;693;2.3;04/03/2022 10:39;C3/C4;2.89965305971881;-0,6;-16,038921;145,651154;Aspat_693
Mackay;Mackay;04/03/2022;694;2;04/03/2022 10:42;D2/B3;2.9;-0,9;-16,038916;145,651136;Aspat_694
Mackay;Mackay;04/03/2022;695;2.1;04/03/2022 10:46;D4;2.89941533260644;-0,8;-16,038918;145,651119;Aspat_695
Mackay;Mackay;04/03/2022;696;2.2;04/03/2022 10:49;C4/C5;2.89820979087439;-0,7;-16,03891;145,651106;Aspat_696
Mackay;Mackay;04/03/2022;697;1.8;04/03/2022 13:52;D2;1.82943202432435;0;-16,03864;145,651321;Aspat_697
Mackay;Mackay;04/03/2022;698;1.5;04/03/2022 13:56;D2;1.7939800482751;-0,3;-16,03868;145,651315;Aspat_698
Mackay;Mackay;04/03/2022;699;2.4;04/03/2022 13:59;purple/D3;1.76741110153303;0,6;-16,038748;145,651243;Aspat_699
Mackay;Mackay;04/03/2022;700;2.4;04/03/2022 14:02;C3;1.74087739260253;0,7;-16,038729;145,651233;Aspat_700
Mackay;Mackay;04/03/2022;701;1.9;04/03/2022 14:04;D2;1.72321584864084;0,2;-16,038777;145,651192;Aspat_701
Mackay;Mackay;04/03/2022;702;2.1;04/03/2022 14:07;D3;1.69677693334352;0,4;-16,038775;145,651189;Aspat_702
Mackay;Mackay;04/03/2022;703;2.8;04/03/2022 14:10;D3;1.67041647588066;1,1;-16,03878;145,651111;Aspat_703
Mackay;Mackay;04/03/2022;704;1.8;04/03/2022 14:12;D4;1.65289439275702;0,1;-16,038796;145,651102;Aspat_704
Mackay;Mackay;04/03/2022;705;1.3;04/03/2022 14:14;D3;1.63541911492577;-0,3;-16,03883;145,651114;Aspat_705
Mackay;Mackay;04/03/2022;706;1.5;04/03/2022 14:17;purple/D5;1.60930435044279;-0,1;-16,038872;145,651099;Aspat_706
Mackay;Mackay;04/03/2022;707;1.9;04/03/2022 14:19;E3;1.59196684709679;0,3;-16,03886;145,651099;Aspat_707
Mackay;Mackay;04/03/2022;708;1.5;04/03/2022 14:21;D2;1.57469271870431;-0,1;-16,038861;145,651089;Aspat_708
Mackay;Mackay;04/03/2022;709;2;04/03/2022 14:23;D3;1.55748666308225;0,4;-16,03887;145,651082;Aspat_709
Mackay;Mackay;04/03/2022;710;2.3;04/03/2022 14:25;D3;1.54035335953465;0,8;-16,038871;145,651063;Aspat_710
Mackay;Mackay;04/03/2022;711;1.7;04/03/2022 14:27;purple/D5;1.52329746758015;0,2;-16,038926;145,651066;Aspat_711
St Crispin;StCrispin;05/03/2022;712;2.4;05/03/2022 09:36;C5;2.37492209749655;0;-16,075005;145,844256;Aspat_712
St Crispin;StCrispin;05/03/2022;713;2.2;05/03/2022 09:41;D4;2.40217053006008;-0,2;-16,074997;145,844294;Aspat_713
St Crispin;StCrispin;05/03/2022;714;1.9;05/03/2022 09:44;C5;2.41796481236459;-0,5;-16,075025;145,844333;Aspat_714
St Crispin;StCrispin;05/03/2022;715;1.9;05/03/2022 09:47;C5;2.43333120964631;-0,5;-16,075047;145,844359;Aspat_715
St Crispin;StCrispin;05/03/2022;716;2;05/03/2022 09:48;C5;2.43835663227781;-0,4;-16,075046;145,844377;Aspat_716
St Crispin;StCrispin;05/03/2022;717;1.8;05/03/2022 09:52;C3;2.45796573241849;-0,7;-16,07507;145,844414;Aspat_717
St Crispin;StCrispin;05/03/2022;718;1.9;05/03/2022 09:53;C3;2.46274320202279;-0,6;-16,075083;145,844422;Aspat_718
St Crispin;StCrispin;05/03/2022;719;1.8;05/03/2022 09:54;C6;2.46747009812306;-0,7;-16,075094;145,844439;Aspat_719
St Crispin;StCrispin;05/03/2022;720;1.7;05/03/2022 09:55;C5;2.47214610101635;-0,8;-16,075092;145,844421;Aspat_720
St Crispin;StCrispin;05/03/2022;721;2.1;05/03/2022 10:03;C4;2.50768475004381;-0,4;-16,07511;145,844413;Aspat_721
St Crispin;StCrispin;05/03/2022;722;2;05/03/2022 10:05;C4;2.51603915718491;-0,5;-16,075125;145,844392;Aspat_722
St Crispin;StCrispin;05/03/2022;723;2;05/03/2022 10:07;C3;2.52417685531713;-0,5;-16,075131;145,844398;Aspat_723
St Crispin;StCrispin;05/03/2022;724;2.1;05/03/2022 10:09;C4;2.53209564290953;-0,4;-16,075139;145,844392;Aspat_724
St Crispin;StCrispin;05/03/2022;725;2;05/03/2022 10:12;D4;2.5435586970739;-0,5;-16,075197;145,844442;Aspat_725
St Crispin;StCrispin;05/03/2022;726;2;05/03/2022 10:14;C5;2.55092096669161;-0,6;-16,075199;145,844456;Aspat_726
St Crispin;StCrispin;05/03/2022;727;2;05/03/2022 10:16;C5;2.55805709055532;-0,6;-16,0752;145,844456;Aspat_727
St Crispin;StCrispin;05/03/2022;728;2.2;05/03/2022 10:19;C5;2.56833304679767;-0,4;-16,075214;145,844475;Aspat_728
St Crispin;StCrispin;05/03/2022;729;2.1;05/03/2022 10:20;C6;2.5716432404425;-0,5;-16,07523;145,844479;Aspat_729
St Crispin;StCrispin;05/03/2022;730;1.9;05/03/2022 10:24;C4;2.58430244562166;-0,7;-16,07525;145,844473;Aspat_730
St Crispin;StCrispin;05/03/2022;731;2;05/03/2022 10:25;C5;2.58732078430476;-0,6;-16,07525;145,844471;Aspat_731
St Crispin;StCrispin;05/03/2022;732;2.1;05/03/2022 10:26;C6;2.59028012369695;-0,5;-16,075257;145,84445;Aspat_732
St Crispin;StCrispin;05/03/2022;733;2;05/03/2022 10:27;C5;2.59318026364374;-0,6;-16,075291;145,844421;Aspat_733
St Crispin;StCrispin;05/03/2022;734;2.1;05/03/2022 10:28;C5;2.59602100799457;-0,5;-16,075277;145,844403;Aspat_734
St Crispin;StCrispin;05/03/2022;735;1.9;05/03/2022 10:30;C5;2.60152354540524;-0,7;-16,075248;145,84441;Aspat_735
St Crispin;StCrispin;05/03/2022;736;2.3;05/03/2022 10:34;C4;2.61180768993705;-0,3;-16,075232;145,844359;Aspat_736
St Crispin;StCrispin;05/03/2022;737;2.1;05/03/2022 10:36;C5;2.61658651483868;-0,5;-16,075242;145,844347;Aspat_737
St Crispin;StCrispin;05/03/2022;738;2.2;05/03/2022 10:39;C4;2.62329703388807;-0,4;-16,07523;145,844334;Aspat_738
St Crispin;StCrispin;05/03/2022;739;2.2;05/03/2022 10:41;C5;2.62746380272028;-0,4;-16,075254;145,844307;Aspat_739
St Crispin;StCrispin;05/03/2022;740;1.8;05/03/2022 10:43;C3;2.63138371829376;-0,8;-16,075261;145,844333;Aspat_740
St Crispin;StCrispin;05/03/2022;741;1.9;05/03/2022 10:45;C5;2.63505572013473;-0,7;-16,075279;145,844342;Aspat_741
St Crispin;StCrispin;05/03/2022;742;1.9;05/03/2022 10:49;C5;2.64165207633933;-0,7;-16,075276;145,844343;Aspat_742
St Crispin;StCrispin;05/03/2022;743;1.8;05/03/2022 10:52;C4;2.64594167195243;-0,8;-16,075287;145,844367;Aspat_743
St Crispin;StCrispin;05/03/2022;744;1.9;05/03/2022 10:54;C5;2.64848674302114;-0,7;-16,075311;145,844421;Aspat_744
St Crispin;StCrispin;05/03/2022;745;1.8;05/03/2022 10:58;C5;2.65281864285895;-0,9;-16,075321;145,844441;Aspat_745
St Crispin;StCrispin;05/03/2022;746;2;05/03/2022 11:01;C6;2.65540183223468;-0,7;-16,075359;145,844379;Aspat_746
St Crispin;StCrispin;05/03/2022;747;1.9;05/03/2022 11:03;C4;2.65680603584011;-0,8;-16,075394;145,84435;Aspat_747
St Crispin;StCrispin;05/03/2022;748;2;05/03/2022 11:05;C3/C4;2.65795544809015;-0,7;-16,075396;145,844331;Aspat_748
St Crispin;StCrispin;05/03/2022;749;2.1;05/03/2022 11:09;C4/C5;2.65948872371384;-0,6;-16,075392;145,844314;Aspat_749
St Crispin;StCrispin;05/03/2022;750;2.2;05/03/2022 11:10;C3/C4;2.65971239574199;-0,5;-16,075355;145,844308;Aspat_750
St Crispin;StCrispin;05/03/2022;751;2;05/03/2022 11:13;C3/C4;2.66;-0,7;-16,075353;145,844284;Aspat_751
St Crispin;StCrispin;05/03/2022;752;4.9;05/03/2022 13:11;D5;2.26844315959615;2,6;-16,072758;145,843531;Aspat_752
St Crispin;StCrispin;05/03/2022;753;2.2;05/03/2022 13:14;D4;2.24996819467141;0;-16,072886;145,843642;Aspat_753
St Crispin;StCrispin;05/03/2022;754;2.4;05/03/2022 13:16;C3;2.23748516250671;0,2;-16,072878;145,843691;Aspat_754
St Crispin;StCrispin;05/03/2022;755;2.9;05/03/2022 13:18;C5;2.2248729539648;0,7;-16,072911;145,843722;Aspat_755
St Crispin;StCrispin;05/03/2022;756;2.8;05/03/2022 13:21;D4;2.20571990861525;0,6;-16,072851;145,843767;Aspat_756
St Crispin;StCrispin;05/03/2022;757;2.3;05/03/2022 13:23;D4;2.19279976098594;0,1;-16,072889;145,843762;Aspat_757
St Crispin;StCrispin;05/03/2022;758;3.2;05/03/2022 13:26;C3;2.17320110161623;1;-16,072887;145,843795;Aspat_758
St Crispin;StCrispin;05/03/2022;759;2;05/03/2022 13:28;D4;2.15999485825272;-0,2;-16,072918;145,843817;Aspat_759
St Crispin;StCrispin;05/03/2022;760;3.2;05/03/2022 13:31;D4;2.13998371919315;1,1;-16,072888;145,84383;Aspat_760
St Crispin;StCrispin;05/03/2022;761;3.4;05/03/2022 13:35;D4;2.1129445403444;1,3;-16,072879;145,84386;Aspat_761
St Crispin;StCrispin;05/03/2022;762;4.2;05/03/2022 13:37;C4;2.09927988975592;2,1;-16,072872;145,843927;Aspat_762
St Crispin;StCrispin;05/03/2022;763;2.6;05/03/2022 13:42;D4/E4;2.06472484254248;0,5;-16,072912;145,843939;Aspat_763
St Crispin;StCrispin;05/03/2022;764;3.3;05/03/2022 13:46;D4/E4;2.03670704033397;1,3;-16,072899;145,843973;Aspat_764
St Crispin;StCrispin;05/03/2022;765;3.7;05/03/2022 13:50;D3/D4;2.0083898227859;1,7;-16,072892;145,844005;Aspat_765
St Crispin;StCrispin;05/03/2022;766;4.5;05/03/2022 13:55;C3/C4;1.97261895600534;2,5;-16,072796;145,844061;Aspat_766
St Crispin;StCrispin;05/03/2022;767;5.4;05/03/2022 14:03;C3/C4;1.91466327530419;3,5;-16,072758;145,844073;Aspat_767
St Crispin;StCrispin;05/03/2022;768;4.6;05/03/2022 14:22;D4;1.77480264869391;2,8;-16,072748;145,844185;Aspat_768
St Crispin;StCrispin;05/03/2022;769;4.4;05/03/2022 14:24;C3/C4;1.76;2,6;-16,072776;145,844206;Aspat_769
St Crispin;StCrispin;05/03/2022;770;4.2;05/03/2022 14:29;D5;1.72300213813189;2,5;-16,072792;145,84421;Aspat_770
St Crispin;StCrispin;05/03/2022;771;4.1;05/03/2022 14:33;D3/D4;1.69344588504928;2,4;-16,072831;145,84419;Aspat_771
Fitzroy Island;Fitzroy;06/03/2022;772;2.4;06/03/2022 10:17;D4;2.01346733379525;0,4;-16,93952;145,983204;Aspat_772
Fitzroy Island;Fitzroy;06/03/2022;773;2.3;06/03/2022 10:20;D3;2.01157046207007;0,3;-16,939483;145,983211;Aspat_773
Fitzroy Island;Fitzroy;06/03/2022;774;2.2;06/03/2022 10:24;C5;2.008670066321;0,2;-16,939471;145,983233;Aspat_774
Fitzroy Island;Fitzroy;06/03/2022;775;1.9;06/03/2022 10:27;C4;2.00621794160043;-0,1;-16,939455;145,983239;Aspat_775
Fitzroy Island;Fitzroy;06/03/2022;776;2;06/03/2022 10:28;D4;2.0053481053043;0;-16,939429;145,983267;Aspat_776
Fitzroy Island;Fitzroy;06/03/2022;777;1.8;06/03/2022 10:32;D6;2.0016079239531;-0,2;-16,93937;145,983326;Aspat_777
Fitzroy Island;Fitzroy;06/03/2022;778;1.9;06/03/2022 10:34;D5;1.99958216119242;-0,1;-16,939362;145,983304;Aspat_778
Fitzroy Island;Fitzroy;06/03/2022;779;1.7;06/03/2022 10:37;D5;1.99635035204731;-0,3;-16,939347;145,983298;Aspat_779
Fitzroy Island;Fitzroy;06/03/2022;780;1.9;06/03/2022 10:40;D4;1.9928883817499;-0,1;-16,939337;145,98332;Aspat_780
Fitzroy Island;Fitzroy;06/03/2022;781;1.8;06/03/2022 10:43;C5;1.98919821119691;-0,2;-16,939275;145,98328;Aspat_781
Fitzroy Island;Fitzroy;06/03/2022;782;1.7;06/03/2022 10:46;C4;1.98528193054012;-0,3;-16,93924;145,983299;Aspat_782
Fitzroy Island;Fitzroy;06/03/2022;783;1.8;06/03/2022 10:48;C4;1.98254655023033;-0,2;-16,939233;145,98334;Aspat_783
Fitzroy Island;Fitzroy;06/03/2022;784;1.7;06/03/2022 10:51;C4/C5;1.97825841146325;-0,3;-16,939234;145,983341;Aspat_784
Fitzroy Island;Fitzroy;06/03/2022;785;1.4;06/03/2022 10:53;C4;1.97527732294527;-0,6;-16,939203;145,983349;Aspat_785
Fitzroy Island;Fitzroy;06/03/2022;786;1.7;06/03/2022 10:55;D4;1.97219924292162;-0,3;-16,939196;145,98334;Aspat_786
Chicken;Chicken;10/03/2022;797;2.8;10/03/2022 09:50;D4;1.7635833875795;1;-18,669904;147,707261;Aspat_797
Chicken;Chicken;10/03/2022;798;2.7;10/03/2022 09:52;D2;1.75747538712626;0,9;-18,669817;147,707237;Aspat_798
Chicken;Chicken;10/03/2022;799;1.9;10/03/2022 09:54;D5;1.75134174352476;0,1;-18,669795;147,707243;Aspat_799
Chicken;Chicken;10/03/2022;800;2.6;10/03/2022 09:57;D5;1.74209589762313;0,9;-18,669792;147,707369;Aspat_800
Chicken;Chicken;10/03/2022;801;1.7;10/03/2022 10:00;D4;1.73279931666593;0;-18,669763;147,70738;Aspat_801
Chicken;Chicken;10/03/2022;802;1.5;10/03/2022 10:02;D5;1.72657548686;-0,2;-18,669745;147,707357;Aspat_802
Chicken;Chicken;10/03/2022;803;2.1;10/03/2022 10:05;D3;1.71720370833266;0,4;-18,669731;147,707334;Aspat_803
Chicken;Chicken;10/03/2022;804;2.2;10/03/2022 10:08;D4;1.70779246105505;0,5;-18,669861;147,70735;Aspat_804
Chicken;Chicken;10/03/2022;805;3.4;10/03/2022 10:11;D4;1.69834600459568;1,7;-18,669885;147,707422;Aspat_805
Chicken;Chicken;10/03/2022;806;2.5;10/03/2022 10:13;C4;1.69203091706228;0,8;-18,669937;147,707434;Aspat_806
Fitzroy Island;Fitzroy;06/03/2022;807;1.7;06/03/2022 11:00;C5;1.96408484980143;-0,3;-16,939122;145,983319;Aspat_807
Fitzroy Island;Fitzroy;06/03/2022;808;1.8;06/03/2022 11:02;C4;1.96067356022852;-0,2;-16,939136;145,983263;Aspat_808
Fitzroy Island;Fitzroy;06/03/2022;809;1.7;06/03/2022 11:04;C6;1.95716895556909;-0,3;-16,939136;145,983175;Aspat_809
Fitzroy Island;Fitzroy;06/03/2022;810;1.9;06/03/2022 11:09;C4;1.94800503749295;0;-16,939122;145,983147;Aspat_810
Fitzroy Island;Fitzroy;06/03/2022;811;1.8;06/03/2022 11:14;D4;1.93827789486964;-0,1;-16,939105;145,983155;Aspat_811
Fitzroy Island;Fitzroy;06/03/2022;812;1.7;06/03/2022 11:15;D4;1.93626621073836;-0,2;-16,939077;145,983153;Aspat_812
Fitzroy Island;Fitzroy;06/03/2022;813;1.8;06/03/2022 11:17;D5;1.93217759142826;-0,1;-16,939057;145,983162;Aspat_813
Fitzroy Island;Fitzroy;06/03/2022;814;1.8;06/03/2022 11:20;C4;1.92588347496731;-0,1;-16,939078;145,983124;Aspat_814
Fitzroy Island;Fitzroy;06/03/2022;815;1.9;06/03/2022 11:29;C5;1.90587443472274;0;-16,938937;145,983081;Aspat_815
Fitzroy Island;Fitzroy;06/03/2022;816;2;06/03/2022 11:32;D4;1.8988417838504;0,1;-16,938924;145,983063;Aspat_816
Fitzroy Island;Fitzroy;06/03/2022;817;1.9;06/03/2022 11:35;C5;1.89163420171372;0;-16,938927;145,983093;Aspat_817
Fitzroy Island;Fitzroy;06/03/2022;818;2;06/03/2022 11:41;D4;1.87671067022201;0,1;-16,938845;145,982958;Aspat_818
Fitzroy Island;Fitzroy;06/03/2022;819;1.7;06/03/2022 11:47;D4;1.86113764684634;-0,2;-16,939251;145,983187;Aspat_819
Fitzroy Island;Fitzroy;06/03/2022;820;1.9;06/03/2022 11:49;D6;1.85580836407486;0;-16,939306;145,983211;Aspat_820
Fitzroy Island;Fitzroy;06/03/2022;821;1.6;06/03/2022 11:51;C6;1.8504121654692;-0,3;-16,939323;145,983237;Aspat_821
Fitzroy Island;Fitzroy;06/03/2022;822;3;06/03/2022 10:21;C2/C3;2.01088505187235;1;-16,939475;145,983145;Aspat_822
Fitzroy Island;Fitzroy;06/03/2022;823;2.3;06/03/2022 10:44;C3;1.98791780073776;0,3;-16,93941;145,983185;Aspat_823
Fitzroy Island;Fitzroy;06/03/2022;824;2.2;06/03/2022 10:51;C3/C4;1.97825841146325;0,2;-16,939449;145,983199;Aspat_824
Fitzroy Island;Fitzroy;06/03/2022;825;1.8;06/03/2022 10:54;C3;1.97375035901104;-0,2;-16,939279;145,983202;Aspat_825
Fitzroy Island;Fitzroy;06/03/2022;826;1.8;06/03/2022 10:56;C2/C3;1.97062407229984;-0,2;-16,939263;145,983219;Aspat_826
Fitzroy Island;Fitzroy;06/03/2022;827;2;06/03/2022 10:59;C2;1.96575523214001;0;-16,939238;145,983213;Aspat_827
Fitzroy Island;Fitzroy;06/03/2022;828;1.7;06/03/2022 11:01;C3;1.96239092362731;-0,3;-16,939258;145,98321;Aspat_828
Fitzroy Island;Fitzroy;06/03/2022;829;2.1;06/03/2022 11:04;C2/C3;1.95716895556909;0,1;-16,939198;145,983105;Aspat_829
Fitzroy Island;Fitzroy;06/03/2022;830;2;06/03/2022 11:08;C2/C3;1.94988335332207;0,1;-16,93916;145,983095;Aspat_830
Fitzroy Island;Fitzroy;06/03/2022;831;2.1;06/03/2022 11:10;C2/C3;1.94610418984589;0,2;-16,939144;145,983059;Aspat_831
Fitzroy Island;Fitzroy;06/03/2022;832;3;06/03/2022 11:17;C4;1.93217759142826;1,1;-16,939042;145,982894;Aspat_832
Fitzroy Island;Fitzroy;06/03/2022;833;2.4;06/03/2022 11:24;C3;1.91719601014948;0,5;-16,938804;145,982816;Aspat_833
Fitzroy Island;Fitzroy;06/03/2022;834;2.2;06/03/2022 11:34;C3;1.89405591591022;0,3;-16,938401;145,982666;Aspat_834
Fitzroy Island;Fitzroy;06/03/2022;835;2.6;06/03/2022 11:40;C3;1.87924396069154;0,7;-16,938642;145,982775;Aspat_835
Fitzroy Island;Fitzroy;06/03/2022;836;2.6;06/03/2022 11:45;C3;1.86639867216521;0,7;-16,938811;145,982867;Aspat_836
Fitzroy Island;Fitzroy;06/03/2022;837;2.4;06/03/2022 11:49;C3;1.85580836407486;0,5;-16,938873;145,982921;Aspat_837
Fitzroy Island;Fitzroy;06/03/2022;838;2.4;06/03/2022 11:50;C3;1.85311854473813;0,5;-16,938875;145,982923;Aspat_838
Fitzroy Island;Fitzroy;06/03/2022;839;2.4;06/03/2022 11:51;C3;1.8504121654692;0,5;-16,938865;145,982925;Aspat_839
Fitzroy Island;Fitzroy;06/03/2022;840;2.4;06/03/2022 11:54;C2/C3;1.8421953765341;0,6;-16,938909;145,982934;Aspat_840
Fitzroy Island;Fitzroy;06/03/2022;841;2;06/03/2022 11:58;C3;1.83101826896358;0,2;-16,939039;145,983021;Aspat_841
Fitzroy Island;Fitzroy;06/03/2022;842;3.3;06/03/2022 14:42;C3;1.3109968262864;2;-16,940768;145,994759;Aspat_842
Fitzroy Island;Fitzroy;06/03/2022;843;2.7;06/03/2022 14:46;C3;1.30075603930846;1,4;-16,940656;145,994752;Aspat_843
Fitzroy Island;Fitzroy;06/03/2022;844;2.7;06/03/2022 14:49;D4;1.29326602506269;1,4;-16,940642;145,994744;Aspat_844
Fitzroy Island;Fitzroy;06/03/2022;845;3;06/03/2022 14:50;D3/D4;1.29080649648078;1,7;-16,94063;145,994743;Aspat_845
Fitzroy Island;Fitzroy;06/03/2022;846;2.2;06/03/2022 14:59;C3/C4;1.26953628663943;0,9;-16,940557;145,994638;Aspat_846
Fitzroy Island;Fitzroy;06/03/2022;847;2.1;06/03/2022 15:01;C4;1.26502768302767;0,8;-16,940583;145,994583;Aspat_847
Fitzroy Island;Fitzroy;06/03/2022;848;2;06/03/2022 15:04;D4/E4;1.25841852050948;0,7;-16,94059;145,994485;Aspat_848
Fitzroy Island;Fitzroy;06/03/2022;849;3;06/03/2022 15:10;D4;1.24576726640252;1,8;-16,940808;145,99445;Aspat_849
Fitzroy Island;Fitzroy;06/03/2022;850;2.9;06/03/2022 15:14;C4;1.23776462095573;1,7;-16,940902;145,994427;Aspat_850
Fitzroy Island;Fitzroy;06/03/2022;851;3.1;06/03/2022 15:00;C3;1.26727182903736;1,8;-16,940632;145,994726;Aspat_851
Moore;Moore;07/03/2022;852;2;07/03/2022 09:51;D3/D4;1.75461165855447;0,2;-16,888619;146,18648;Aspat_852
Moore;Moore;07/03/2022;853;1.9;07/03/2022 09:57;D4;1.76195070464958;0,1;-16,888504;146,186709;Aspat_853
Moore;Moore;07/03/2022;854;2.3;07/03/2022 10:00;B4;1.76539854905877;0,5;-16,888576;146,186712;Aspat_854
Moore;Moore;07/03/2022;855;2.5;07/03/2022 10:02;C3/C4;1.76761321586126;0,7;-16,888634;146,186724;Aspat_855
Moore;Moore;07/03/2022;856;2;07/03/2022 10:05;D4;1.77080751407646;0,2;-16,888691;146,186604;Aspat_856
Moore;Moore;07/03/2022;857;2.6;07/03/2022 10:19;D3/D4;1.78362401590716;0,8;-16,887992;146,186714;Aspat_857
Moore;Moore;07/03/2022;858;2.4;07/03/2022 10:21;D3/D4;1.78516608542747;0,6;-16,888025;146,186689;Aspat_858
Moore;Moore;07/03/2022;859;1.5;07/03/2022 10:24;D3/D4;1.78734051523914;-0,3;-16,887888;146,186621;Aspat_859
Moore;Moore;07/03/2022;860;1.6;07/03/2022 10:28;D3;1.78997837508169;-0,2;-16,887814;146,186658;Aspat_860
Moore;Moore;07/03/2022;861;1.6;07/03/2022 10:30;D3/D4;1.79118428220017;-0,2;-16,887789;146,186643;Aspat_861
Moore;Moore;07/03/2022;862;1.7;07/03/2022 10:33;D3/D4;1.79285071744086;-0,1;-16,887728;146,186711;Aspat_862
Moore;Moore;07/03/2022;863;1.8;07/03/2022 10:35;D3/D4;1.79386618033499;0;-16,887755;146,186773;Aspat_863
Moore;Moore;07/03/2022;864;2;07/03/2022 10:38;C4;1.79524528195112;0,2;-16,887708;146,18684;Aspat_864
Moore;Moore;07/03/2022;865;2.1;07/03/2022 10:39;D3/D4;1.7956664018929;0,3;-16,887678;146,186839;Aspat_865
Moore;Moore;07/03/2022;866;2.2;07/03/2022 10:42;D4;1.79681352536166;0,4;-16,887667;146,186835;Aspat_866
Moore;Moore;07/03/2022;867;2.3;07/03/2022 10:44;D3/D4;1.79748109401003;0,5;-16,887664;146,186789;Aspat_867
Moore;Moore;07/03/2022;868;2.2;07/03/2022 10:49;E3/E4;1.79880829888876;0,4;-16,887656;146,186789;Aspat_868
Moore;Moore;07/03/2022;869;1.9;07/03/2022 10:50;D3/D4;1.79901497842784;0,1;-16,887721;146,186724;Aspat_869
Moore;Moore;07/03/2022;870;1.9;07/03/2022 10:52;E3/E4;1.79936942749893;0,1;-16,887564;146,186759;Aspat_870
Moore;Moore;07/03/2022;871;1.9;07/03/2022 10:57;D3/D4;1.79991129163876;0,1;-16,887565;146,186765;Aspat_871
Moore;Moore;07/03/2022;872;1.9;07/03/2022 10:59;D3/D4;1.79999014296416;0,1;-16,887557;146,18677;Aspat_872
Moore;Moore;07/03/2022;873;2.3;07/03/2022 11:02;E3/E4;1.79996286857444;0,5;-16,887406;146,186893;Aspat_873
Moore;Moore;07/03/2022;874;2.2;07/03/2022 11:04;E4/E5;1.79985148252905;0,4;-16,887387;146,186877;Aspat_874
Moore;Moore;07/03/2022;875;1.7;07/03/2022 11:08;D4;1.7994060618024;-0,1;-16,887332;146,186948;Aspat_875
Moore;Moore;07/03/2022;876;1.6;07/03/2022 11:11;D3/D4;1.79887738118878;-0,2;-16,887314;146,187;Aspat_876
Moore;Moore;07/03/2022;877;1.6;07/03/2022 11:14;D3;1.79818217294587;-0,2;-16,887312;146,187022;Aspat_877
Moore;Moore;07/03/2022;878;1.6;07/03/2022 11:16;D3/D4;1.79762635325488;-0,2;-16,887328;146,187033;Aspat_878
Moore;Moore;07/03/2022;879;1.7;07/03/2022 11:21;D4;1.79591451588651;-0,1;-16,887334;146,187053;Aspat_879
Moore;Moore;07/03/2022;880;1.6;07/03/2022 11:23;D3/D4;1.79510126413828;-0,2;-16,887322;146,18706;Aspat_880
Moore;Moore;07/03/2022;881;2.1;07/03/2022 11:29;D3/D4;1.7922232496948;0,3;-16,88725;146,187073;Aspat_881
Moore;Moore;07/03/2022;882;1.6;07/03/2022 14:53;D2;1.41037875440476;0,2;-16,887853;146,186962;Aspat_882
Moore;Moore;07/03/2022;883;2;07/03/2022 15:01;D2;1.39080287072981;0,6;-16,887851;146,18693;Aspat_883
Moore;Moore;07/03/2022;884;1.5;07/03/2022 15:03;B3;1.38594731562399;0,1;-16,887904;146,186963;Aspat_884
Moore;Moore;07/03/2022;885;1.7;07/03/2022 15:07;C3;1.37628985114115;0,3;-16,887908;146,186996;Aspat_885
Moore;Moore;07/03/2022;886;2;07/03/2022 15:13;D3;1.36195379291107;0,6;-16,887784;146,186952;Aspat_886
Moore;Moore;07/03/2022;887;2;07/03/2022 15:16;D3;1.35486107651924;0,6;-16,887768;146,186918;Aspat_887
Moore;Moore;07/03/2022;888;2.4;07/03/2022 15:19;D2;1.34782329398891;1,1;-16,887695;146,186919;Aspat_888
Moore;Moore;07/03/2022;889;1.9;07/03/2022 15:22;D2;1.34084395554662;0,6;-16,887675;146,186921;Aspat_889
Moore;Moore;07/03/2022;890;2.1;07/03/2022 15:26;D2;1.33163509624255;0,8;-16,887684;146,186945;Aspat_890
Moore;Moore;07/03/2022;892;1.9;07/03/2022 15:29;C4;1.32480561122654;0,6;-16,887643;146,186928;Aspat_892
Moore;Moore;07/03/2022;893;1.5;07/03/2022 15:35;B3;1.31135978642444;0,2;-16,887726;146,186674;Aspat_893
Moore;Moore;07/03/2022;894;1.3;07/03/2022 15:38;C3;1.30475015299659;0;-16,887611;146,186684;Aspat_894
Moore;Moore;07/03/2022;895;1.2;07/03/2022 15:41;D3;1.29822044719674;-0,1;-16,887427;146,186642;Aspat_895
Moore;Moore;07/03/2022;896;1.4;07/03/2022 15:50;D3;1.27914325464927;0,1;-16,88796;146,186712;Aspat_896
Pelorus East;Pelorus;08/03/2022;897;5.1;08/03/2022 12:02;D4;2.17454534219082;2,9;-18,558304;146,50286;Aspat_897
Pelorus East;Pelorus;08/03/2022;898;5.3;08/03/2022 12:08;D5;2.1700361419087;3,1;-18,558395;146,502826;Aspat_898
Pelorus East;Pelorus;08/03/2022;899;5.2;08/03/2022 12:11;C5;2.16765425301292;3;-18,558465;146,502773;Aspat_899
Pelorus East;Pelorus;08/03/2022;900;5;08/03/2022 12:13;C5;2.16601991304342;2,8;-18,558513;146,502739;Aspat_900
Pelorus East;Pelorus;08/03/2022;901;5.3;08/03/2022 12:15;D5;2.16434882779375;3,1;-18,558564;146,502705;Aspat_901
Pelorus East;Pelorus;08/03/2022;902;4.7;08/03/2022 12:26;D4;2.15451656469164;2,5;-18,55828;146,502901;Aspat_902
Pelorus East;Pelorus;08/03/2022;903;4.8;08/03/2022 12:27;C5;2.1535701747221;2,6;-18,558277;146,502918;Aspat_903
Pelorus East;Pelorus;08/03/2022;904;4.1;08/03/2022 12:05;D4;2.17233352138653;1,9;-18,558428;146,502587;Aspat_904
Pelorus East;Pelorus;08/03/2022;905;4.6;08/03/2022 12:07;C3/C4;2.17081137761725;2,4;-18,558519;146,502621;Aspat_905
Pelorus East;Pelorus;08/03/2022;906;4.9;08/03/2022 12:10;C3;2.16845753955091;2,7;-18,558531;146,502626;Aspat_906
Pelorus East;Pelorus;08/03/2022;907;5.5;08/03/2022 12:12;C5;2.1668416970985;3,3;-18,558621;146,502593;Aspat_907
Pelorus East;Pelorus;08/03/2022;908;5.1;08/03/2022 12:16;B3/C3;2.16349961140374;2,9;-18,558617;146,502553;Aspat_908
Pelorus East;Pelorus;08/03/2022;909;4.9;08/03/2022 12:17;C3/C4;2.16264133647794;2,7;-18,558606;146,502556;Aspat_909
Pelorus East;Pelorus;08/03/2022;910;4.7;08/03/2022 12:19;C3;2.16089778570011;2,5;-18,558614;146,502525;Aspat_910
Pelorus East;Pelorus;08/03/2022;911;3.7;08/03/2022 12:21;C3;2.1591185293841;1,5;-18,558624;146,502464;Aspat_911
Pelorus East;Pelorus;08/03/2022;912;4;08/03/2022 11:25;C3;2.19443776355985;1,8;-18,558131;146,502866;Aspat_912
Pelorus East;Pelorus;08/03/2022;913;3.7;08/03/2022 11:28;C5;2.19335161653925;1,5;-18,558021;146,502882;Aspat_913
Pelorus East;Pelorus;08/03/2022;914;2.9;08/03/2022 11:31;C5;2.19217031149351;0,7;-18,558024;146,502864;Aspat_914
Pelorus East;Pelorus;08/03/2022;915;2.8;08/03/2022 11:22;D5;2.19542825649192;0,6;-18,558016;146,502857;Aspat_915
Pelorus East;Pelorus;08/03/2022;916;4;08/03/2022 11:35;D4;2.19044815324402;1,8;-18,557986;146,502852;Aspat_916
Pelorus East;Pelorus;08/03/2022;917;3.6;08/03/2022 11:37;C5;2.18952442863578;1,4;-18,557973;146,502883;Aspat_917
Pelorus East;Pelorus;08/03/2022;918;2.3;08/03/2022 11:40;C5;2.18806105924728;0,1;-18,557895;146,502864;Aspat_918
Pelorus East;Pelorus;08/03/2022;919;2.5;08/03/2022 11:42;C6;2.18703391346897;0,3;-18,558011;146,502738;Aspat_919
Pelorus East;Pelorus;08/03/2022;920;4;08/03/2022 11:46;C5;2.18485680598468;1,8;-18,558072;146,502821;Aspat_920
Pelorus East;Pelorus;08/03/2022;921;4.4;08/03/2022 11:49;D4;2.18311738555214;2,2;-18,558072;146,50284;Aspat_921
Pelorus East;Pelorus;08/03/2022;922;4.4;08/03/2022 11:51;D4;2.18190745237423;2,2;-18,558089;146,502868;Aspat_922
Pelorus East;Pelorus;08/03/2022;923;4.6;08/03/2022 11:53;D5;2.18065754890032;2,4;-18,558144;146,502875;Aspat_923
Pelorus East;Pelorus;08/03/2022;924;4.7;08/03/2022 11:55;D4;2.17936792884865;2,5;-18,558152;146,502875;Aspat_924
Pelorus East;Pelorus;08/03/2022;925;4.5;08/03/2022 11:58;C9;2.17735960502372;2,3;-18,558177;146,50289;Aspat_925
Pelorus East;Pelorus;08/03/2022;926;4.7;08/03/2022 11:59;D4;2.17667059414224;2,5;-18,558192;146,502851;Aspat_926
Pelorus East;Pelorus;08/03/2022;927;4.5;08/03/2022 11:34;C3;2.19089438794641;2,3;-18,558121;146,502804;Aspat_927
Pelorus East;Pelorus;08/03/2022;928;4.1;08/03/2022 11:37;C3;2.18952442863578;1,9;-18,55812;146,502789;Aspat_928
Pelorus East;Pelorus;08/03/2022;929;3.2;08/03/2022 11:38;C3;2.18904698560729;1;-18,558087;146,502789;Aspat_929
Pelorus East;Pelorus;08/03/2022;930;3.6;08/03/2022 11:40;C3;2.18806105924728;1,4;-18,558121;146,502765;Aspat_930
Pelorus East;Pelorus;08/03/2022;931;3.8;08/03/2022 11:43;C3;2.1865049481287;1,6;-18,558205;146,502776;Aspat_931
Pelorus East;Pelorus;08/03/2022;932;4.4;08/03/2022 11:45;C3;2.18541636676478;2,2;-18,558242;146,502773;Aspat_932
Pelorus East;Pelorus;08/03/2022;933;4.6;08/03/2022 11:48;C3;2.18370728621033;2,4;-18,558277;146,502732;Aspat_933
Pelorus East;Pelorus;08/03/2022;934;4.6;08/03/2022 11:50;B3/C3;2.18251743079123;2,4;-18,558363;146,502723;Aspat_934
Pelorus East;Pelorus;08/03/2022;935;4.8;08/03/2022 11:50;B3/C3;2.18251743079123;2,6;-18,558388;146,50272;Aspat_935
Pelorus East;Pelorus;08/03/2022;936;5.2;08/03/2022 11:54;C3;2.18001768727377;3;-18,558438;146,502713;Aspat_936
Pelorus East;Pelorus;08/03/2022;937;5.1;08/03/2022 11:56;C5;2.17870830659902;2,9;-18,558491;146,502692;Aspat_937
Pelorus East;Pelorus;08/03/2022;938;4.4;08/03/2022 11:58;C3;2.17735960502372;2,2;-18,558456;146,502636;Aspat_938
Pelorus East;Pelorus;08/03/2022;939;4.3;08/03/2022 12:00;C5;2.17597185632116;2,1;-18,558459;146,502608;Aspat_939
Pelorus East;Pelorus;08/03/2022;940;4.1;08/03/2022 12:02;C4;2.17454534219082;1,9;-18,558463;146,502588;Aspat_940
Pelorus East;Pelorus;08/03/2022;941;3.9;08/03/2022 12:04;C3;2.17308035220119;1,7;-18,558457;146,502575;Aspat_941
Kelso;Kelso;09/03/2022;942;2.3;09/03/2022 09:27;D3;0.787251520746577;1,5;-18,423753;146,985555;Aspat_942
Kelso;Kelso;09/03/2022;943;2.1;09/03/2022 09:34;C3/E3;0.781273447744061;1,3;-18,423708;146,985631;Aspat_943
Kelso;Kelso;09/03/2022;944;1.6;09/03/2022 09:37;E2/C2;0.778684596451876;0,8;-18,423717;146,985672;Aspat_944
Kelso;Kelso;09/03/2022;945;1.7;09/03/2022 09:41;C3;0.775210867673673;0,9;-18,423717;146,98572;Aspat_945
Kelso;Kelso;09/03/2022;946;1.6;09/03/2022 09:45;B3/C3;0.77171489069724;0,8;-18,423696;146,98571;Aspat_946
Kelso;Kelso;09/03/2022;947;1.7;09/03/2022 09:47;E3/C3;0.769959522549976;0,9;-18,423691;146,985726;Aspat_947
Kelso;Kelso;09/03/2022;948;1.4;09/03/2022 09:48;C3;0.769080162831017;0,6;-18,423684;146,985709;Aspat_948
Kelso;Kelso;09/03/2022;949;6.1;09/03/2022 09:12;D2/D3;0.799702357409433;5,3;-18,423767;146,985506;Aspat_949
Kelso;Kelso;09/03/2022;950;1.6;09/03/2022 09:18;D2;0.794787474502859;0,8;-18,423745;146,985502;Aspat_950
Kelso;Kelso;09/03/2022;951;1.7;09/03/2022 09:20;D2;0.793128932740502;0,9;-18,423619;146,985512;Aspat_951
Kelso;Kelso;09/03/2022;952;1.6;09/03/2022 09:23;D2;0.790623393130365;0,8;-18,423585;146,9855;Aspat_952
Kelso;Kelso;09/03/2022;953;1.7;09/03/2022 09:26;D2;0.788097687520865;0,9;-18,42356;146,98547;Aspat_953
Kelso;Kelso;09/03/2022;954;1.7;09/03/2022 09:30;D2/D3;0.78470087912526;0,9;-18,423654;146,985455;Aspat_954
Kelso;Kelso;09/03/2022;955;1.6;09/03/2022 09:34;D2;0.781273447744061;0,8;-18,423533;146,985435;Aspat_955
Chicken;Chicken;10/03/2022;956;3.8;10/03/2022 09:47;C4;1.77269462105757;2;-18,669899;147,707242;Aspat_956
Kelso;Kelso;09/03/2022;957;1.6;09/03/2022 09:51;C4;0.766435963315042;0,8;-18,423685;146,985695;Aspat_957
Kelso;Kelso;09/03/2022;958;1.6;09/03/2022 09:53;E3/D4;0.764668549641796;0,8;-18,423674;146,985703;Aspat_958
Kelso;Kelso;09/03/2022;959;1.5;09/03/2022 09:55;B4;0.762897899598364;0,7;-18,423668;146,985723;Aspat_959
Kelso;Kelso;09/03/2022;960;1.4;09/03/2022 10:00;D2;0.75845968062871;0,6;-18,423655;146,985745;Aspat_960
Kelso;Kelso;09/03/2022;961;1.5;09/03/2022 10:01;C3/B2;0.757570440943131;0,7;-18,423662;146,985764;Aspat_961
Kelso;Kelso;09/03/2022;962;1.6;09/03/2022 10:03;E3/C4;0.755790757908975;0,8;-18,423683;146,985753;Aspat_962
Kelso;Kelso;09/03/2022;963;1.7;09/03/2022 10:04;C3;0.754900412726077;0,9;-18,423692;146,985758;Aspat_963
Kelso;Kelso;09/03/2022;964;1.3;09/03/2022 10:07;D2;0.752227951878159;0,5;-18,42369;146,985788;Aspat_964
Kelso;Kelso;09/03/2022;965;1.5;09/03/2022 10:09;D3/purple;0.750445614955072;0,7;-18,423662;146,985794;Aspat_965
Kelso;Kelso;09/03/2022;966;1.8;09/03/2022 10:12;C2/E3;0.747772048121841;1,1;-18,423651;146,985782;Aspat_966
Kelso;Kelso;09/03/2022;967;1.5;09/03/2022 10:21;C2;0.739763288908639;0,8;-18,423635;146,98576;Aspat_967
Kelso;Kelso;09/03/2022;968;1.6;09/03/2022 10:26;C3;0.735331450358204;0,9;-18,4236;146,985772;Aspat_968
Kelso;Kelso;09/03/2022;969;1.4;09/03/2022 10:27;C3/E3;0.734447314585671;0,7;-18,42359;146,985776;Aspat_969
Kelso;Kelso;09/03/2022;970;1.5;09/03/2022 10:34;D3;0.72828510930276;0,8;-18,423594;146,985813;Aspat_970
Kelso;Kelso;09/03/2022;971;1.7;09/03/2022 10:36;C2/C3;0.726534532183005;1;-18,423547;146,985886;Aspat_971
Kelso;Kelso;09/03/2022;972;1.8;09/03/2022 09:36;C3;0.779549192655697;1;-18,423537;146,985415;Aspat_972
Kelso;Kelso;09/03/2022;973;1.5;09/03/2022 09:39;D2;0.776950705173984;0,7;-18,423518;146,985415;Aspat_973
Kelso;Kelso;09/03/2022;974;1.4;09/03/2022 09:45;D3;0.77171489069724;0,6;-18,423476;146,985313;Aspat_974
Kelso;Kelso;09/03/2022;975;1.7;09/03/2022 09:47;C3;0.769959522549976;0,9;-18,423446;146,985313;Aspat_975
Kelso;Kelso;09/03/2022;976;1.7;09/03/2022 09:48;D1/D2;0.769080162831017;0,9;-18,423453;146,98532;Aspat_976
Kelso;Kelso;09/03/2022;977;1.5;09/03/2022 09:50;D2;0.767318334623139;0,7;-18,423423;146,98532;Aspat_977
Kelso;Kelso;09/03/2022;978;1.8;09/03/2022 09:52;E3;0.765552685414329;1;-18,423375;146,985339;Aspat_978
Kelso;Kelso;09/03/2022;979;1.5;09/03/2022 09:56;E4;0.762011482994892;0,7;-18,42333;146,98538;Aspat_979
Kelso;Kelso;09/03/2022;980;1.5;09/03/2022 09:58;D2;0.760236711091361;0,7;-18,423297;146,985356;Aspat_980
Kelso;Kelso;09/03/2022;981;1.6;09/03/2022 10:01;D2/D3;0.757570440943131;0,8;-18,423284;146,985361;Aspat_981
Kelso;Kelso;09/03/2022;982;1.5;09/03/2022 10:04;D2;0.754900412726077;0,7;-18,423263;146,985365;Aspat_982
Kelso;Kelso;09/03/2022;983;1.7;09/03/2022 10:05;C2;0.754009797240921;0,9;-18,423273;146,985349;Aspat_983
Kelso;Kelso;09/03/2022;984;1.4;09/03/2022 10:07;D2;0.752227951878159;0,6;-18,423287;146,985282;Aspat_984
Kelso;Kelso;09/03/2022;985;1.5;09/03/2022 10:08;C3;0.751336820285504;0,7;-18,423276;146,985239;Aspat_985
Kelso;Kelso;09/03/2022;986;1.6;09/03/2022 10:08;C3;0.751336820285504;0,8;-18,42322;146,985198;Aspat_986
Chicken;Chicken;10/03/2022;987;4.3;10/03/2022 09:37;D3;1.80257601633602;2,5;-18,670048;147,70725;Aspat_987
Chicken;Chicken;10/03/2022;988;4.1;10/03/2022 09:40;D3;1.79369593265437;2,3;-18,670031;147,707207;Aspat_988
Chicken;Chicken;10/03/2022;989;4.5;10/03/2022 09:42;D4;1.78773446657038;2,7;-18,669977;147,707209;Aspat_989
Chicken;Chicken;10/03/2022;990;2.7;10/03/2022 09:45;D3;1.77873314999188;0,9;-18,669958;147,707242;Aspat_990
Chicken;Chicken;10/03/2022;991;3.2;10/03/2022 10:15;D3;1.68570335129257;1,5;-18,669945;147,707441;Aspat_991
Chicken;Chicken;10/03/2022;992;2.6;10/03/2022 10:17;D4;1.67936458014959;0,9;-18,669998;147,707449;Aspat_992
Chicken;Chicken;10/03/2022;993;2.3;10/03/2022 10:23;C4;1.6602937953832;0,6;-18,669986;147,707448;Aspat_993
Chicken;Chicken;10/03/2022;994;3.5;10/03/2022 10:20;D4;1.66983820323216;1,8;-18,670001;147,707458;Aspat_994
Chicken;Chicken;10/03/2022;995;2.5;10/03/2022 10:25;D5;1.65392297260928;0,8;-18,670037;147,707416;Aspat_995
Chicken;Chicken;10/03/2022;996;3.1;10/03/2022 10:27;D4;1.64754733745277;1,5;-18,670052;147,707458;Aspat_996
Chicken;Chicken;10/03/2022;997;2.9;10/03/2022 10:30;D4;1.63797766724223;1,3;-18,670071;147,707474;Aspat_997
Chicken;Chicken;10/03/2022;998;2.4;10/03/2022 10:32;D5;1.63159561369269;0,8;-18,670077;147,707496;Aspat_998
Chicken;Chicken;10/03/2022;999;2.3;10/03/2022 10:34;D3;1.62521323916699;0,7;-18,67007;147,707542;Aspat_999
Chicken;Chicken;10/03/2022;1000;2.9;10/03/2022 10:38;D3;1.61245266254723;1,3;-18,670069;147,707557;Aspat_1000
Chicken;Chicken;10/03/2022;1501;3.5;10/03/2022 10:41;D4;1.60289093433243;1,9;-18,669954;147,707641;Aspat_1501
Chicken;Chicken;10/03/2022;1502;2.9;10/03/2022 10:42;C2;1.5997062046168;1,3;-18,669934;147,707631;Aspat_1502
Chicken;Chicken;10/03/2022;1503;2.3;10/03/2022 10:45;D3;1.59016179676784;0,7;-18,669915;147,707647;Aspat_1503
Chicken;Chicken;10/03/2022;1504;2.2;10/03/2022 10:47;D4;1.58380860904382;0,6;-18,669891;147,70765;Aspat_1504
Chicken;Chicken;10/03/2022;1505;2.9;10/03/2022 10:51;D4;1.57113138554114;1,3;-18,669833;147,707649;Aspat_1505
Chicken;Chicken;10/03/2022;1506;4.9;10/03/2022 09:26;D2;1.8344378825559;3,1;-18,670243;147,707176;Aspat_1506
Chicken;Chicken;10/03/2022;1507;4.8;10/03/2022 09:29;D2/D3;1.82586357175596;3;-18,670177;147,707149;Aspat_1507
Chicken;Chicken;10/03/2022;1508;6.4;10/03/2022 09:32;C3;1.81720061231312;4,6;-18,670196;147,707095;Aspat_1508
Chicken;Chicken;10/03/2022;1509;6.1;10/03/2022 09:35;B3;1.8084529251178;4,3;-18,670143;147,707036;Aspat_1509
Chicken;Chicken;10/03/2022;1510;3.3;10/03/2022 09:41;D3;1.79071924097993;1,5;-18,669605;147,706998;Aspat_1510
Chicken;Chicken;10/03/2022;1511;3.4;10/03/2022 09:43;D2;1.7847417595331;1,6;-18,669619;147,70699;Aspat_1511
Chicken;Chicken;10/03/2022;1512;1.9;10/03/2022 09:45;C3;1.77873314999188;0,1;-18,669588;147,706966;Aspat_1512
Chicken;Chicken;10/03/2022;1513;1.5;10/03/2022 09:47;C3;1.77269462105757;-0,3;-18,669571;147,7069;Aspat_1513
Chicken;Chicken;10/03/2022;1514;2;10/03/2022 09:50;D2;1.7635833875795;0,2;-18,66948;147,706859;Aspat_1514
Chicken;Chicken;10/03/2022;1515;1.4;10/03/2022 09:52;C3;1.75747538712626;-0,4;-18,669474;147,706875;Aspat_1515
Chicken;Chicken;10/03/2022;1516;1.3;10/03/2022 09:55;C2;1.74826569092786;-0,4;-18,669426;147,706876;Aspat_1516
Chicken;Chicken;10/03/2022;1517;1.5;10/03/2022 09:58;D2;1.73900246720053;-0,2;-18,669365;147,706865;Aspat_1517
Chicken;Chicken;10/03/2022;1518;1.4;10/03/2022 10:00;D2;1.73279931666593;-0,3;-18,669363;147,70688;Aspat_1518
Chicken;Chicken;10/03/2022;1519;1.6;10/03/2022 10:03;D2;1.72345620832321;-0,1;-18,669288;147,706917;Aspat_1519
Chicken;Chicken;10/03/2022;1520;1.6;10/03/2022 10:05;D2/D3;1.71720370833266;-0,1;-18,669297;147,706837;Aspat_1520
Chicken;Chicken;10/03/2022;1521;1.5;10/03/2022 10:07;D2;1.71093366630773;-0,2;-18,669341;147,706728;Aspat_1521
Chicken;Chicken;10/03/2022;1522;1.3;10/03/2022 10:10;C3;1.70149847193345;-0,4;-18,669281;147,706613;Aspat_1522
Chicken;Chicken;10/03/2022;1523;1.8;10/03/2022 10:13;D2;1.69203091706228;0,1;-18,669272;147,706599;Aspat_1523
Chicken;Chicken;10/03/2022;1524;1.3;10/03/2022 10:15;C3;1.68570335129257;-0,4;-18,669263;147,706531;Aspat_1524
Chicken;Chicken;10/03/2022;1525;1.5;10/03/2022 10:18;D2;1.67619139095618;-0,2;-18,669259;147,706465;Aspat_1525
Chicken;Chicken;10/03/2022;1526;1.6;10/03/2022 10:20;C3;1.66983820323216;-0,1;-18,669294;147,706362;Aspat_1526
Chicken;Chicken;10/03/2022;1527;1.3;10/03/2022 10:22;E3;1.66347700159287;-0,4;-18,669277;147,706265;Aspat_1527
Chicken;Chicken;10/03/2022;1528;1.4;10/03/2022 10:25;D2;1.65392297260928;-0,3;-18,669219;147,706159;Aspat_1528
Chicken;Chicken;10/03/2022;1529;1.3;10/03/2022 10:29;C3;1.64116817244641;-0,3;-18,669165;147,705974;Aspat_1529
Chicken;Chicken;10/03/2022;1530;1.6;10/03/2022 10:38;D2;1.61245266254723;0;-18,669634;147,706013;Aspat_1530
Chicken;Chicken;10/03/2022;1531;3;10/03/2022 10:43;D2;1.59652299840713;1,4;-18,669939;147,705889;Aspat_1531
Chicken;Chicken;10/03/2022;1532;3.2;10/03/2022 10:45;D3;1.59016179676784;1,6;-18,66994;147,705884;Aspat_1532
Chicken;Chicken;10/03/2022;1533;2.1;10/03/2022 10:47;C3;1.58380860904382;0,5;-18,669945;147,705881;Aspat_1533
Chicken;Chicken;10/03/2022;1534;3.3;10/03/2022 10:49;B3;1.57746471325225;1,7;-18,67002;147,705903;Aspat_1534
Chicken;Chicken;10/03/2022;1535;3;10/03/2022 10:51;C3;1.57113138554114;1,4;-18,670025;147,705901;Aspat_1535
Davies;Davies;12/03/2022;1536;1.8;12/03/2022 09:26;D4;1.79901043432935;0;-18,825859;147,626415;Aspat_1536
Davies;Davies;12/03/2022;1537;1.8;12/03/2022 09:27;C6;1.79431596137184;0;-18,825871;147,626419;Aspat_1537
Davies;Davies;12/03/2022;1538;1.9;12/03/2022 09:35;D4;1.75636218676581;0,1;-18,825882;147,626386;Aspat_1538
Davies;Davies;12/03/2022;1539;1.9;12/03/2022 09:38;D5;1.74196551324252;0,2;-18,825906;147,626386;Aspat_1539
Davies;Davies;12/03/2022;1540;1.8;12/03/2022 09:40;D5;1.73232411777982;0,1;-18,82592;147,626429;Aspat_1540
Davies;Davies;12/03/2022;1541;1.9;12/03/2022 09:41;C4;1.72749118446373;0,2;-18,825968;147,626451;Aspat_1541
Davies;Davies;12/03/2022;1542;1.9;12/03/2022 09:43;D5;1.71780226541121;0,2;-18,825962;147,626476;Aspat_1542
Davies;Davies;12/03/2022;1543;1.9;12/03/2022 09:44;D4;1.71294684853458;0,2;-18,825956;147,626479;Aspat_1543
Davies;Davies;12/03/2022;1544;1.8;12/03/2022 09:47;C5;1.69834019055137;0,1;-18,825974;147,626483;Aspat_1544
Davies;Davies;12/03/2022;1545;2;12/03/2022 09:49;D4;1.68857160533823;0,3;-18,825978;147,626527;Aspat_1545
Davies;Davies;12/03/2022;1546;2;12/03/2022 09:51;D4;1.67878104518984;0,3;-18,826015;147,626526;Aspat_1546
Davies;Davies;12/03/2022;1547;1.9;12/03/2022 09:53;D6;1.66897080938197;0,2;-18,825987;147,626538;Aspat_1547
Davies;Davies;12/03/2022;1548;1.9;12/03/2022 09:54;C5;1.66405903290768;0,2;-18,826001;147,626555;Aspat_1548
Davies;Davies;12/03/2022;1549;1.8;12/03/2022 09:56;D5;1.65422360471265;0,1;-18,825988;147,62659;Aspat_1549
Davies;Davies;12/03/2022;1550;1.9;12/03/2022 10:00;D4;1.63451333608756;0,3;-18,825964;147,626623;Aspat_1550
Davies;Davies;12/03/2022;1551;5.7;12/03/2022 09:27;C3;1.79431596137184;3,9;-18,825865;147,626609;Aspat_1551
Davies;Davies;12/03/2022;1552;4.8;12/03/2022 09:30;C3;1.78016343449113;3;-18,825875;147,62662;Aspat_1552
Davies;Davies;12/03/2022;1553;5.3;12/03/2022 09:32;D2/D3;1.77067359796076;3,5;-18,825873;147,62664;Aspat_1553
Davies;Davies;12/03/2022;1554;4.1;12/03/2022 09:35;D3;1.75636218676581;2,3;-18,825879;147,626661;Aspat_1554
Davies;Davies;12/03/2022;1555;3.5;12/03/2022 09:38;B3;1.74196551324252;1,8;-18,825885;147,626673;Aspat_1555
Davies;Davies;12/03/2022;1556;3;12/03/2022 09:39;D3;1.73714898846601;1,3;-18,825883;147,626682;Aspat_1556
Davies;Davies;12/03/2022;1557;2.1;12/03/2022 09:41;B3;1.72749118446373;0,4;-18,825902;147,626646;Aspat_1557
Davies;Davies;12/03/2022;1558;3.2;12/03/2022 09:43;C3;1.71780226541121;1,5;-18,82594;147,626663;Aspat_1558
Davies;Davies;12/03/2022;1559;2.1;12/03/2022 09:45;D3;1.70808450671422;0,4;-18,825767;147,62643;Aspat_1559
Davies;Davies;12/03/2022;1560;4.1;12/03/2022 09:57;D4;1.6493005304536;2,5;-18,825762;147,626444;Aspat_1560
Davies;Davies;12/03/2022;1561;4.2;12/03/2022 09:58;D2/D3;1.64437426807954;2,6;-18,825755;147,626447;Aspat_1561
Davies;Davies;12/03/2022;1562;3.9;12/03/2022 09:50;C2;1.68367892854084;2,2;-18,82577;147,626469;Aspat_1562
Davies;Davies;12/03/2022;1563;3.5;12/03/2022 09:52;C2/C3;1.67387824285177;1,8;-18,82579;147,626481;Aspat_1563
Davies;Davies;12/03/2022;1564;3.8;12/03/2022 10:00;C3;1.63451333608756;2,2;-18,825689;147,626434;Aspat_1564
Davies;Davies;12/03/2022;1565;3.4;12/03/2022 10:02;C3;1.62464312453903;1,8;-18,825615;147,626457;Aspat_1565
Davies;Davies;12/03/2022;1566;1.8;12/03/2022 10:05;D6;1.60982547909443;0,2;-18,82562;147,626455;Aspat_1566
Davies;Davies;12/03/2022;1567;2;12/03/2022 10:08;D4;1.595;0,4;-18,825596;147,626534;Aspat_1567
Davies;Davies;12/03/2022;1568;2;12/03/2022 10:11;D4;1.58017452090557;0,4;-18,825596;147,626534;Aspat_1568
Davies;Davies;12/03/2022;1569;1.9;12/03/2022 10:13;D4;1.57029473676993;0,3;-18,825446;147,626433;Aspat_1569
Davies;Davies;12/03/2022;1570;1.8;12/03/2022 10:15;D4;1.56042075457129;0,2;-18,825503;147,626439;Aspat_1570
Davies;Davies;12/03/2022;1571;1.9;12/03/2022 10:19;D4;1.5406994695464;0,4;-18,825484;147,626413;Aspat_1571
Davies;Davies;12/03/2022;1572;1.9;12/03/2022 10:21;C5;1.53085679818885;0,4;-18,825469;147,626454;Aspat_1572
Davies;Davies;12/03/2022;1573;1.8;12/03/2022 10:24;D5;1.51612175714823;0,3;-18,825492;147,62644;Aspat_1573
Davies;Davies;12/03/2022;1581;3.5;12/03/2022 10:04;C2/C3;1.61476595141557;1,9;-18,825474;147,626425;Aspat_1581
Davies;Davies;12/03/2022;1582;3.6;12/03/2022 10:07;C3/C4;1.59994221325146;2;-18,825455;147,626416;Aspat_1582
Davies;Davies;12/03/2022;1583;2.8;12/03/2022 10:09;C3/C4;1.59005778674854;1,2;-18,825442;147,626479;Aspat_1583
Davies;Davies;12/03/2022;1584;3.7;12/03/2022 10:11;C4;1.58017452090557;2,1;-18,825365;147,626494;Aspat_1584
Davies;Davies;12/03/2022;1585;4.3;12/03/2022 10:14;C3;1.56535687546097;2,7;-18,825355;147,626527;Aspat_1585
Davies;Davies;12/03/2022;1586;3.2;12/03/2022 10:16;C3;1.55548666391245;1,6;-18,825385;147,62658;Aspat_1586
Davies;Davies;12/03/2022;1587;3.9;12/03/2022 10:18;B3;1.54562573192046;2,4;-18,825382;147,626606;Aspat_1587
Davies;Davies;12/03/2022;1588;3.2;12/03/2022 10:20;C3;1.53577639528735;1,7;-18,8254;147,626624;Aspat_1588
Davies;Davies;12/03/2022;1589;2.7;12/03/2022 10:22;C3/C4;1.52594096709232;1,2;-18,825441;147,626639;Aspat_1589
Davies;Davies;12/03/2022;1590;3.2;12/03/2022 10:25;C5;1.51121895481016;1,7;-18,825315;147,626725;Aspat_1590
Davies;Davies;12/03/2022;1591;2.8;12/03/2022 10:27;D3;1.50142839466177;1,3;-18,825289;147,626655;Aspat_1591
Davies;Davies;12/03/2022;1592;3.2;12/03/2022 10:29;C5;1.49165980944863;1,7;-18,825317;147,626702;Aspat_1592
Davies;Davies;12/03/2022;1593;2.2;12/03/2022 10:32;D5;1.47705315146543;0,7;-18,825247;147,626596;Aspat_1593
Davies;Davies;12/03/2022;1594;4.2;12/03/2022 10:35;C3;1.46250881553627;2,7;-18,825202;147,626635;Aspat_1594
Davies;Davies;12/03/2022;1595;4;12/03/2022 10:36;B3;1.45767588222018;2,5;-18,825193;147,626659;Aspat_1595
Lady Musgrave;Lady Musgrave;24/03/2022;1596;5;24/03/2022 08:00;D5;1.01443361308129;4;-23,90743973;152,3867061;Aspat_1596
Lady Musgrave;Lady Musgrave;24/03/2022;1597;5;24/03/2022 08:00;D4;1.01443361308129;4;-23,90743109;152,386691;Aspat_1597
Lady Musgrave;Lady Musgrave;24/03/2022;1598;5.1;24/03/2022 08:01;D3;1.01565453574476;4,1;-23,90741182;152,3866715;Aspat_1598
Lady Musgrave;Lady Musgrave;24/03/2022;1599;5.2;24/03/2022 08:02;D3;1.01690401094189;4,2;-23,90742783;152,3866732;Aspat_1599
Lady Musgrave;Lady Musgrave;24/03/2022;1600;4.8;24/03/2022 08:24;C4;1.05135544001616;3,7;-23,90737393;152,3865905;Aspat_1600
Lady Musgrave;Lady Musgrave;24/03/2022;1601;4.6;24/03/2022 08:26;C4;1.05511885823672;3,5;-23,90741014;152,3865734;Aspat_1601
Lady Musgrave;Lady Musgrave;24/03/2022;1602;3.5;24/03/2022 08:42;B5;1.08868885817737;2,4;-23,9075072;152,3865234;Aspat_1602
Lady Musgrave;Lady Musgrave;24/03/2022;1603;5.3;24/03/2022 08:53;D3/D4;1.11505428143255;4,2;-23,90767048;152,3866346;Aspat_1603
Lady Musgrave;Lady Musgrave;24/03/2022;1604;3.3;24/03/2022 08:57;D4;1.12523882951976;2,2;-23,90768666;152,3866475;Aspat_1604
Lady Musgrave;Lady Musgrave;24/03/2022;1605;3.2;24/03/2022 08:59;D4;1.13044267553483;2,1;-23,90773108;152,3866667;Aspat_1605
Lady Musgrave;Lady Musgrave;24/03/2022;1606;1;24/03/2022 12:30;E3;1.65554188482467;-0,7;-23,90830969;152,3865203;Aspat_1606
Lady Musgrave;Lady Musgrave;24/03/2022;1607;0.7;24/03/2022 12:34;E4;1.65739059708279;-1;-23,90832494;152,3864977;Aspat_1607
Lady Musgrave;Lady Musgrave;24/03/2022;1608;0.7;24/03/2022 12:36;B4;1.65813103922139;-1;-23,90835813;152,3865083;Aspat_1608
Lady Musgrave;Lady Musgrave;24/03/2022;1609;0.7;24/03/2022 12:39;D4;1.65901102520127;-1;-23,90836962;152,3865145;Aspat_1609
Lady Musgrave;Lady Musgrave;24/03/2022;1610;0.7;24/03/2022 12:40;D3;1.65924272879649;-1;-23,90836618;152,3865228;Aspat_1610
Lady Musgrave;Lady Musgrave;24/03/2022;1611;3;24/03/2022 08:18;E4;1.04067671836469;2;-23,88356882;152,41571;Aspat_1611
Lady Musgrave;Lady Musgrave;24/03/2022;1612;5.2;24/03/2022 08:30;E4;1.0629431813766;4,1;-23,88372414;152,4158023;Aspat_1612
Lady Musgrave;Lady Musgrave;24/03/2022;1613;2.3;24/03/2022 08:53;D3/D4;1.11505428143255;1,2;-23,88355432;152,4162366;Aspat_1613
Lady Musgrave;Lady Musgrave;24/03/2022;1614;3.8;24/03/2022 09:00;E4;1.13307165545269;2,7;-23,8834099;152,4165353;Aspat_1614
Lady Musgrave;Lady Musgrave;24/03/2022;1615;4.8;24/03/2022 09:06;D4/D5;1.14920894289035;3,7;-23,88336388;152,4167807;Aspat_1615
Lady Musgrave;Lady Musgrave;24/03/2022;1616;2.3;24/03/2022 09:20;B4;1.18903730755372;1,1;-23,88349799;152,4164156;Aspat_1616
Lady Musgrave;Lady Musgrave;24/03/2022;1617;NA;;NA;NA;;-23,90760938;152,3866694;Aspat_1617
Lady Musgrave;Lady Musgrave;24/03/2022;1618;NA;;NA;NA;;-23,90765657;152,3866973;Aspat_1618
Lady Musgrave;Lady Musgrave;24/03/2022;1619;3.1;24/03/2022 11:48;D4;1.60760816473152;1,5;-23,90766101;152,3866995;Aspat_1619
Lady Musgrave;Lady Musgrave;24/03/2022;1620;3;24/03/2022 12:03;E5;1.630511844993;1,4;-23,90769848;152,3866834;Aspat_1620
Lady Musgrave;Lady Musgrave;24/03/2022;1621;2.7;24/03/2022 12:06;C3;1.63434546425524;1,1;-23,90772924;152,3867169;Aspat_1621
Lady Musgrave;Lady Musgrave;24/03/2022;1622;2.7;24/03/2022 12:12;E3;1.6412388608622;1,1;-23,90789662;152,3867519;Aspat_1622
Lady Musgrave;Lady Musgrave;24/03/2022;1623;2.5;24/03/2022 12:16;C4;1.64525211055935;0,9;-23,9080216;152,3867485;Aspat_1623
Lady Musgrave;Lady Musgrave;24/03/2022;1624;1.1;24/03/2022 12:20;D3;1.64879246737657;-0,5;-23,9083101;152,3865646;Aspat_1624
Lady Musgrave;Lady Musgrave;24/03/2022;1625;0.6;24/03/2022 12:31;E3;1.65604994003584;-1,1;-23,90832678;152,3865125;Aspat_1625
Lady Musgrave;Lady Musgrave;24/03/2022;1626;1;24/03/2022 14:47;B4;1.44060356828868;-0,4;-23,90860246;152,3867034;Aspat_1626
Lady Musgrave;Lady Musgrave;24/03/2022;1627;1;24/03/2022 14:52;E3;1.423862288906;-0,4;-23,90872367;152,386629;Aspat_1627
Lady Musgrave;Lady Musgrave;24/03/2022;1628;1;24/03/2022 14:54;E3;1.41705826440436;-0,4;-23,90881679;152,386503;Aspat_1628
Lady Musgrave;Lady Musgrave;24/03/2022;1629;1;24/03/2022 14:58;B3;1.40327755086727;-0,4;-23,90892844;152,3864628;Aspat_1629
Lady Musgrave;Lady Musgrave;24/03/2022;1630;1;24/03/2022 15:00;D2;1.39630515442935;-0,4;-23,90908836;152,386376;Aspat_1630
Lady Musgrave;Lady Musgrave;24/03/2022;1631;1;24/03/2022 15:04;C3;1.38220714080604;-0,4;-23,90915475;152,3863735;Aspat_1631
Lady Musgrave;Lady Musgrave;24/03/2022;1632;1;24/03/2022 15:08;E3;1.36791949603873;-0,4;-23,90931292;152,3862838;Aspat_1632
Lady Musgrave;Lady Musgrave;24/03/2022;1633;1;24/03/2022 15:10;B3/E3;1.36071011604751;-0,4;-23,90933219;152,3862881;Aspat_1633
Lady Musgrave;Lady Musgrave;24/03/2022;1634;1;24/03/2022 15:14;E4;1.34617146851196;-0,3;-23,90942582;152,3862434;Aspat_1634
Lady Musgrave;Lady Musgrave;24/03/2022;1635;1;24/03/2022 15:20;E3;1.32409782908806;-0,3;-23,90954635;152,3860341;Aspat_1635
Lady Musgrave;Lady Musgrave;24/03/2022;1636;1;24/03/2022 15:23;D2;1.31295820812608;-0,3;-23,90977342;152,3860339;Aspat_1636
Lady Musgrave;Lady Musgrave;24/03/2022;1637;1;24/03/2022 15:28;E3;1.29426684677123;-0,3;-23,9101558;152,3860247;Aspat_1637
Lady Musgrave;Lady Musgrave;24/03/2022;1638;1;24/03/2022 15:30;E3;1.28675322786182;-0,3;-23,90985128;152,3857347;Aspat_1638
Lady Musgrave;Lady Musgrave;24/03/2022;1641;2.6;24/03/2022 11:45;C5;1.60230695115054;1;-23,9083231;152,3863455;Aspat_1641
Lady Musgrave;Lady Musgrave;24/03/2022;1642;2.3;24/03/2022 11:47;C3;1.60586696314225;0,7;-23,90838822;152,3863165;Aspat_1642
Lady Musgrave;Lady Musgrave;24/03/2022;1643;2.3;24/03/2022 11:50;D3;1.61101215554863;0,7;-23,90839644;152,3863147;Aspat_1643
Lady Musgrave;Lady Musgrave;24/03/2022;1644;3.5;24/03/2022 11:57;C4;1.62208668383432;1,9;-23,90854949;152,3861689;Aspat_1644
Lady Musgrave;Lady Musgrave;24/03/2022;1645;3.4;24/03/2022 12:08;C3;1.63675864435757;1,8;-23,90860758;152,386056;Aspat_1645
Lady Musgrave;Lady Musgrave;24/03/2022;1646;1.9;24/03/2022 12:37;C3;1.65845515476035;0,2;-23,90953411;152,3859078;Aspat_1646
Lady Musgrave;Lady Musgrave;24/03/2022;1647;2.2;24/03/2022 12:40;C5;1.65924272879649;0,5;-23,90953512;152,3858995;Aspat_1647
Lady Musgrave;Lady Musgrave;24/03/2022;1648;2.2;24/03/2022 12:42;C5;1.65961356580742;0,5;-23,9095891;152,3859064;Aspat_1648
Lady Musgrave;Lady Musgrave;24/03/2022;1649;3.7;24/03/2022 12:50;D5;1.65984932008968;2;-23,90987844;152,3857418;Aspat_1649
Lady Musgrave;Lady Musgrave;24/03/2022;1650;1;24/03/2022 14:33;E3;1.48519726948896;-0,5;-23,90845218;152,386493;Aspat_1650
Lady Musgrave;Lady Musgrave;24/03/2022;1651;1;24/03/2022 14:36;E3;1.47594664471388;-0,5;-23,90848931;152,3865544;Aspat_1651
Lady Musgrave;Lady Musgrave;24/03/2022;1652;1;24/03/2022 14:38;D2;1.46968339605842;-0,5;-23,90852552;152,3866161;Aspat_1652
Lady Musgrave;Lady Musgrave;24/03/2022;1653;1;24/03/2022 14:45;E3;1.44718709173875;-0,4;-23,90854991;152,3866916;Aspat_1653
Lady Musgrave;Lady Musgrave;24/03/2022;1654;1;24/03/2022 14:42;E3;1.4569348937715;-0,5;-23,90853968;152,3866672;Aspat_1654
Lady Musgrave;Lady Musgrave;24/03/2022;1655;1;24/03/2022 15:33;E3;1.27545038571042;-0,3;;;Aspat_1655
Fitzroy Reef;Fitzroy Reef;25/03/2022;1656;2.5;25/03/2022 13:53;C3;1.76800860196621;0,7;-23,61269848;152,1551499;Aspat_1656
Fitzroy Reef;Fitzroy Reef;25/03/2022;1657;2.3;25/03/2022 13:57;C3;1.77128525691613;0,5;-23,61273696;152,1551793;Aspat_1657
Fitzroy Reef;Fitzroy Reef;25/03/2022;1658;2.1;25/03/2022 13:58;D4;1.77202387426784;0,3;-23,61273981;152,1551789;Aspat_1658
Fitzroy Reef;Fitzroy Reef;25/03/2022;1659;1.2;25/03/2022 14:04;D2;1.77577394781856;-0,6;-23,61276244;152,1551767;Aspat_1659
Fitzroy Reef;Fitzroy Reef;25/03/2022;1660;1.2;25/03/2022 14:06;D3;1.77676296176663;-0,6;-23,61279085;152,1551679;Aspat_1660
Fitzroy Reef;Fitzroy Reef;25/03/2022;1661;1.2;25/03/2022 14:09;D2;1.77800049180942;-0,6;-23,61285313;152,155153;Aspat_1661
Fitzroy Reef;Fitzroy Reef;25/03/2022;1662;1.2;25/03/2022 14:11;D3;1.77866108176488;-0,6;-23,61286864;152,1551611;Aspat_1662
Fitzroy Reef;Fitzroy Reef;25/03/2022;1663;1.2;25/03/2022 14:13;D3;1.77918984132237;-0,6;-23,61289487;152,1551909;Aspat_1663
Fitzroy Reef;Fitzroy Reef;25/03/2022;1664;1.2;25/03/2022 14:16;D3;1.77973539244717;-0,6;-23,61289144;152,155196;Aspat_1664
Fitzroy Reef;Fitzroy Reef;25/03/2022;1665;1.2;25/03/2022 14:19;D3;1.77998346015427;-0,6;-23,61294835;152,1551952;Aspat_1665
Fitzroy Reef;Fitzroy Reef;25/03/2022;1666;1.2;25/03/2022 14:22;D2;1.77993305768213;-0,6;-23,61311037;152,155027;Aspat_1666
Fitzroy Reef;Fitzroy Reef;25/03/2022;1667;1.2;25/03/2022 14:24;B4;1.77973225181687;-0,6;-23,61315354;152,1549629;Aspat_1667
Fitzroy Reef;Fitzroy Reef;25/03/2022;1668;1.2;25/03/2022 14:26;D2;1.77939764566262;-0,6;-23,61314868;152,1549424;Aspat_1668
Fitzroy Reef;Fitzroy Reef;25/03/2022;1669;1.2;25/03/2022 14:29;E4;1.77864510298807;-0,6;-23,6132102;152,1549204;Aspat_1669
Fitzroy Reef;Fitzroy Reef;25/03/2022;1670;1.2;25/03/2022 14:32;D2;1.77759229008931;-0,6;-23,61324825;152,1548894;Aspat_1670
Fitzroy Reef;Fitzroy Reef;25/03/2022;1671;1.2;25/03/2022 14:33;D2;1.77717474859312;-0,6;-23,61323677;152,1548745;Aspat_1671
Fitzroy Reef;Fitzroy Reef;25/03/2022;1672;1.2;25/03/2022 14:36;D3;1.77572277287835;-0,6;-23,61323434;152,1548535;Aspat_1672
Fitzroy Reef;Fitzroy Reef;25/03/2022;1673;1.1;25/03/2022 14:47;B4;1.7678577046375;-0,7;-23,61330198;152,1548048;Aspat_1673
Fitzroy Reef;Fitzroy Reef;25/03/2022;1674;1.1;25/03/2022 14:49;D2;1.76600252523639;-0,7;-23,61333735;152,1547489;Aspat_1674
Fitzroy Reef;Fitzroy Reef;25/03/2022;1675;1.1;25/03/2022 14:51;E3;1.76401787072145;-0,7;-23,61333995;152,1546884;Aspat_1675
Fitzroy Reef;Fitzroy Reef;25/03/2022;1676;1.1;25/03/2022 14:52;D2;1.76297718408682;-0,7;-23,61333442;152,1546905;Aspat_1676
Fitzroy Reef;Fitzroy Reef;25/03/2022;1677;1.1;25/03/2022 14:55;B3;1.7596626777854;-0,7;-23,613377;152,1546883;Aspat_1677
Fitzroy Reef;Fitzroy Reef;25/03/2022;1678;1.1;25/03/2022 14:58;B3;1.75606135558045;-0,7;-23,61338505;152,1546684;Aspat_1678
Fitzroy Reef;Fitzroy Reef;25/03/2022;1679;1.1;25/03/2022 15:00;D3;1.75350238414184;-0,7;-23,61339368;152,1546109;Aspat_1679
Fitzroy Reef;Fitzroy Reef;25/03/2022;1680;1;25/03/2022 15:04;C4;1.74800867508778;-0,7;-23,61335688;152,1544077;Aspat_1680
Fitzroy Reef;Fitzroy Reef;25/03/2022;1681;2;25/03/2022 15:06;E4;1.74507566811525;0,3;-23,61333325;152,1543921;Aspat_1681
Fitzroy Reef;Fitzroy Reef;25/03/2022;1682;1;25/03/2022 15:12;D2;1.73554324022704;-0,7;-23,6131967;152,1543092;Aspat_1682
Fitzroy Reef;Fitzroy Reef;25/03/2022;1683;1;25/03/2022 15:14;D3;1.73212463189904;-0,7;-23,61311716;152,1543358;Aspat_1683
Fitzroy Reef;Fitzroy Reef;25/03/2022;1684;1;25/03/2022 15:19;D2;1.72306079660839;-0,7;-23,61304265;152,1543612;Aspat_1684
Fitzroy Reef;Fitzroy Reef;25/03/2022;1685;1;25/03/2022 15:21;D2;1.71923133479496;-0,7;-23,61297802;152,1544509;Aspat_1685
Fitzroy Reef;Fitzroy Reef;25/03/2022;1686;1;25/03/2022 15:27;D2;1.70705950839215;-0,7;-23,61292337;152,1544842;Aspat_1686
Fitzroy Reef;Fitzroy Reef;25/03/2022;1687;1;25/03/2022 15:01;B3/B4;1.75217577000904;-0,8;-23,61279773;152,1476459;Aspat_1687
Fitzroy Reef;Fitzroy Reef;25/03/2022;1688;1;25/03/2022 15:03;E3/E4;1.74942880731044;-0,7;-23,61268482;152,1476954;Aspat_1688
Fitzroy Reef;Fitzroy Reef;25/03/2022;1689;1;25/03/2022 14:57;E4;1.75729351134879;-0,8;-23,61283083;152,1475072;Aspat_1689
Fitzroy Reef;Fitzroy Reef;25/03/2022;1690;1;25/03/2022 14:49;E3/E4;1.76600252523639;-0,8;-23,61320064;152,1471301;Aspat_1690
Fitzroy Reef;Fitzroy Reef;25/03/2022;1691;1;25/03/2022 14:47;E3/E4;1.7678577046375;-0,8;-23,6131807;152,1471603;Aspat_1691
Fitzroy Reef;Fitzroy Reef;25/03/2022;1692;1;25/03/2022 14:45;E4;1.7695828245012;-0,8;-23,61311691;152,1474468;Aspat_1692
Fitzroy Reef;Fitzroy Reef;25/03/2022;1693;1;25/03/2022 14:43;E3/E4;1.77117734137563;-0,8;-23,61308808;152,1474849;Aspat_1693
Fitzroy Reef;Fitzroy Reef;25/03/2022;1694;1;25/03/2022 14:39;E3;1.77397259822194;-0,8;-23,61294986;152,1475393;Aspat_1694
Fitzroy Reef;Fitzroy Reef;25/03/2022;1695;1;25/03/2022 14:34;D3/D4;1.77672395778791;-0,8;-23,61271592;152,1478878;Aspat_1695
Fitzroy Reef;Fitzroy Reef;25/03/2022;1696;1;25/03/2022 14:31;D3/D4;1.77797654939206;-0,8;-23,61271424;152,147891;Aspat_1696
Fitzroy Reef;Fitzroy Reef;25/03/2022;1697;1;25/03/2022 14:28;D3;1.77892934462791;-0,8;-23,61268122;152,1479282;Aspat_1697
Fitzroy Reef;Fitzroy Reef;25/03/2022;1698;1;25/03/2022 14:24;D3/D4;1.77973225181687;-0,8;-23,61267929;152,1480325;Aspat_1698
Fitzroy Reef;Fitzroy Reef;25/03/2022;1699;1;25/03/2022 14:22;B3/B4;1.77993305768213;-0,8;-23,61263922;152,1480894;Aspat_1699
Fitzroy Reef;Fitzroy Reef;25/03/2022;1700;1;25/03/2022 14:18;E3/E4;1.77993384211609;-0,8;-23,61261995;152,1481099;Aspat_1700
Fitzroy Reef;Fitzroy Reef;25/03/2022;1701;1;25/03/2022 14:16;E3/B4;1.77973539244717;-0,8;-23,6125663;152,1481586;Aspat_1701
Fitzroy Reef;Fitzroy Reef;25/03/2022;1702;1;25/03/2022 14:11;E3;1.77866108176488;-0,8;-23,61244711;152,1482531;Aspat_1702
Fitzroy Reef;Fitzroy Reef;25/03/2022;1703;1;25/03/2022 14:08;E3/E4;1.77762083340222;-0,8;-23,61241744;152,1483251;Aspat_1703
Fitzroy Reef;Fitzroy Reef;25/03/2022;1704;1;25/03/2022 14:06;E3;1.77676296176663;-0,8;-23,61237461;152,1483562;Aspat_1704
Fitzroy Reef;Fitzroy Reef;25/03/2022;1705;1;25/03/2022 14:05;E3/E4;1.77628482628654;-0,8;-23,61233228;152,1483573;Aspat_1705
Fitzroy Reef;Fitzroy Reef;25/03/2022;1706;1;25/03/2022 14:02;E3;1.77465415008441;-0,8;-23,61230537;152,1483886;Aspat_1706
Fitzroy Reef;Fitzroy Reef;25/03/2022;1707;1;25/03/2022 13:59;E3/E4;1.77273013479872;-0,8;-23,61223681;152,1483894;Aspat_1707
Fitzroy Reef;Fitzroy Reef;25/03/2022;1708;1;25/03/2022 13:56;E3;1.77051434968395;-0,8;-23,61219741;152,1483736;Aspat_1708
Fitzroy Reef;Fitzroy Reef;25/03/2022;1709;1;25/03/2022 13:53;E3/E4;1.76800860196621;-0,8;-23,61212407;152,148339;Aspat_1709
Fitzroy Reef;Fitzroy Reef;25/03/2022;1710;1;25/03/2022 13:51;E3;1.76617801271566;-0,8;-23,61204537;152,1483796;Aspat_1710
Fitzroy Reef;Fitzroy Reef;25/03/2022;1711;1;25/03/2022 13:48;D3;1.76319365164157;-0,8;-23,61202022;152,1484059;Aspat_1711
Fitzroy Reef;Fitzroy Reef;25/03/2022;1712;1;25/03/2022 13:45;E3/E4;1.75992529883085;-0,8;-23,61199122;152,1484624;Aspat_1712
Fitzroy Reef;Fitzroy Reef;25/03/2022;1713;1;25/03/2022 13:42;B3/B4;1.75637561999893;-0,8;-23,61193506;152,1484239;Aspat_1713
Fitzroy Reef;Fitzroy Reef;25/03/2022;1714;1.1;25/03/2022 13:40;E3/E4;1.75385429555087;-0,7;-23,61183649;152,1483399;Aspat_1714
Fitzroy Reef;Fitzroy Reef;25/03/2022;1715;1;25/03/2022 13:37;E4;1.74984228597283;-0,7;-23,61178771;152,1482628;Aspat_1715
Fitzroy Reef;Fitzroy Reef;25/03/2022;1716;1;25/03/2022 13:36;B4/B5;1.74844409203955;-0,7;-23,61177354;152,148235;Aspat_1716
Heron;Heron;26/03/2022;1717;2.2;26/03/2022 16:03;C5;1.9877920989828;0,2;-23,43974219;151,9800225;Aspat_1717
Heron;Heron;26/03/2022;1718;1.2;26/03/2022 16:10;B4;1.99365800608227;-0,8;-23,43960883;151,9798389;Aspat_1718
Heron;Heron;26/03/2022;1719;1.2;26/03/2022 16:10;B4;1.99365800608227;-0,8;-23,43965795;151,9797847;Aspat_1719
Heron;Heron;26/03/2022;1720;1;26/03/2022 16:11;B5;1.99434170500944;-1;-23,43968485;151,9797746;Aspat_1720
Heron;Heron;26/03/2022;1721;1;26/03/2022 16:14;B5;1.99616002921025;-1;-23,43969902;151,9797729;Aspat_1721
Heron;Heron;26/03/2022;1722;1;26/03/2022 16:15;B5;1.99668837593652;-1;-23,43974303;151,9797493;Aspat_1722
Heron;Heron;26/03/2022;1723;1.1;26/03/2022 16:17;D4;1.99762815496412;-0,9;-23,43975342;151,979739;Aspat_1723
Heron;Heron;26/03/2022;1724;1.2;26/03/2022 16:19;B4;1.9984117892481;-0,8;-23,43977496;151,9797213;Aspat_1724
Heron;Heron;26/03/2022;1725;1;26/03/2022 16:25;D4;1.9998234427666;-1;-23,43968452;151,9795906;Aspat_1725
Heron;Heron;26/03/2022;1726;1.4;26/03/2022 16:24;D4;1.99968613592381;-0,6;-23,43975786;151,979636;Aspat_1726
Heron;Heron;26/03/2022;1727;0.7;26/03/2022 16:26;B6;1.9999215273595;-1,3;-23,43966725;151,9795826;Aspat_1727
Heron;Heron;26/03/2022;1728;1.2;26/03/2022 16:32;B6;1.9997049498552;-0,8;-23,43961998;151,9797301;Aspat_1728
Heron;Heron;26/03/2022;1729;1;26/03/2022 16:33;D4;1.99953901248985;-1;-23,43966071;151,9797433;Aspat_1729
Heron;Heron;26/03/2022;1730;1;26/03/2022 16:34;C4;1.999336227863;-1;-23,43967086;151,9797437;Aspat_1730
Heron;Heron;26/03/2022;1731;1.2;26/03/2022 16:37;D4;1.99850697172228;-0,8;-23,43963532;151,9797716;Aspat_1731
Heron;Heron;26/03/2022;1732;0.7;26/03/2022 11:55;E4;1.16031922586765;-0,5;-23,43907163;151,9822522;Aspat_1732
Heron;Heron;26/03/2022;1733;0.8;26/03/2022 11:57;E4;1.16544159453538;-0,4;-23,43908429;151,9822389;Aspat_1733
Heron;Heron;26/03/2022;1734;0.7;26/03/2022 11:58;E4/E5;1.16804966313068;-0,5;-23,43905579;151,982217;Aspat_1734
Heron;Heron;26/03/2022;1735;0.8;26/03/2022 12:01;B3/B4;1.17605875732391;-0,4;-23,4390055;151,9820785;Aspat_1735
Heron;Heron;26/03/2022;1736;1.3;26/03/2022 12:04;E3/E4;1.18434042645374;0,1;-23,43897323;151,9820732;Aspat_1736
Heron;Heron;26/03/2022;1737;2.2;26/03/2022 12:06;B3/B4;1.19000987243159;1;-23,43888187;151,9819631;Aspat_1737
Heron;Heron;26/03/2022;1738;1.3;26/03/2022 12:09;B3;1.19873175754438;0,1;-23,43889008;151,9818672;Aspat_1738
Heron;Heron;26/03/2022;1739;0.5;26/03/2022 12:13;B3/B4;1.21075698749129;-0,7;-23,43914372;151,9818917;Aspat_1739
Heron;Heron;26/03/2022;1740;0.6;26/03/2022 12:15;B3/B4;1.21693478271449;-0,6;-23,43939216;151,9819606;Aspat_1740
Heron;Heron;26/03/2022;1741;1.7;26/03/2022 12:19;E4/E5;1.2296103088178;0,5;-23,43929082;151,9817874;Aspat_1741
Heron;Heron;26/03/2022;1742;1.6;26/03/2022 12:22;E3/E4;1.23938845708237;0,4;-23,43927607;151,9816192;Aspat_1742
Heron;Heron;26/03/2022;1743;0.7;26/03/2022 12:27;B3/B4;1.25618047832966;-0,6;-23,43950188;151,9816625;Aspat_1743
Heron;Heron;26/03/2022;1744;0.6;26/03/2022 12:30;E3/E4;1.26654028734135;-0,7;-23,43941965;151,9818036;Aspat_1744
Heron;Heron;26/03/2022;1745;0.5;26/03/2022 12:35;E3/E4;1.28425571274495;-0,8;-23,43925687;151,9821311;Aspat_1745
Heron;Heron;26/03/2022;1746;0.6;26/03/2022 12:37;E3/E4;1.29149209499564;-0,7;-23,43924254;151,9822725;Aspat_1746
Heron;Heron;26/03/2022;1747;1;26/03/2022 11:53;C4;1.15532331823085;-0,2;-23,43946181;151,9828142;Aspat_1747
Heron;Heron;26/03/2022;1748;0.8;26/03/2022 12:04;C5;1.18434042645374;-0,4;-23,43984369;151,9830175;Aspat_1748
Heron;Heron;26/03/2022;1749;0.5;26/03/2022 12:05;B4;1.18716047392551;-0,7;-23,43983229;151,9829794;Aspat_1749
Heron;Heron;26/03/2022;1750;0.5;26/03/2022 12:08;B4;1.19579575835034;-0,7;-23,43974604;151,9829475;Aspat_1750
Heron;Heron;26/03/2022;1751;0.5;26/03/2022 12:10;B4;1.20169613137667;-0,7;-23,43969793;151,9829468;Aspat_1751
Heron;Heron;26/03/2022;1752;0.5;26/03/2022 12:22;C5;1.23938845708237;-0,7;-23,43973992;151,9829582;Aspat_1752
Heron;Heron;26/03/2022;1753;0.5;26/03/2022 12:24;D3;1.24603240094533;-0,7;-23,43975744;151,9827861;Aspat_1753
Heron;Heron;26/03/2022;1754;0.5;26/03/2022 12:36;D3;1.28786347706135;-0,8;-23,43952434;151,9828049;Aspat_1754
Heron;Heron;26/03/2022;1755;0.5;26/03/2022 12:37;D3;1.29149209499564;-0,8;-23,43952711;151,9827924;Aspat_1755
Heron;Heron;26/03/2022;1756;0.5;26/03/2022 12:39;C3;1.29881066523897;-0,8;-23,43953029;151,9828023;Aspat_1756
Heron;Heron;26/03/2022;1757;0.5;26/03/2022 12:40;D3;1.3025;-0,8;-23,4395168;151,9827985;Aspat_1757
Heron;Heron;26/03/2022;1758;0.5;26/03/2022 12:41;D3;1.30620895333502;-0,8;-23,43949375;151,9827862;Aspat_1758
Heron;Heron;26/03/2022;1759;0.8;26/03/2022 15:14;B4;1.896641531494;-1,1;-23,4402156;151,9805621;Aspat_1759
Heron;Heron;26/03/2022;1760;0.8;26/03/2022 15:15;B5;1.89931130465109;-1,1;-23,4402363;151,9805277;Aspat_1760
Heron;Heron;26/03/2022;1761;1;26/03/2022 15:16;B5;1.90195033686932;-0,9;-23,44024049;151,9805168;Aspat_1761
Heron;Heron;26/03/2022;1762;1;26/03/2022 15:20;B5;1.91219464197439;-0,9;-23,44023286;151,9805083;Aspat_1762
Heron;Heron;26/03/2022;1763;1;26/03/2022 15:21;B4;1.91467668176915;-0,9;-23,44023538;151,9804982;Aspat_1763
Heron;Heron;26/03/2022;1764;1;26/03/2022 15:25;B4;1.92428241239208;-0,9;-23,44025072;151,9804624;Aspat_1764
Heron;Heron;26/03/2022;1765;1;26/03/2022 15:26;B4;1.92660222472422;-0,9;-23,44025264;151,9804592;Aspat_1765
Heron;Heron;26/03/2022;1766;1.3;26/03/2022 15:28;B4;1.93114252510982;-0,6;-23,44016489;151,9804647;Aspat_1766
Heron;Heron;26/03/2022;1767;1.4;26/03/2022 15:31;B4;1.93770181275976;-0,5;-23,44011527;151,9805075;Aspat_1767
Heron;Heron;26/03/2022;1768;1;26/03/2022 15:37;B4;1.94989822095755;-0,9;-23,44033797;151,9801228;Aspat_1768
Heron;Heron;26/03/2022;1769;1;26/03/2022 15:39;D4;1.95368540311338;-1;-23,44033973;151,9801186;Aspat_1769
Heron;Heron;26/03/2022;1770;1.2;26/03/2022 15:41;C5;1.95733127193964;-0,8;-23,44028508;151,9801782;Aspat_1770
Heron;Heron;26/03/2022;1771;0.8;26/03/2022 15:45;B4;1.96419419554747;-1,2;-23,44016053;151,9802457;Aspat_1771
Heron;Heron;26/03/2022;1772;0.8;26/03/2022 15:47;B5;1.96740893397749;-1,2;-23,4401265;151,9802402;Aspat_1772
Heron;Heron;26/03/2022;1773;0.8;26/03/2022 15:48;C5;1.96896163961767;-1,2;-23,44011392;151,9802236;Aspat_1773
Heron;Heron;26/03/2022;1774;1;26/03/2022 15:51;B4;1.97339953931586;-1;-23,44004955;151,9802609;Aspat_1774
Heron;Heron;26/03/2022;1775;1.5;26/03/2022 15:54;B4;1.97750452456336;-0,5;-23,44005592;151,9802674;Aspat_1775
Heron;Heron;26/03/2022;1776;1.7;26/03/2022 15:55;C5;1.97879832587397;-0,3;-23,44007193;151,9803006;Aspat_1776
