"","ED50","Std.error","Lower","Upper","Site.name","Metric","Genotype","Model"
"e:797:50",37.431513652392,0.128030658650752,37.1800049048185,37.6830223999656,"Chicken","MeanNDVI","797","W2.3"
"e:798:50",37.462121623054,0.157387505075751,37.1529430661171,37.7713001799909,"Chicken","MeanNDVI","798","W2.3"
"e:799:50",37.2041620083921,0.136454560766023,36.9361049973556,37.4722190194287,"Chicken","MeanNDVI","799","W2.3"
"e:800:50",36.7690259232447,0.625130897405223,35.5409928042026,37.9970590422869,"Chicken","MeanNDVI","800","W2.3"
"e:801:50",35.7614149978895,0.363672445421896,35.0470017297006,36.4758282660785,"Chicken","MeanNDVI","801","W2.3"
"e:802:50",35.9225294099322,0.352455556763861,35.2301510640641,36.6149077558003,"Chicken","MeanNDVI","802","W2.3"
"e:803:50",36.1877204815236,0.427399593881812,35.3481189540185,37.0273220090286,"Chicken","MeanNDVI","803","W2.3"
"e:804:50",35.59504671284,0.360688552405495,34.886495128121,36.3035982975591,"Chicken","MeanNDVI","804","W2.3"
"e:805:50",35.4179480362784,0.328571699291305,34.7724881327853,36.0634079397714,"Chicken","MeanNDVI","805","W2.3"
"e:806:50",35.2823843014015,0.333080698176124,34.6280667330782,35.9367018697248,"Chicken","MeanNDVI","806","W2.3"
"e:956:50",36.5596472742873,0.314430829814532,35.9419662825736,37.1773282660011,"Chicken","MeanNDVI","956","W2.3"
"e:987:50",35.9690267302221,3.86963466592848,28.3673555473091,43.5706979131351,"Chicken","MeanNDVI","987","W2.3"
"e:988:50",36.4984345968772,1.00503833369993,34.5240955187523,38.4727736750022,"Chicken","MeanNDVI","988","W2.3"
"e:989:50",36.4161644600374,1.26079370504538,33.9394088997184,38.8929200203564,"Chicken","MeanNDVI","989","W2.3"
"e:990:50",37.2620899186918,0.167803075770142,36.9324505817493,37.5917292556342,"Chicken","MeanNDVI","990","W2.3"
"e:991:50",35.4836952051571,0.387964157806918,34.7215622874501,36.245828122864,"Chicken","MeanNDVI","991","W2.3"
"e:992:50",35.127675634206,0.749161781529492,33.6559910909247,36.5993601774874,"Chicken","MeanNDVI","992","W2.3"
"e:993:50",36.6306436967965,0.371893813605316,35.9000800312188,37.3612073623742,"Chicken","MeanNDVI","993","W2.3"
"e:994:50",36.2738153889093,0.335277825299193,35.6151816927397,36.9324490850789,"Chicken","MeanNDVI","994","W2.3"
"e:995:50",37.1008448726896,0.343214684253072,36.4266196808876,37.7750700644916,"Chicken","MeanNDVI","995","W2.3"
"e:996:50",36.8637425666432,0.305683024440809,36.2632461274168,37.4642390058697,"Chicken","MeanNDVI","996","W2.3"
"e:997:50",36.1070616135469,0.41627284793746,35.2893179282691,36.9248052988248,"Chicken","MeanNDVI","997","W2.3"
"e:998:50",36.1526695128309,0.356306218378532,35.4527267672304,36.8526122584313,"Chicken","MeanNDVI","998","W2.3"
"e:999:50",36.2398396563688,0.385271470032355,35.4829963664504,36.9966829462871,"Chicken","MeanNDVI","999","W2.3"
"e:1000:50",36.533288374683,0.409870019319029,35.7281226720831,37.338454077283,"Chicken","MeanNDVI","1000","W2.3"
"e:1501:50",36.6769224133547,0.411524894717794,35.8685058047349,37.4853390219745,"Chicken","MeanNDVI","1501","W2.3"
"e:1502:50",36.5487322119284,0.508293396652833,35.5502195358297,37.5472448880272,"Chicken","MeanNDVI","1502","W2.3"
"e:1503:50",36.9697831020061,0.513408627808184,35.9612218532061,37.978344350806,"Chicken","MeanNDVI","1503","W2.3"
"e:1504:50",35.8997134127592,0.512701925303327,34.8925404397346,36.9068863857838,"Chicken","MeanNDVI","1504","W2.3"
"e:1505:50",35.9201645991671,0.476315515252735,34.9844706024827,36.8558585958515,"Chicken","MeanNDVI","1505","W2.3"
"e:1506:50",34.9256213805745,0.330800234899922,34.2757836491006,35.5754591120483,"Chicken","MeanNDVI","1506","W2.3"
"e:1507:50",34.9924827034587,0.380903259195455,34.2442205084773,35.7407448984401,"Chicken","MeanNDVI","1507","W2.3"
"e:1508:50",35.3672597474909,0.817472818611256,33.7613821635509,36.9731373314309,"Chicken","MeanNDVI","1508","W2.3"
"e:1509:50",34.8046717084926,0.467554275578345,33.8861886551941,35.7231547617911,"Chicken","MeanNDVI","1509","W2.3"
"e:1510:50",35.9309942017824,0.627596335841254,34.6981178729981,37.1638705305666,"Chicken","MeanNDVI","1510","W2.3"
"e:1511:50",35.9310060095099,0.967708593260584,34.0299990251513,37.8320129938685,"Chicken","MeanNDVI","1511","W2.3"
"e:1512:50",36.9849311742252,0.54545396865702,35.9134187258658,38.0564436225847,"Chicken","MeanNDVI","1512","W2.3"
"e:1513:50",36.0999900970052,0.455417137067012,35.2053497430905,36.99463045092,"Chicken","MeanNDVI","1513","W2.3"
"e:1514:50",35.8844961264707,0.52959239295169,34.8441428167287,36.9248494362126,"Chicken","MeanNDVI","1514","W2.3"
"e:1515:50",35.2206732664425,0.37740508098016,34.4792830381525,35.9620634947326,"Chicken","MeanNDVI","1515","W2.3"
"e:1516:50",35.715409815294,0.369210136287978,34.9901180769882,36.4407015535998,"Chicken","MeanNDVI","1516","W2.3"
"e:1517:50",36.2676003524986,0.361569241068903,35.5573187063624,36.9778819986347,"Chicken","MeanNDVI","1517","W2.3"
"e:1518:50",35.6897005934128,0.450417310939252,34.8048821057661,36.5745190810595,"Chicken","MeanNDVI","1518","W2.3"
"e:1519:50",35.7618810282752,0.399160728785131,34.9777531011422,36.5460089554082,"Chicken","MeanNDVI","1519","W2.3"
"e:1520:50",35.6153471738931,0.418087272023541,34.7940391585222,36.436655189264,"Chicken","MeanNDVI","1520","W2.3"
"e:1521:50",35.5072570194977,0.569227045347483,34.3890437511362,36.6254702878591,"Chicken","MeanNDVI","1521","W2.3"
"e:1522:50",35.6355129131322,0.546260054435828,34.5624169563631,36.7086088699013,"Chicken","MeanNDVI","1522","W2.3"
"e:1523:50",35.6037380954312,0.661825288651856,34.3036209889858,36.9038552018766,"Chicken","MeanNDVI","1523","W2.3"
"e:1524:50",36.1941941671041,0.338218844645266,35.5297830102847,36.8586053239235,"Chicken","MeanNDVI","1524","W2.3"
"e:1525:50",35.8725979692728,0.367432486114908,35.1507983208568,36.5943976176889,"Chicken","MeanNDVI","1525","W2.3"
"e:1526:50",35.1997456249172,0.434150380914492,34.3468825707621,36.0526086790724,"Chicken","MeanNDVI","1526","W2.3"
"e:1527:50",35.6906148697271,0.51221974593487,34.6843891098962,36.6968406295581,"Chicken","MeanNDVI","1527","W2.3"
"e:1528:50",35.3609776960534,0.40897922289866,34.5575619109684,36.1643934811383,"Chicken","MeanNDVI","1528","W2.3"
"e:1529:50",35.3804349874187,0.328521293172311,34.735074103801,36.0257958710364,"Chicken","MeanNDVI","1529","W2.3"
"e:1530:50",35.8468626052776,0.731180647730011,34.4105009486354,37.2832242619197,"Chicken","MeanNDVI","1530","W2.3"
"e:1531:50",35.9010773399232,0.481410780227395,34.9553739929329,36.8467806869135,"Chicken","MeanNDVI","1531","W2.3"
"e:1532:50",36.7725031851543,0.449082777329551,35.8903063108017,37.6547000595069,"Chicken","MeanNDVI","1532","W2.3"
"e:1533:50",36.6739674071297,0.421418019501915,35.8461163329665,37.5018184812929,"Chicken","MeanNDVI","1533","W2.3"
"e:1534:50",35.6360526663582,0.35978933858694,34.929267534641,36.3428377980754,"Chicken","MeanNDVI","1534","W2.3"
"e:1535:50",36.2897152030276,0.479162310471711,35.3484288434852,37.2310015625699,"Chicken","MeanNDVI","1535","W2.3"
"e:1536:50",36.5060552934186,0.411246499694278,35.697714108996,37.3143964778411,"Davies","MeanNDVI","1536","W2.3"
"e:1537:50",37.4172301615819,0.714871607789721,36.0120871084973,38.8223732146665,"Davies","MeanNDVI","1537","W2.3"
"e:1538:50",37.2420089499135,0.338190150945696,36.5772664478407,37.9067514519864,"Davies","MeanNDVI","1538","W2.3"
"e:1539:50",35.3004648326429,0.544065868797087,34.2310554902795,36.3698741750063,"Davies","MeanNDVI","1539","W2.3"
"e:1540:50",37.8538215217795,0.650248708200248,36.5757004645874,39.1319425789716,"Davies","MeanNDVI","1540","W2.3"
"e:1541:50",36.347265243243,0.49049464913177,35.3831548473446,37.3113756391414,"Davies","MeanNDVI","1541","W2.3"
"e:1542:50",34.9497869347733,0.586174763056001,33.7976088552041,36.1019650143424,"Davies","MeanNDVI","1542","W2.3"
"e:1543:50",36.3277507726373,0.656481177261512,35.0373792490544,37.6181222962203,"Davies","MeanNDVI","1543","W2.3"
"e:1544:50",35.8250060191817,0.472358472523442,34.896543874372,36.7534681639913,"Davies","MeanNDVI","1544","W2.3"
"e:1545:50",35.2803148776936,0.704245450346705,33.8960584721543,36.6645712832329,"Davies","MeanNDVI","1545","W2.3"
"e:1546:50",35.8535862067503,0.462698251209726,34.9441120770224,36.7630603364781,"Davies","MeanNDVI","1546","W2.3"
"e:1547:50",38.1700337403151,1.13109222644584,35.9467724342711,40.3932950463592,"Davies","MeanNDVI","1547","W2.3"
"e:1548:50",36.6532901072731,0.45025344481151,35.7682773396512,37.538302874895,"Davies","MeanNDVI","1548","W2.3"
"e:1549:50",37.1054149181851,0.451818838405874,36.2173252317004,37.9935046046698,"Davies","MeanNDVI","1549","W2.3"
"e:1550:50",35.4890142454962,0.597084265909609,34.3153925780432,36.6626359129493,"Davies","MeanNDVI","1550","W2.3"
"e:1551:50",36.7885702682966,0.420600315865953,35.9618433350623,37.6152972015308,"Davies","MeanNDVI","1551","W2.3"
"e:1552:50",35.9447780537222,0.578348095420977,34.8079839781285,37.0815721293159,"Davies","MeanNDVI","1552","W2.3"
"e:1553:50",34.8100847801606,0.525552609345891,33.7770648783965,35.8431046819247,"Davies","MeanNDVI","1553","W2.3"
"e:1554:50",35.5435399624581,0.450396050139077,34.6582468915157,36.4288330334004,"Davies","MeanNDVI","1554","W2.3"
"e:1555:50",62.7986145167229,38.3567982607338,-12.5950478239577,138.192276857404,"Davies","MeanNDVI","1555","W2.3"
"e:1556:50",36.2334590921703,0.455496023580457,35.3381415746364,37.1287766097042,"Davies","MeanNDVI","1556","W2.3"
"e:1557:50",35.5247851057898,0.575863204537936,34.3928753018946,36.6566949096851,"Davies","MeanNDVI","1557","W2.3"
"e:1558:50",35.7791271624467,0.446736537168912,34.9010271862806,36.6572271386127,"Davies","MeanNDVI","1558","W2.3"
"e:1559:50",36.0758342383581,0.39284782733682,35.3036572635186,36.8480112131976,"Davies","MeanNDVI","1559","W2.3"
"e:1560:50",36.2399386316293,0.512267264312184,35.2330322446258,37.2468450186328,"Davies","MeanNDVI","1560","W2.3"
"e:1561:50",35.631339921515,0.501260710292988,34.6460678850018,36.6166119580282,"Davies","MeanNDVI","1561","W2.3"
"e:1562:50",35.9739794883053,0.449492119608591,35.0904631723656,36.8574958042451,"Davies","MeanNDVI","1562","W2.3"
"e:1563:50",36.1069756696809,0.638370891707883,34.8522015060403,37.3617498333215,"Davies","MeanNDVI","1563","W2.3"
"e:1564:50",35.8559067799689,0.456077978900836,34.9594453780414,36.7523681818965,"Davies","MeanNDVI","1564","W2.3"
"e:1565:50",35.4157911066672,0.694325160560381,34.0510339036783,36.7805483096561,"Davies","MeanNDVI","1565","W2.3"
"e:1566:50",35.2592989004058,0.765829047374277,33.7539945156149,36.7646032851966,"Davies","MeanNDVI","1566","W2.3"
"e:1567:50",35.7271547014981,0.657360414711069,34.435054959336,37.0192544436601,"Davies","MeanNDVI","1567","W2.3"
"e:1568:50",35.842618940536,0.443996404879526,34.9699049355136,36.7153329455585,"Davies","MeanNDVI","1568","W2.3"
"e:1569:50",35.0040437732393,0.509146384045797,34.0032717510337,36.0048157954449,"Davies","MeanNDVI","1569","W2.3"
"e:1570:50",35.404251073125,0.965442739859851,33.506588409952,37.3019137362981,"Davies","MeanNDVI","1570","W2.3"
"e:1571:50",35.6797834822648,0.517463995380955,34.6626624630387,36.696904501491,"Davies","MeanNDVI","1571","W2.3"
"e:1572:50",36.9604386700303,0.1616881759784,36.6426263317498,37.2782510083108,"Davies","MeanNDVI","1572","W2.3"
"e:1573:50",38.4989735789033,1.40448813816456,35.7383285498142,41.2596186079925,"Davies","MeanNDVI","1573","W2.3"
"e:1581:50",36.3650332045696,0.721719072019395,34.9464308579717,37.7836355511675,"Davies","MeanNDVI","1581","W2.3"
"e:1582:50",37.5382614792843,0.377620689830912,36.7960147831853,38.2805081753834,"Davies","MeanNDVI","1582","W2.3"
"e:1583:50",35.8040085009136,1.31791683822216,33.2135269800475,38.3944900217797,"Davies","MeanNDVI","1583","W2.3"
"e:1584:50",35.3517991482468,0.438624347614124,34.4896443945151,36.2139539019785,"Davies","MeanNDVI","1584","W2.3"
"e:1585:50",35.7146618140343,0.616785372726906,34.5023158874546,36.9270077406141,"Davies","MeanNDVI","1585","W2.3"
"e:1586:50",35.5069500616977,0.446019632074533,34.6302592255815,36.3836408978139,"Davies","MeanNDVI","1586","W2.3"
"e:1587:50",36.8240185730758,0.272039287120043,36.289301415061,37.3587357310906,"Davies","MeanNDVI","1587","W2.3"
"e:1588:50",36.8617746333411,0.210697482335804,36.4476301906461,37.2759190760361,"Davies","MeanNDVI","1588","W2.3"
"e:1589:50",34.743871620299,0.499267016682997,33.7625183640193,35.7252248765788,"Davies","MeanNDVI","1589","W2.3"
"e:1590:50",35.9900991186295,0.504239660913636,34.9989716925268,36.9812265447322,"Davies","MeanNDVI","1590","W2.3"
"e:1591:50",35.8039442996587,0.430469337395153,34.9578189361449,36.6500696631724,"Davies","MeanNDVI","1591","W2.3"
"e:1592:50",35.6178238947722,0.491580307100644,34.6515795425991,36.5840682469452,"Davies","MeanNDVI","1592","W2.3"
"e:1593:50",35.5442848612019,0.460377731133747,34.6393719178867,36.4491978045171,"Davies","MeanNDVI","1593","W2.3"
"e:1594:50",35.3127085341312,0.597265243429229,34.1387311394375,36.4866859288249,"Davies","MeanNDVI","1594","W2.3"
"e:1595:50",36.062757385708,0.59940992382406,34.8845644329686,37.2409503384474,"Davies","MeanNDVI","1595","W2.3"
"e:772:50",35.9661472408725,1.20665020577315,33.5957939063146,38.3365005754304,"Fitzroy Island","MeanNDVI","772","W2.3"
"e:773:50",37.3024722425158,0.228396963788223,36.853807416431,37.7511370686005,"Fitzroy Island","MeanNDVI","773","W2.3"
"e:774:50",35.807868403264,0.268312367422939,35.2807934383892,36.3349433681389,"Fitzroy Island","MeanNDVI","774","W2.3"
"e:775:50",35.8013660165051,0.296132891830791,35.2196401905242,36.383091842486,"Fitzroy Island","MeanNDVI","775","W2.3"
"e:776:50",37.4461461945101,0.173750730734143,37.1048288665827,37.7874635224375,"Fitzroy Island","MeanNDVI","776","W2.3"
"e:777:50",36.2641447892125,0.376274925364612,35.5249873102834,37.0033022681416,"Fitzroy Island","MeanNDVI","777","W2.3"
"e:778:50",37.3227200841027,0.34225237153581,36.6503967825784,37.9950433856269,"Fitzroy Island","MeanNDVI","778","W2.3"
"e:779:50",37.1036268408697,0.304305325209874,36.5058470212635,37.701406660476,"Fitzroy Island","MeanNDVI","779","W2.3"
"e:780:50",37.079291920762,0.399165841413375,36.2951673428944,37.8634164986297,"Fitzroy Island","MeanNDVI","780","W2.3"
"e:781:50",36.2987660461664,0.241228028837148,35.8248957730689,36.772636319264,"Fitzroy Island","MeanNDVI","781","W2.3"
"e:782:50",37.2343906269671,0.243008518014341,36.7570227466607,37.7117585072736,"Fitzroy Island","MeanNDVI","782","W2.3"
"e:783:50",37.5401464203428,0.232245248496823,37.0839219929355,37.99637084775,"Fitzroy Island","MeanNDVI","783","W2.3"
"e:784:50",36.6368923002147,0.435334578192237,35.7817175659551,37.4920670344743,"Fitzroy Island","MeanNDVI","784","W2.3"
"e:785:50",37.4613686983078,0.0630505459415834,37.3375117005604,37.5852256960552,"Fitzroy Island","MeanNDVI","785","W2.3"
"e:786:50",36.2723485613204,0.35603896391155,35.5729427672447,36.971754355396,"Fitzroy Island","MeanNDVI","786","W2.3"
"e:807:50",36.5601913605677,0.259736224951128,36.0499634386954,37.07041928244,"Fitzroy Island","MeanNDVI","807","W2.3"
"e:808:50",36.1970104008995,0.26720316611552,35.6721143599623,36.7219064418366,"Fitzroy Island","MeanNDVI","808","W2.3"
"e:809:50",36.7473358887076,1.4749616195429,33.8499094626388,39.6447623147764,"Fitzroy Island","MeanNDVI","809","W2.3"
"e:810:50",36.3842974870259,0.729039527645516,34.9521663962498,37.816428577802,"Fitzroy Island","MeanNDVI","810","W2.3"
"e:811:50",35.5362801670166,0.231377204532859,35.0817609321289,35.9907994019044,"Fitzroy Island","MeanNDVI","811","W2.3"
"e:812:50",36.5136191005328,0.24358214517419,36.0351243824364,36.9921138186292,"Fitzroy Island","MeanNDVI","812","W2.3"
"e:813:50",35.9652588177547,0.345918844373538,35.2857330676042,36.6447845679052,"Fitzroy Island","MeanNDVI","813","W2.3"
"e:814:50",36.9741317699383,0.233139792441124,36.5161500932379,37.4321134466388,"Fitzroy Island","MeanNDVI","814","W2.3"
"e:815:50",36.1063904526535,NA,NA,NA,"Fitzroy Island","MeanNDVI","815","W2.3"
"e:816:50",35.6227897047709,0.229793251252491,35.1713820004013,36.0741974091406,"Fitzroy Island","MeanNDVI","816","W2.3"
"e:817:50",36.3053503478668,0.336060697333133,35.6451900207676,36.9655106749659,"Fitzroy Island","MeanNDVI","817","W2.3"
"e:818:50",37.7802050767537,0.283193438287942,37.2238976170117,38.3365125364956,"Fitzroy Island","MeanNDVI","818","W2.3"
"e:819:50",35.980655268821,0.311064607084174,35.3695974617306,36.5917130759114,"Fitzroy Island","MeanNDVI","819","W2.3"
"e:820:50",36.6211231872454,0.700818017654647,35.2444306568682,37.9978157176225,"Fitzroy Island","MeanNDVI","820","W2.3"
"e:821:50",35.556320618845,0.286424596852946,34.9936658453228,36.1189753923672,"Fitzroy Island","MeanNDVI","821","W2.3"
"e:822:50",35.8524499124982,0.281243283756179,35.2999733519474,36.404926473049,"Fitzroy Island","MeanNDVI","822","W2.3"
"e:823:50",35.733847425176,0.233618149134804,35.2749260607528,36.1927687895991,"Fitzroy Island","MeanNDVI","823","W2.3"
"e:824:50",35.7288365046897,0.212199534617636,35.3119900382771,36.1456829711023,"Fitzroy Island","MeanNDVI","824","W2.3"
"e:825:50",36.7064426332489,0.247829753300561,36.2196038797078,37.1932813867899,"Fitzroy Island","MeanNDVI","825","W2.3"
"e:826:50",35.4802927641658,0.246367322791552,34.9963268208369,35.9642587074948,"Fitzroy Island","MeanNDVI","826","W2.3"
"e:827:50",36.8258193228301,0.336932050898792,36.1639473018034,37.4876913438569,"Fitzroy Island","MeanNDVI","827","W2.3"
"e:828:50",37.2192461040878,0.262570880892187,36.7034497613674,37.7350424468082,"Fitzroy Island","MeanNDVI","828","W2.3"
"e:829:50",35.7616938283438,0.222151653963378,35.3252973389302,36.1980903177575,"Fitzroy Island","MeanNDVI","829","W2.3"
"e:830:50",36.3781655948587,0.25682590894916,35.8736547210645,36.8826764686528,"Fitzroy Island","MeanNDVI","830","W2.3"
"e:831:50",37.1654257069821,0.330628344977897,36.5159367363855,37.8149146775786,"Fitzroy Island","MeanNDVI","831","W2.3"
"e:832:50",37.0360876697981,0.236072892139332,36.572344188544,37.4998311510521,"Fitzroy Island","MeanNDVI","832","W2.3"
"e:833:50",36.7843256649584,0.264390547794076,36.2649547539928,37.3036965759241,"Fitzroy Island","MeanNDVI","833","W2.3"
"e:834:50",36.6912491256471,0.248808617955691,36.2024874825327,37.1800107687616,"Fitzroy Island","MeanNDVI","834","W2.3"
"e:835:50",35.9225884950052,0.316314189776557,35.3012183656027,36.5439586244078,"Fitzroy Island","MeanNDVI","835","W2.3"
"e:836:50",37.2108512026774,0.353839406291012,36.5157662372192,37.9059361681355,"Fitzroy Island","MeanNDVI","836","W2.3"
"e:837:50",36.5036483993436,0.229150438318698,36.0535034418527,36.9537933568345,"Fitzroy Island","MeanNDVI","837","W2.3"
"e:838:50",37.2979294896134,0.177028132259685,36.9501740078635,37.6456849713634,"Fitzroy Island","MeanNDVI","838","W2.3"
"e:839:50",36.5333265340297,0.249365200728948,36.0434715352549,37.0231815328044,"Fitzroy Island","MeanNDVI","839","W2.3"
"e:840:50",36.1781672017521,0.266737470698381,35.6541859766245,36.7021484268796,"Fitzroy Island","MeanNDVI","840","W2.3"
"e:841:50",36.842779245038,0.263075892636066,36.3259908532007,37.3595676368753,"Fitzroy Island","MeanNDVI","841","W2.3"
"e:842:50",37.1285222100765,0.323194070631983,36.4936371875848,37.7634072325682,"Fitzroy Island","MeanNDVI","842","W2.3"
"e:843:50",37.1794154876731,0.486583932371267,36.2235661113416,38.1352648640046,"Fitzroy Island","MeanNDVI","843","W2.3"
"e:844:50",35.9101284383257,0.299286496934691,35.3222076452051,36.4980492314464,"Fitzroy Island","MeanNDVI","844","W2.3"
"e:845:50",37.0113333191089,0.449658330105234,36.1280208917979,37.8946457464198,"Fitzroy Island","MeanNDVI","845","W2.3"
"e:846:50",35.1075913233162,0.194583968746336,34.7253490156758,35.4898336309565,"Fitzroy Island","MeanNDVI","846","W2.3"
"e:847:50",37.0240751464846,0.521105580517337,36.0004111678716,38.0477391250977,"Fitzroy Island","MeanNDVI","847","W2.3"
"e:848:50",36.7258134325589,0.973685455008444,34.8130979214295,38.6385289436883,"Fitzroy Island","MeanNDVI","848","W2.3"
"e:849:50",37.378593937822,0.18353896337462,37.0180485272507,37.7391393483932,"Fitzroy Island","MeanNDVI","849","W2.3"
"e:850:50",35.7017208590692,0.234144016856697,35.2417664758787,36.1616752422596,"Fitzroy Island","MeanNDVI","850","W2.3"
"e:851:50",36.3618445445653,0.242154583767095,35.8861541395378,36.8375349495929,"Fitzroy Island","MeanNDVI","851","W2.3"
"e:1656:50",36.3138035765763,0.178095122225821,35.9639666451269,36.6636405080256,"Fitzroy Reef","MeanNDVI","1656","W2.3"
"e:1657:50",36.8391439078376,0.33934726154456,36.1725551591352,37.5057326565399,"Fitzroy Reef","MeanNDVI","1657","W2.3"
"e:1658:50",36.350701752394,0.17262130564007,36.0116171827935,36.6897863219946,"Fitzroy Reef","MeanNDVI","1658","W2.3"
"e:1659:50",36.3598954849214,0.24398929559226,35.8806208960966,36.8391700737463,"Fitzroy Reef","MeanNDVI","1659","W2.3"
"e:1660:50",35.6483022490584,NA,NA,NA,"Fitzroy Reef","MeanNDVI","1660","W2.3"
"e:1661:50",35.6943861883016,0.167963921005137,35.3644502418014,36.0243221348018,"Fitzroy Reef","MeanNDVI","1661","W2.3"
"e:1662:50",35.7962477462245,NA,NA,NA,"Fitzroy Reef","MeanNDVI","1662","W2.3"
"e:1663:50",35.8063046604139,0.0621722380465616,35.6841780984525,35.9284312223754,"Fitzroy Reef","MeanNDVI","1663","W2.3"
"e:1664:50",36.0652164193072,0.0775855994346412,35.9128129862898,36.2176198523247,"Fitzroy Reef","MeanNDVI","1664","W2.3"
"e:1665:50",36.874759418825,0.333409400473104,36.2198345667564,37.5296842708936,"Fitzroy Reef","MeanNDVI","1665","W2.3"
"e:1666:50",35.8154233200151,0.0641477433733994,35.6894162209959,35.9414304190344,"Fitzroy Reef","MeanNDVI","1666","W2.3"
"e:1667:50",36.1148366849739,0.0823263887285915,35.9531207948913,36.2765525750565,"Fitzroy Reef","MeanNDVI","1667","W2.3"
"e:1668:50",35.9919474069149,0.0693886448538501,35.8556454673126,36.1282493465173,"Fitzroy Reef","MeanNDVI","1668","W2.3"
"e:1669:50",36.101653920911,0.0603161405149586,35.9831733401354,36.2201345016866,"Fitzroy Reef","MeanNDVI","1669","W2.3"
"e:1670:50",36.2885566696606,0.0995223863305903,36.0930622293341,36.4840511099871,"Fitzroy Reef","MeanNDVI","1670","W2.3"
"e:1671:50",36.6707681949087,0.181883421368502,36.3134898078433,37.0280465819742,"Fitzroy Reef","MeanNDVI","1671","W2.3"
"e:1672:50",36.2207083056901,0.0833915790463716,36.056900034258,36.3845165771222,"Fitzroy Reef","MeanNDVI","1672","W2.3"
"e:1673:50",36.432629004183,0.102051982610458,36.2321656113703,36.6330923969956,"Fitzroy Reef","MeanNDVI","1673","W2.3"
"e:1674:50",36.0480302587372,0.0644023770574892,35.921522976077,36.1745375413975,"Fitzroy Reef","MeanNDVI","1674","W2.3"
"e:1675:50",36.0106728081944,0.0805227983631692,35.8524997580905,36.1688458582984,"Fitzroy Reef","MeanNDVI","1675","W2.3"
"e:1676:50",36.2005664041581,0.112941513232276,35.978712420014,36.4224203883022,"Fitzroy Reef","MeanNDVI","1676","W2.3"
"e:1677:50",36.8610365803854,0.34356500397538,36.1861628093243,37.5359103514466,"Fitzroy Reef","MeanNDVI","1677","W2.3"
"e:1678:50",37.3937790219543,0.616004786347094,36.1837446228058,38.6038134211027,"Fitzroy Reef","MeanNDVI","1678","W2.3"
"e:1679:50",36.0091809880664,0.1160013603687,35.7813164657362,36.2370455103967,"Fitzroy Reef","MeanNDVI","1679","W2.3"
"e:1680:50",36.2390285841206,0.289480615845393,35.6703941987666,36.8076629694746,"Fitzroy Reef","MeanNDVI","1680","W2.3"
"e:1681:50",35.924457641835,0.0523988744166451,35.8215291550341,36.0273861286358,"Fitzroy Reef","MeanNDVI","1681","W2.3"
"e:1682:50",35.8931556826218,0.100364238476718,35.6960075699889,36.0903037952547,"Fitzroy Reef","MeanNDVI","1682","W2.3"
"e:1683:50",35.9348991392864,0.0488824119364185,35.8388781321978,36.0309201463749,"Fitzroy Reef","MeanNDVI","1683","W2.3"
"e:1684:50",35.7200021252467,NA,NA,NA,"Fitzroy Reef","MeanNDVI","1684","W2.3"
"e:1685:50",36.5067636486851,0.308055794448727,35.9016415515818,37.1118857457883,"Fitzroy Reef","MeanNDVI","1685","W2.3"
"e:1686:50",36.7760473511544,0.430549562489264,35.9303075246188,37.6217871776901,"Fitzroy Reef","MeanNDVI","1686","W2.3"
"e:1687:50",38.6814428591794,NA,NA,NA,"Fitzroy Reef","MeanNDVI","1687","W2.3"
"e:1688:50",41.2096272299519,1.94112515785277,37.3966240421311,45.0226304177727,"Fitzroy Reef","MeanNDVI","1688","W2.3"
"e:1689:50",35.7167631260992,0.0672224575177897,35.5847162852392,35.8488099669593,"Fitzroy Reef","MeanNDVI","1689","W2.3"
"e:1690:50",38.2681367350053,1.29373583322587,35.7268174201059,40.8094560499046,"Fitzroy Reef","MeanNDVI","1690","W2.3"
"e:1691:50",37.5195136923375,1.1195946235691,35.3202645344633,39.7187628502116,"Fitzroy Reef","MeanNDVI","1691","W2.3"
"e:1692:50",36.3589449802503,0.160630379189852,36.0434145027672,36.6744754577334,"Fitzroy Reef","MeanNDVI","1692","W2.3"
"e:1693:50",37.9300763679589,1.03847849801359,35.8901657483937,39.9699869875242,"Fitzroy Reef","MeanNDVI","1693","W2.3"
"e:1694:50",36.6689398893501,0.330654088235577,36.0194273695583,37.3184524091419,"Fitzroy Reef","MeanNDVI","1694","W2.3"
"e:1695:50",37.0743600301765,0.495764373270168,36.1005170360554,38.0482030242976,"Fitzroy Reef","MeanNDVI","1695","W2.3"
"e:1696:50",36.9454893039008,0.409143188469689,36.1417985807144,37.7491800270872,"Fitzroy Reef","MeanNDVI","1696","W2.3"
"e:1697:50",36.0129763573724,0.0767242490424593,35.8622648975788,36.163687817166,"Fitzroy Reef","MeanNDVI","1697","W2.3"
"e:1698:50",38.2793284128562,1.01267779847697,36.2900987857983,40.268558039914,"Fitzroy Reef","MeanNDVI","1698","W2.3"
"e:1699:50",36.881672427175,0.303253648834561,36.28598331097,37.4773615433799,"Fitzroy Reef","MeanNDVI","1699","W2.3"
"e:1700:50",36.5128391357303,0.196204264320081,36.1274299403005,36.89824833116,"Fitzroy Reef","MeanNDVI","1700","W2.3"
"e:1701:50",36.3992429324388,0.124921924142235,36.1538555121294,36.6446303527481,"Fitzroy Reef","MeanNDVI","1701","W2.3"
"e:1702:50",36.5514808141324,0.203077073960607,36.152571178011,36.9503904502538,"Fitzroy Reef","MeanNDVI","1702","W2.3"
"e:1703:50",37.355630115599,NA,NA,NA,"Fitzroy Reef","MeanNDVI","1703","W2.3"
"e:1704:50",36.2827554571389,0.221482821542672,35.8476909270784,36.7178199871993,"Fitzroy Reef","MeanNDVI","1704","W2.3"
"e:1705:50",35.734126183102,0.0567245484879116,35.622700660983,35.845551705221,"Fitzroy Reef","MeanNDVI","1705","W2.3"
"e:1706:50",40.0076301396456,1.69981620150729,36.6686364797899,43.3466237995013,"Fitzroy Reef","MeanNDVI","1706","W2.3"
"e:1707:50",42.3623002776239,3.00606187276722,36.457413899083,48.2671866561648,"Fitzroy Reef","MeanNDVI","1707","W2.3"
"e:1708:50",36.1894931103658,0.132457227825937,35.9293038948961,36.4496823258355,"Fitzroy Reef","MeanNDVI","1708","W2.3"
"e:1709:50",36.3430745886174,0.403367938845355,35.5507283401233,37.1354208371114,"Fitzroy Reef","MeanNDVI","1709","W2.3"
"e:1710:50",36.3328033193018,0.155448749964832,36.027451252352,36.6381553862517,"Fitzroy Reef","MeanNDVI","1710","W2.3"
"e:1711:50",36.1677442761001,0.102995771911376,35.9654269731475,36.3700615790526,"Fitzroy Reef","MeanNDVI","1711","W2.3"
"e:1712:50",36.4169322426234,0.213490641482099,35.9975669620036,36.8362975232433,"Fitzroy Reef","MeanNDVI","1712","W2.3"
"e:1713:50",36.1371140991902,0.125147220941112,35.8912841224549,36.3829440759256,"Fitzroy Reef","MeanNDVI","1713","W2.3"
"e:1714:50",35.8725057614654,0.0657288215101145,35.7433929090891,36.0016186138417,"Fitzroy Reef","MeanNDVI","1714","W2.3"
"e:1715:50",36.5598323970183,0.205329374268719,36.1564985081793,36.9631662858572,"Fitzroy Reef","MeanNDVI","1715","W2.3"
"e:1716:50",36.2175774624808,0.0755822422170161,36.0691092767225,36.366045648239,"Fitzroy Reef","MeanNDVI","1716","W2.3"
"e:1717:50",40.3984695537268,NA,NA,NA,"Heron","MeanNDVI","1717","W2.3"
"e:1718:50",37.6498649764495,2.01990229058038,33.682002894619,41.6177270582801,"Heron","MeanNDVI","1718","W2.3"
"e:1719:50",36.5666712314066,0.436976246574058,35.7082824432322,37.4250600195809,"Heron","MeanNDVI","1719","W2.3"
"e:1720:50",37.0823582679633,2.45921858030876,32.2515106565491,41.9132058793775,"Heron","MeanNDVI","1720","W2.3"
"e:1721:50",35.838415418634,0.0628484027631716,35.7149570734504,35.9618737638176,"Heron","MeanNDVI","1721","W2.3"
"e:1722:50",37.083221275125,1.11291555425475,34.8970286812555,39.2694138689945,"Heron","MeanNDVI","1722","W2.3"
"e:1723:50",37.7203498835439,1.82805900652002,34.1293415218298,41.311358245258,"Heron","MeanNDVI","1723","W2.3"
"e:1724:50",35.8605279397315,0.0736911084577467,35.7157703658721,36.005285513591,"Heron","MeanNDVI","1724","W2.3"
"e:1725:50",38.1682474460081,22.8124863287648,-6.64421695798817,82.9807118500043,"Heron","MeanNDVI","1725","W2.3"
"e:1726:50",37.8364852620288,2.71415940845923,32.5048361762828,43.1681343477747,"Heron","MeanNDVI","1726","W2.3"
"e:1727:50",36.1112296189845,0.0766101477618243,35.9607379334187,36.2617213045503,"Heron","MeanNDVI","1727","W2.3"
"e:1728:50",37.4337482609493,1.81633273692901,33.8657747859664,41.0017217359323,"Heron","MeanNDVI","1728","W2.3"
"e:1729:50",36.0375389535117,0.0517728233915292,35.9358372901379,36.1392406168855,"Heron","MeanNDVI","1729","W2.3"
"e:1730:50",37.5940139225201,2.11259980170476,33.4440584091479,41.7439694358922,"Heron","MeanNDVI","1730","W2.3"
"e:1731:50",36.5075830979303,0.348454791537888,35.8230843669654,37.1920818288952,"Heron","MeanNDVI","1731","W2.3"
"e:1732:50",36.2369358133819,0.268751479265393,35.7090049283159,36.7648666984479,"Heron","MeanNDVI","1732","W2.3"
"e:1733:50",36.0524685227835,0.0920190269119048,35.8717078942158,36.2332291513512,"Heron","MeanNDVI","1733","W2.3"
"e:1734:50",35.949407750887,0.0800534750179618,35.7921520511812,36.1066634505928,"Heron","MeanNDVI","1734","W2.3"
"e:1735:50",36.4726607061051,0.330216652621692,35.8239886684344,37.1213327437759,"Heron","MeanNDVI","1735","W2.3"
"e:1736:50",36.1371296739132,0.120155477968555,35.9010982741871,36.3731610736393,"Heron","MeanNDVI","1736","W2.3"
"e:1737:50",40.8017960443485,2.33119819534333,36.2224295236655,45.3811625650315,"Heron","MeanNDVI","1737","W2.3"
"e:1738:50",36.6219635431533,0.610426664986085,35.4228516707465,37.8210754155601,"Heron","MeanNDVI","1738","W2.3"
"e:1739:50",36.1092506131203,0.0892696144820103,35.9338908840806,36.28461034216,"Heron","MeanNDVI","1739","W2.3"
"e:1740:50",36.4524514633849,0.349815333016066,35.7652801076267,37.1396228191432,"Heron","MeanNDVI","1740","W2.3"
"e:1741:50",36.1901708647415,0.130298988190145,35.9342137241652,36.4461280053179,"Heron","MeanNDVI","1741","W2.3"
"e:1742:50",37.3766889230982,1.83110379651311,33.7796994271396,40.9736784190568,"Heron","MeanNDVI","1742","W2.3"
"e:1743:50",37.9597249553928,0.987329465666826,36.0202315613991,39.8992183493865,"Heron","MeanNDVI","1743","W2.3"
"e:1744:50",35.9686554035334,0.0614019010082129,35.8480385420649,36.0892722650019,"Heron","MeanNDVI","1744","W2.3"
"e:1745:50",36.0876217817267,0.0838385419757172,35.9229307601596,36.2523128032938,"Heron","MeanNDVI","1745","W2.3"
"e:1746:50",36.9931740576697,1.26919340447577,34.4999918836538,39.4863562316856,"Heron","MeanNDVI","1746","W2.3"
"e:1747:50",36.3940705497298,0.281084979090468,35.8419119450753,36.9462291543842,"Heron","MeanNDVI","1747","W2.3"
"e:1748:50",37.3093116862555,1.68231101792213,34.0046082216433,40.6140151508676,"Heron","MeanNDVI","1748","W2.3"
"e:1749:50",36.552854474708,0.506020670008161,35.5588359825704,37.5468729668455,"Heron","MeanNDVI","1749","W2.3"
"e:1750:50",37.3729099043319,1.73886192236302,33.9571187943071,40.7887010143567,"Heron","MeanNDVI","1750","W2.3"
"e:1751:50",37.5584649823099,2.74685572718071,32.1625877980686,42.9543421665512,"Heron","MeanNDVI","1751","W2.3"
"e:1752:50",35.8547302662595,0.118766875955882,35.6214266129688,36.0880339195503,"Heron","MeanNDVI","1752","W2.3"
"e:1753:50",36.6742634639222,0.656438740882674,35.3847662436163,37.9637606842281,"Heron","MeanNDVI","1753","W2.3"
"e:1754:50",36.2532895326215,0.180023185337523,35.8996550156044,36.6069240496386,"Heron","MeanNDVI","1754","W2.3"
"e:1755:50",35.9139496681987,0.0961405641856359,35.7250927611409,36.1028065752565,"Heron","MeanNDVI","1755","W2.3"
"e:1756:50",36.1991573823636,0.147761368356554,35.9088974359318,36.4894173287954,"Heron","MeanNDVI","1756","W2.3"
"e:1757:50",36.1592533391503,0.110766097651773,35.941666280175,36.3768403981256,"Heron","MeanNDVI","1757","W2.3"
"e:1758:50",36.7532553637976,0.933303208813595,34.9198902399637,38.5866204876315,"Heron","MeanNDVI","1758","W2.3"
"e:1759:50",37.828136663138,2.12230517476302,33.6591160781891,41.9971572480869,"Heron","MeanNDVI","1759","W2.3"
"e:1760:50",38.9625802143345,4.45077215056411,30.2195582704282,47.7056021582407,"Heron","MeanNDVI","1760","W2.3"
"e:1761:50",38.5381112124169,2.19354044109024,34.2291572685788,42.8470651562549,"Heron","MeanNDVI","1761","W2.3"
"e:1762:50",39.9727862688452,3.51001820269026,33.0777655552502,46.8678069824402,"Heron","MeanNDVI","1762","W2.3"
"e:1763:50",37.5583103006235,2.63350390521393,32.3850995287061,42.7315210725409,"Heron","MeanNDVI","1763","W2.3"
"e:1764:50",39.4156737417111,3.60068658820928,32.3425455767807,46.4888019066414,"Heron","MeanNDVI","1764","W2.3"
"e:1765:50",39.8031680642187,4.2187340799886,31.5159578029227,48.0903783255147,"Heron","MeanNDVI","1765","W2.3"
"e:1766:50",37.0684575328415,1.50077771121968,34.1203550422532,40.0165600234298,"Heron","MeanNDVI","1766","W2.3"
"e:1767:50",38.7650379344741,2.10464037294918,34.6307177890599,42.8993580798883,"Heron","MeanNDVI","1767","W2.3"
"e:1768:50",36.4724513500026,0.395313890803906,35.6959033926799,37.2489993073254,"Heron","MeanNDVI","1768","W2.3"
"e:1769:50",37.4255724631413,0.637470124961004,36.1733368728713,38.6778080534113,"Heron","MeanNDVI","1769","W2.3"
"e:1770:50",38.0278919834699,2.86157923663994,32.4066538670683,43.6491300998714,"Heron","MeanNDVI","1770","W2.3"
"e:1771:50",36.4616272415506,0.293038009955815,35.8859883041322,37.0372661789691,"Heron","MeanNDVI","1771","W2.3"
"e:1772:50",36.615722496339,0.540378919177961,35.5542112374895,37.6772337551884,"Heron","MeanNDVI","1772","W2.3"
"e:1773:50",36.4520343522441,0.355177036533277,35.7543305562885,37.1497381481997,"Heron","MeanNDVI","1773","W2.3"
"e:1774:50",35.9378825189971,0.041881723082682,35.8556107666868,36.0201542713073,"Heron","MeanNDVI","1774","W2.3"
"e:1775:50",36.5648162373336,0.437329572169358,35.7057333823033,37.4238990923639,"Heron","MeanNDVI","1775","W2.3"
"e:1776:50",35.8575561850316,0.0562233626695662,35.7471119571647,35.9680004128984,"Heron","MeanNDVI","1776","W2.3"
"e:942:50",35.718857554008,0.519905042660093,34.696730548631,36.7409845593849,"Kelso","MeanNDVI","942","W2.3"
"e:943:50",37.1752087818959,0.584788234175557,36.0255222092878,38.3248953545039,"Kelso","MeanNDVI","943","W2.3"
"e:944:50",36.1082687771244,0.321191066493738,35.4768110377085,36.7397265165403,"Kelso","MeanNDVI","944","W2.3"
"e:945:50",35.4618741534278,0.3932911881052,34.6886684497817,36.2350798570738,"Kelso","MeanNDVI","945","W2.3"
"e:946:50",36.2530567272099,0.435779754094326,35.3963190183826,37.1097944360371,"Kelso","MeanNDVI","946","W2.3"
"e:947:50",35.547132198232,0.33010493499615,34.8981499015006,36.1961144949633,"Kelso","MeanNDVI","947","W2.3"
"e:948:50",36.1233766272866,NA,NA,NA,"Kelso","MeanNDVI","948","W2.3"
"e:949:50",35.510203723217,0.331467366672172,34.8585429023422,36.1618645440918,"Kelso","MeanNDVI","949","W2.3"
"e:950:50",33.9664257631582,0.345624258739142,33.2869326642586,34.6459188620579,"Kelso","MeanNDVI","950","W2.3"
"e:951:50",36.2931102601118,0.450077847551259,35.4082626730403,37.1779578471833,"Kelso","MeanNDVI","951","W2.3"
"e:952:50",36.1727035987222,0.330689219613404,35.522572605523,36.8228345919215,"Kelso","MeanNDVI","952","W2.3"
"e:953:50",34.9912416606322,0.317375980312001,34.3672843343576,35.6151989869068,"Kelso","MeanNDVI","953","W2.3"
"e:954:50",35.7677905505322,0.4592287110771,34.8649524768049,36.6706286242595,"Kelso","MeanNDVI","954","W2.3"
"e:955:50",34.9375913890032,0.244651045903215,34.4566104013368,35.4185723766695,"Kelso","MeanNDVI","955","W2.3"
"e:957:50",36.5418913318045,1.52514487152423,33.5434750203931,39.5403076432159,"Kelso","MeanNDVI","957","W2.3"
"e:958:50",35.5912349587257,0.420333795602805,34.7648638168725,36.4176061005788,"Kelso","MeanNDVI","958","W2.3"
"e:959:50",35.6652420623374,0.449599363663897,34.7813351687826,36.5491489558922,"Kelso","MeanNDVI","959","W2.3"
"e:960:50",35.2992090741461,0.383653370231763,34.5449512034947,36.0534669447976,"Kelso","MeanNDVI","960","W2.3"
"e:961:50",36.4265801443689,0.388219830357012,35.6633446685203,37.1898156202175,"Kelso","MeanNDVI","961","W2.3"
"e:962:50",35.9197117403373,0.379266784807506,35.1740778434034,36.6653456372712,"Kelso","MeanNDVI","962","W2.3"
"e:963:50",36.4762585603265,0.498382862830125,35.4964438993466,37.4560732213064,"Kelso","MeanNDVI","963","W2.3"
"e:964:50",34.2237881360686,0.30897551679894,33.61634601913,34.8312302530072,"Kelso","MeanNDVI","964","W2.3"
"e:965:50",36.0064843994036,0.317250270388719,35.3827742173128,36.6301945814944,"Kelso","MeanNDVI","965","W2.3"
"e:966:50",36.9764804318195,0.449228077876505,36.0933034816175,37.8596573820214,"Kelso","MeanNDVI","966","W2.3"
"e:967:50",37.4862771472828,0.114320030854273,37.2615253537749,37.7110289407907,"Kelso","MeanNDVI","967","W2.3"
"e:968:50",36.2819335270839,0.91276012249707,34.4874582016246,38.0764088525433,"Kelso","MeanNDVI","968","W2.3"
"e:969:50",35.8870783533029,0.441486403711557,35.0191214405723,36.7550352660335,"Kelso","MeanNDVI","969","W2.3"
"e:970:50",36.2855728782814,0.420642773023256,35.4585942905688,37.112551465994,"Kelso","MeanNDVI","970","W2.3"
"e:971:50",35.9091478655079,1.68852853604125,32.5895212521425,39.2287744788734,"Kelso","MeanNDVI","971","W2.3"
"e:972:50",36.1229580705509,0.418408552718292,35.3003719328479,36.9455442082538,"Kelso","MeanNDVI","972","W2.3"
"e:973:50",35.4534306243678,0.301876173583475,34.8599457300478,36.0469155186877,"Kelso","MeanNDVI","973","W2.3"
"e:974:50",35.4239953183205,0.414646089479328,34.6088061376919,36.2391844989491,"Kelso","MeanNDVI","974","W2.3"
"e:975:50",35.5886714096801,0.320731716837545,34.9581167461146,36.2192260732457,"Kelso","MeanNDVI","975","W2.3"
"e:976:50",36.8144354119457,0.942311449864432,34.961862535456,38.6670082884355,"Kelso","MeanNDVI","976","W2.3"
"e:977:50",36.840936954625,1.22536807842361,34.4318781809779,39.249995728272,"Kelso","MeanNDVI","977","W2.3"
"e:978:50",36.0001066660139,0.704308579734014,34.6154445442898,37.3847687877381,"Kelso","MeanNDVI","978","W2.3"
"e:979:50",36.2114012738479,0.839611593183334,34.56073506944,37.8620674782557,"Kelso","MeanNDVI","979","W2.3"
"e:980:50",35.305230956917,0.42115164912968,34.4772519249538,36.1332099888801,"Kelso","MeanNDVI","980","W2.3"
"e:981:50",35.5779599582216,0.375552613265667,34.8396280774714,36.3162918389718,"Kelso","MeanNDVI","981","W2.3"
"e:982:50",36.561825245011,0.366772177146753,35.8407555951293,37.2828948948926,"Kelso","MeanNDVI","982","W2.3"
"e:983:50",36.7957027981914,0.615048814809266,35.5865242912374,38.0048813051455,"Kelso","MeanNDVI","983","W2.3"
"e:984:50",36.3147729213796,0.547083743652635,35.2392129196359,37.3903329231234,"Kelso","MeanNDVI","984","W2.3"
"e:985:50",36.2822569672218,0.384261450483388,35.5268036181741,37.0377103162696,"Kelso","MeanNDVI","985","W2.3"
"e:986:50",35.8029590415953,0.399101622836476,35.018330093771,36.5875879894196,"Kelso","MeanNDVI","986","W2.3"
"e:1596:50",36.3020666043335,0.0933420339380328,36.118694410593,36.485438798074,"Lady Musgrave","MeanNDVI","1596","W2.3"
"e:1597:50",37.0173101069457,0.323958590802913,36.380887318944,37.6537328949475,"Lady Musgrave","MeanNDVI","1597","W2.3"
"e:1598:50",36.3690057543414,0.183818460013482,36.0078909077864,36.7301206008964,"Lady Musgrave","MeanNDVI","1598","W2.3"
"e:1599:50",36.2917667631529,0.132814486024735,36.0308501896076,36.5526833366983,"Lady Musgrave","MeanNDVI","1599","W2.3"
"e:1600:50",36.1837163488865,0.0611152053883725,36.0636543702671,36.303778327506,"Lady Musgrave","MeanNDVI","1600","W2.3"
"e:1601:50",36.5215254257457,0.190026027244244,36.1482156957832,36.8948351557083,"Lady Musgrave","MeanNDVI","1601","W2.3"
"e:1602:50",37.3149491966817,0.514573900894961,36.3040590214007,38.3258393719626,"Lady Musgrave","MeanNDVI","1602","W2.3"
"e:1603:50",36.1936647488916,0.0777989633484575,36.0408272117386,36.3465022860446,"Lady Musgrave","MeanNDVI","1603","W2.3"
"e:1604:50",35.8988515364772,0.0363123614852482,35.8275152145168,35.9701878584377,"Lady Musgrave","MeanNDVI","1604","W2.3"
"e:1605:50",36.2879400920604,0.0589684195624989,36.17209551486,36.4037846692609,"Lady Musgrave","MeanNDVI","1605","W2.3"
"e:1606:50",37.1775024361919,0.542235783945823,36.1122699676909,38.242734904693,"Lady Musgrave","MeanNDVI","1606","W2.3"
"e:1607:50",36.2500502580927,0.0635753669692391,36.1251552454477,36.3749452707377,"Lady Musgrave","MeanNDVI","1607","W2.3"
"e:1608:50",36.549528562338,0.10666926593485,36.3399747688976,36.7590823557784,"Lady Musgrave","MeanNDVI","1608","W2.3"
"e:1609:50",35.8818194816008,0.0583660406937784,35.7671582890981,35.9964806741035,"Lady Musgrave","MeanNDVI","1609","W2.3"
"e:1610:50",36.1004588676962,0.0470749475087319,36.0079792416296,36.1929384937629,"Lady Musgrave","MeanNDVI","1610","W2.3"
"e:1611:50",36.4088773300654,0.0637640057158826,36.2836117330294,36.5341429271014,"Lady Musgrave","MeanNDVI","1611","W2.3"
"e:1612:50",35.8489026007091,0.04372200102028,35.76300990153,35.9347952998883,"Lady Musgrave","MeanNDVI","1612","W2.3"
"e:1613:50",36.1022437985853,0.0407044953896952,36.0222790463745,36.1822085507961,"Lady Musgrave","MeanNDVI","1613","W2.3"
"e:1614:50",36.9989282169244,0.324012701346584,36.3623991277346,37.6354573061141,"Lady Musgrave","MeanNDVI","1614","W2.3"
"e:1615:50",35.5535191342272,0.190363979413288,35.1795454908272,35.9274927776273,"Lady Musgrave","MeanNDVI","1615","W2.3"
"e:1616:50",36.1494966464006,0.0407653484775798,36.0694123471459,36.2295809456552,"Lady Musgrave","MeanNDVI","1616","W2.3"
"e:1617:50",36.1413426639973,0.0370685107493431,36.0685208724847,36.21416445551,"Lady Musgrave","MeanNDVI","1617","W2.3"
"e:1618:50",36.3635732169808,0.0810284501655254,36.2043912918033,36.5227551421584,"Lady Musgrave","MeanNDVI","1618","W2.3"
"e:1619:50",35.96598925835,0.0369162434296838,35.8934665988711,36.0385119178289,"Lady Musgrave","MeanNDVI","1619","W2.3"
"e:1620:50",37.7838764601862,0.707232219754867,36.3945053682034,39.1732475521691,"Lady Musgrave","MeanNDVI","1620","W2.3"
"e:1621:50",36.9259503498275,0.378972965125788,36.1814507813954,37.6704499182596,"Lady Musgrave","MeanNDVI","1621","W2.3"
"e:1622:50",36.2684242375054,0.0675129711141638,36.1357937269322,36.4010547480786,"Lady Musgrave","MeanNDVI","1622","W2.3"
"e:1623:50",36.4902511346433,0.0823441846335032,36.328484424181,36.6520178451056,"Lady Musgrave","MeanNDVI","1623","W2.3"
"e:1624:50",36.2736979314735,0.0404945929688645,36.1941455365444,36.3532503264027,"Lady Musgrave","MeanNDVI","1624","W2.3"
"e:1625:50",36.4936533266724,0.203429336525284,36.094012541744,36.8932941116008,"Lady Musgrave","MeanNDVI","1625","W2.3"
"e:1626:50",37.4135772632649,0.478581361808072,36.4733951127848,38.3537594137449,"Lady Musgrave","MeanNDVI","1626","W2.3"
"e:1627:50",36.2140259859443,0.0681861386263646,36.0800730250424,36.3479789468462,"Lady Musgrave","MeanNDVI","1627","W2.3"
"e:1628:50",36.6056783831904,0.190594541408024,36.2312517963844,36.9801049699964,"Lady Musgrave","MeanNDVI","1628","W2.3"
"e:1629:50",34.9419103458005,NA,NA,NA,"Lady Musgrave","MeanNDVI","1629","W2.3"
"e:1630:50",37.7935597303005,0.735725855716678,36.348212350749,39.238907109852,"Lady Musgrave","MeanNDVI","1630","W2.3"
"e:1631:50",39.6853130295266,1.36428143079421,37.0051563167408,42.3654697423125,"Lady Musgrave","MeanNDVI","1631","W2.3"
"e:1632:50",37.4271513283929,0.471923093802193,36.5000494715302,38.3542531852556,"Lady Musgrave","MeanNDVI","1632","W2.3"
"e:1633:50",36.927071777008,0.328674667600389,36.2813841668064,37.5727593872095,"Lady Musgrave","MeanNDVI","1633","W2.3"
"e:1634:50",37.2966189814304,0.672269456405759,35.9759329003058,38.6173050625551,"Lady Musgrave","MeanNDVI","1634","W2.3"
"e:1635:50",36.8434179559222,0.541584180853628,35.7794655740383,37.9073703378061,"Lady Musgrave","MeanNDVI","1635","W2.3"
"e:1636:50",36.0321629777188,0.0387729179433046,35.9559928459891,36.1083331094486,"Lady Musgrave","MeanNDVI","1636","W2.3"
"e:1637:50",36.3314886838101,0.146648957563488,36.0433940288766,36.6195833387436,"Lady Musgrave","MeanNDVI","1637","W2.3"
"e:1638:50",35.9336754406849,0.0466965703513755,35.841939143711,36.0254117376588,"Lady Musgrave","MeanNDVI","1638","W2.3"
"e:1641:50",35.8812367197338,0.0573310062806536,35.7686088719411,35.9938645675265,"Lady Musgrave","MeanNDVI","1641","W2.3"
"e:1642:50",36.0801204601316,0.0504725010031659,35.9809662758692,36.179274644394,"Lady Musgrave","MeanNDVI","1642","W2.3"
"e:1643:50",36.7026247766103,0.284751676495444,36.1432247144164,37.2620248388042,"Lady Musgrave","MeanNDVI","1643","W2.3"
"e:1644:50",37.5332359248805,0.581460549163126,36.390945662121,38.6755261876399,"Lady Musgrave","MeanNDVI","1644","W2.3"
"e:1645:50",36.0379920150443,0.0664803644459827,35.9073900798302,36.1685939502584,"Lady Musgrave","MeanNDVI","1645","W2.3"
"e:1646:50",36.2328151781782,0.0550157695220939,36.1247356568525,36.3408946995038,"Lady Musgrave","MeanNDVI","1646","W2.3"
"e:1647:50",35.9598360801364,0.174198084887231,35.6176206427445,36.3020515175284,"Lady Musgrave","MeanNDVI","1647","W2.3"
"e:1648:50",37.1272595978364,0.442078863254017,36.25878729719,37.9957318984828,"Lady Musgrave","MeanNDVI","1648","W2.3"
"e:1649:50",36.2681565313974,NA,NA,NA,"Lady Musgrave","MeanNDVI","1649","W2.3"
"e:1650:50",37.0045775101755,0.358371076815446,36.3005507415665,37.7086042787844,"Lady Musgrave","MeanNDVI","1650","W2.3"
"e:1651:50",39.5381410266196,NA,NA,NA,"Lady Musgrave","MeanNDVI","1651","W2.3"
"e:1652:50",39.9419176764267,4.78028154848126,30.5509640271418,49.3328713257116,"Lady Musgrave","MeanNDVI","1652","W2.3"
"e:1653:50",36.5585502203804,0.139264388970844,36.2849626903244,36.8321377504363,"Lady Musgrave","MeanNDVI","1653","W2.3"
"e:1654:50",36.1259677931535,0.0603160654669593,36.0074757400468,36.2444598462601,"Lady Musgrave","MeanNDVI","1654","W2.3"
"e:1655:50",36.04765975581,0.0338956366488617,35.9810711355678,36.1142483760521,"Lady Musgrave","MeanNDVI","1655","W2.3"
"e:652:50",36.7997929700483,0.160997943477823,36.4835339590353,37.1160519810613,"Mackay","MeanNDVI","652","W2.3"
"e:653:50",36.2404381217932,0.309536145747131,35.6323956014224,36.848480642164,"Mackay","MeanNDVI","653","W2.3"
"e:654:50",36.6210608836069,0.245814184703977,36.1381916663479,37.1039301008659,"Mackay","MeanNDVI","654","W2.3"
"e:655:50",36.8024274275653,0.116670674858131,36.5732434302558,37.0316114248748,"Mackay","MeanNDVI","655","W2.3"
"e:656:50",36.9898957972165,0.121797991153785,36.7506398701308,37.2291517243021,"Mackay","MeanNDVI","656","W2.3"
"e:657:50",36.9789984770784,NA,NA,NA,"Mackay","MeanNDVI","657","W2.3"
"e:658:50",36.858081581293,0.18477818758412,36.4951094488558,37.2210537137301,"Mackay","MeanNDVI","658","W2.3"
"e:659:50",36.4675693408158,0.136713829179559,36.1990132370909,36.7361254445407,"Mackay","MeanNDVI","659","W2.3"
"e:660:50",36.0112691145889,0.44820701258718,35.1308261507355,36.8917120784424,"Mackay","MeanNDVI","660","W2.3"
"e:661:50",36.8337842419783,0.161865617169537,36.5158208015938,37.1517476823629,"Mackay","MeanNDVI","661","W2.3"
"e:662:50",36.7429659972787,0.196136459398678,36.3576820530676,37.1282499414899,"Mackay","MeanNDVI","662","W2.3"
"e:663:50",37.0795676501932,0.203978090923263,36.6788798655532,37.4802554348331,"Mackay","MeanNDVI","663","W2.3"
"e:664:50",36.5400460717644,0.135545960815211,36.273784089852,36.8063080536768,"Mackay","MeanNDVI","664","W2.3"
"e:665:50",36.7951631624248,0.104762552814903,36.5893710844098,37.0009552404397,"Mackay","MeanNDVI","665","W2.3"
"e:666:50",36.5439038170845,0.186858629093545,36.1768449344689,36.9109626997001,"Mackay","MeanNDVI","666","W2.3"
"e:667:50",36.0806590048425,NA,NA,NA,"Mackay","MeanNDVI","667","W2.3"
"e:668:50",36.332893773242,0.198228071877944,35.9435011349704,36.7222864115137,"Mackay","MeanNDVI","668","W2.3"
"e:669:50",36.6324207976389,0.118737984108305,36.3991758467247,36.8656657485531,"Mackay","MeanNDVI","669","W2.3"
"e:670:50",35.8742783194745,NA,NA,NA,"Mackay","MeanNDVI","670","W2.3"
"e:671:50",35.0370303433249,0.249586565293959,34.5467507869722,35.5273098996776,"Mackay","MeanNDVI","671","W2.3"
"e:672:50",35.4351843562022,0.278311470227813,34.8884785509821,35.9818901614223,"Mackay","MeanNDVI","672","W2.3"
"e:673:50",36.1694218725311,0.275011227512698,35.62919895445,36.7096447906121,"Mackay","MeanNDVI","673","W2.3"
"e:674:50",35.4397242338316,0.369228607375674,34.7144238251191,36.1650246425442,"Mackay","MeanNDVI","674","W2.3"
"e:675:50",36.9190250249742,NA,NA,NA,"Mackay","MeanNDVI","675","W2.3"
"e:676:50",35.3603721140659,0.240181410106073,34.8885677320781,35.8321764960537,"Mackay","MeanNDVI","676","W2.3"
"e:677:50",36.4024587235368,0.186843576194169,36.0354294103367,36.769488036737,"Mackay","MeanNDVI","677","W2.3"
"e:678:50",35.328829415619,0.341928782938265,34.6571558749949,36.000502956243,"Mackay","MeanNDVI","678","W2.3"
"e:679:50",35.5382959472248,0.288430352432845,34.9717129460009,36.1048789484488,"Mackay","MeanNDVI","679","W2.3"
"e:680:50",36.5469115934304,0.110140185047759,36.3305558733289,36.7632673135318,"Mackay","MeanNDVI","680","W2.3"
"e:681:50",36.9102775748664,NA,NA,NA,"Mackay","MeanNDVI","681","W2.3"
"e:682:50",35.6083467251535,0.278319180433754,35.061625774261,36.155067676046,"Mackay","MeanNDVI","682","W2.3"
"e:683:50",36.4266274595972,0.207692040459385,36.0186441158845,36.83461080331,"Mackay","MeanNDVI","683","W2.3"
"e:684:50",36.6596435738969,0.0979985479906931,36.4671384822246,36.8521486655692,"Mackay","MeanNDVI","684","W2.3"
"e:685:50",36.8488044300152,0.104976322074431,36.6425924307693,37.0550164292611,"Mackay","MeanNDVI","685","W2.3"
"e:686:50",36.8165460738736,0.111731375455341,36.5970646722028,37.0360274755444,"Mackay","MeanNDVI","686","W2.3"
"e:687:50",35.6488229402551,NA,NA,NA,"Mackay","MeanNDVI","687","W2.3"
"e:688:50",35.6618182512539,0.24929896712186,35.172103643195,36.1515328593127,"Mackay","MeanNDVI","688","W2.3"
"e:689:50",36.7289235401301,0.123482691249177,36.4863582441512,36.971488836109,"Mackay","MeanNDVI","689","W2.3"
"e:690:50",35.6731940201644,0.326616908350298,35.0315986172441,36.3147894230847,"Mackay","MeanNDVI","690","W2.3"
"e:691:50",36.9331033386885,0.138211887399524,36.6616044991693,37.2046021782078,"Mackay","MeanNDVI","691","W2.3"
"e:692:50",36.5686481852515,0.127516784539978,36.3181584504448,36.8191379200581,"Mackay","MeanNDVI","692","W2.3"
"e:693:50",36.3842486947625,0.186346451096118,36.018195917588,36.7503014719371,"Mackay","MeanNDVI","693","W2.3"
"e:694:50",36.1242206095318,0.308696911325886,35.5178266533745,36.7306145656891,"Mackay","MeanNDVI","694","W2.3"
"e:695:50",35.9496869723552,0.287658898110543,35.3846193903704,36.51475455434,"Mackay","MeanNDVI","695","W2.3"
"e:696:50",36.4985493336642,0.122060899625526,36.2587769579117,36.7383217094166,"Mackay","MeanNDVI","696","W2.3"
"e:697:50",36.7095850384526,0.0922746299997201,36.5283238211047,36.8908462558005,"Mackay","MeanNDVI","697","W2.3"
"e:698:50",36.7217169433496,0.145948951594037,36.4350196719905,37.0084142147087,"Mackay","MeanNDVI","698","W2.3"
"e:699:50",35.6226786099805,0.348581113465871,34.9379374522916,36.3074197676694,"Mackay","MeanNDVI","699","W2.3"
"e:700:50",34.5893678280792,0.241990633792502,34.1140094671932,35.0647261889651,"Mackay","MeanNDVI","700","W2.3"
"e:701:50",36.0296236205792,0.385691166838216,35.2719847070268,36.7872625341316,"Mackay","MeanNDVI","701","W2.3"
"e:702:50",36.0564476572516,0.2964379614914,35.4741347748457,36.6387605396574,"Mackay","MeanNDVI","702","W2.3"
"e:703:50",35.0715203968765,0.374459645174443,34.3359443113132,35.8070964824398,"Mackay","MeanNDVI","703","W2.3"
"e:704:50",36.5561577747873,0.269026084470214,36.0276918728425,37.084623676732,"Mackay","MeanNDVI","704","W2.3"
"e:705:50",35.2795093462656,0.265316354903338,34.7583307138263,35.8006879787049,"Mackay","MeanNDVI","705","W2.3"
"e:706:50",35.519423049889,0.298987242741696,34.9321024440949,36.1067436556831,"Mackay","MeanNDVI","706","W2.3"
"e:707:50",36.6065945538081,0.308703521375947,36.0001876130881,37.2130014945281,"Mackay","MeanNDVI","707","W2.3"
"e:708:50",36.3124160347721,0.267669337401276,35.7866152816917,36.8382167878526,"Mackay","MeanNDVI","708","W2.3"
"e:709:50",36.7927919907317,0.133106329516776,36.5313223394852,37.0542616419782,"Mackay","MeanNDVI","709","W2.3"
"e:710:50",36.8340971321583,0.124632388932199,36.5892734082496,37.078920856067,"Mackay","MeanNDVI","710","W2.3"
"e:711:50",36.0290321522883,0.782185204025403,34.4925335255951,37.5655307789814,"Mackay","MeanNDVI","711","W2.3"
"e:539:50",36.1474624989138,0.344567063673992,35.4703872965733,36.8245377012542,"Martin","MeanNDVI","539","W2.3"
"e:540:50",35.3056006381809,0.412016461132835,34.495987189308,36.1152140870538,"Martin","MeanNDVI","540","W2.3"
"e:541:50",36.2497237800152,0.246674372759403,35.7650079773281,36.7344395827023,"Martin","MeanNDVI","541","W2.3"
"e:542:50",35.4427557396532,0.439325120043612,34.57948070293,36.3060307763764,"Martin","MeanNDVI","542","W2.3"
"e:543:50",35.4182392712453,0.295248975986153,34.8380742432095,35.998404299281,"Martin","MeanNDVI","543","W2.3"
"e:544:50",34.9543549777977,0.320154954507048,34.3252496353084,35.5834603202869,"Martin","MeanNDVI","544","W2.3"
"e:545:50",35.4925839654736,0.240312165487436,35.0203699171041,35.9647980138431,"Martin","MeanNDVI","545","W2.3"
"e:546:50",34.9865605348364,0.43264114157984,34.136419533684,35.8367015359889,"Martin","MeanNDVI","546","W2.3"
"e:547:50",36.5611834592977,0.302359621857115,35.9670459930941,37.1553209255014,"Martin","MeanNDVI","547","W2.3"
"e:548:50",35.5942600463507,0.269564474624739,35.0645651322337,36.1239549604677,"Martin","MeanNDVI","548","W2.3"
"e:549:50",35.452444986361,0.254089560921732,34.9531583190884,35.9517316536335,"Martin","MeanNDVI","549","W2.3"
"e:550:50",36.2458088780084,0.272699401922885,35.70995382336,36.7816639326567,"Martin","MeanNDVI","550","W2.3"
"e:551:50",35.8464030909387,0.27409789997968,35.3077999838657,36.3850061980117,"Martin","MeanNDVI","551","W2.3"
"e:552:50",35.0290427192148,0.293388304563185,34.4525339155052,35.6055515229245,"Martin","MeanNDVI","552","W2.3"
"e:553:50",35.3006981070933,0.255121414720142,34.7993838443452,35.8020123698415,"Martin","MeanNDVI","553","W2.3"
"e:554:50",35.5056622616709,0.264818786235982,34.9852926379394,36.0260318854023,"Martin","MeanNDVI","554","W2.3"
"e:555:50",35.423560806453,0.281643952871275,34.8701296852513,35.9769919276547,"Martin","MeanNDVI","555","W2.3"
"e:556:50",36.383500154742,0.261782450747308,35.8690969383724,36.8979033711115,"Martin","MeanNDVI","556","W2.3"
"e:557:50",35.56373808225,0.249765708423329,35.0729477967094,36.0545283677905,"Martin","MeanNDVI","557","W2.3"
"e:558:50",35.3775887304371,0.317145427880404,34.754397115824,36.0007803450501,"Martin","MeanNDVI","558","W2.3"
"e:559:50",35.6235713464393,0.268121922228046,35.0967110516428,36.1504316412359,"Martin","MeanNDVI","559","W2.3"
"e:560:50",34.9803964767956,0.531098789350094,33.9367859342563,36.0240070193348,"Martin","MeanNDVI","560","W2.3"
"e:561:50",34.6889466493139,0.248461480210958,34.2007191757014,35.1771741229264,"Martin","MeanNDVI","561","W2.3"
"e:562:50",34.6983817385636,0.439293762161906,33.8351683201619,35.5615951569653,"Martin","MeanNDVI","562","W2.3"
"e:563:50",35.9602934236456,0.286757784007342,35.3968136105746,36.5237732367167,"Martin","MeanNDVI","563","W2.3"
"e:564:50",35.1946423386434,0.608653581197548,33.9986364225514,36.3906482547355,"Martin","MeanNDVI","564","W2.3"
"e:565:50",34.7908956328026,0.290090745948573,34.2208665405965,35.3609247250087,"Martin","MeanNDVI","565","W2.3"
"e:566:50",35.1043184973708,0.457316087691865,34.2056911610666,36.0029458336749,"Martin","MeanNDVI","566","W2.3"
"e:567:50",36.1606425083074,0.311972118904567,35.5476164596781,36.7736685569368,"Martin","MeanNDVI","567","W2.3"
"e:569:50",35.6302682098514,0.264551811399528,35.1104231923882,36.1501132273147,"Martin","MeanNDVI","569","W2.3"
"e:570:50",35.3634314165637,0.265265972613866,34.8421830704029,35.8846797627246,"Martin","MeanNDVI","570","W2.3"
"e:571:50",35.3176810573069,0.70301282212438,33.9362589802446,36.6991031343692,"Martin","MeanNDVI","571","W2.3"
"e:572:50",35.0252365707528,0.307946290959758,34.42012128481,35.6303518566956,"Martin","MeanNDVI","572","W2.3"
"e:573:50",35.4630788128993,0.342910022426313,34.7892597010455,36.136897924753,"Martin","MeanNDVI","573","W2.3"
"e:574:50",34.8890418768447,0.40042538492031,34.1022049237525,35.6758788299369,"Martin","MeanNDVI","574","W2.3"
"e:575:50",35.2047418471087,0.621936600055648,33.982634763409,36.4268489308084,"Martin","MeanNDVI","575","W2.3"
"e:576:50",35.2507199314963,0.648410134657286,33.9765922814489,36.5248475815437,"Martin","MeanNDVI","576","W2.3"
"e:577:50",34.9205124864114,0.357044943629997,34.2189182165608,35.622106756262,"Martin","MeanNDVI","577","W2.3"
"e:578:50",35.8860087390709,0.26521441616766,35.3648617014649,36.407155776677,"Martin","MeanNDVI","578","W2.3"
"e:579:50",35.0885158993943,0.729232699012856,33.6555716940696,36.521460104719,"Martin","MeanNDVI","579","W2.3"
"e:580:50",35.2120214033874,0.745572592263941,33.7469692640912,36.6770735426836,"Martin","MeanNDVI","580","W2.3"
"e:581:50",35.6546531905997,0.283560282633993,35.0974564762853,36.2118499049142,"Martin","MeanNDVI","581","W2.3"
"e:582:50",34.9361876463255,0.253196370245374,34.4386561011226,35.4337191915284,"Martin","MeanNDVI","582","W2.3"
"e:583:50",36.0443855786491,0.311699512118263,35.4318952030845,36.6568759542137,"Martin","MeanNDVI","583","W2.3"
"e:584:50",35.0775983624445,0.325561141089731,34.4378698488508,35.7173268760382,"Martin","MeanNDVI","584","W2.3"
"e:585:50",35.7420413840978,0.243579499774258,35.2634070151098,36.2206757530858,"Martin","MeanNDVI","585","W2.3"
"e:586:50",35.1719356874102,0.511982366786432,34.165888966373,36.1779824084475,"Martin","MeanNDVI","586","W2.3"
"e:587:50",35.3376571419135,0.413722889232726,34.5246905572571,36.1506237265699,"Martin","MeanNDVI","587","W2.3"
"e:588:50",35.1897842086848,0.546190296565357,34.1165188140756,36.2630496032939,"Martin","MeanNDVI","588","W2.3"
"e:589:50",35.3190091144691,0.338492548048007,34.653870351592,35.9841478773463,"Martin","MeanNDVI","589","W2.3"
"e:590:50",35.1149654436021,0.425801077863153,34.2782651859601,35.9516657012441,"Martin","MeanNDVI","590","W2.3"
"e:591:50",35.5391903919807,0.253492571385648,35.0410768107444,36.037303973217,"Martin","MeanNDVI","591","W2.3"
"e:592:50",35.3451991627692,0.254425175084817,34.8452530127679,35.8451453127705,"Martin","MeanNDVI","592","W2.3"
"e:593:50",37.158331027309,0.374877875891273,36.4216949978358,37.8949670567821,"Martin","MeanNDVI","593","W2.3"
"e:594:50",35.4525362908253,0.262925165472246,34.9358876369628,35.9691849446877,"Martin","MeanNDVI","594","W2.3"
"e:595:50",35.519402580715,0.2630623490208,35.0024843608124,36.0363208006175,"Martin","MeanNDVI","595","W2.3"
"e:596:50",35.4958517693838,0.241673243889911,35.0209631983105,35.970740340457,"Martin","MeanNDVI","596","W2.3"
"e:597:50",35.1857871089216,0.260938055448161,34.6730431315749,35.6985310862683,"Martin","MeanNDVI","597","W2.3"
"e:598:50",35.2979207684011,0.273367042245265,34.7607537987323,35.8350877380698,"Martin","MeanNDVI","598","W2.3"
"e:852:50",37.0467741487687,0.337063357768458,36.3841168200772,37.7094314774603,"Moore","MeanNDVI","852","W2.3"
"e:853:50",36.430851829145,0.335263337469098,35.7717332910566,37.0899703672333,"Moore","MeanNDVI","853","W2.3"
"e:854:50",37.0289031126445,NA,NA,NA,"Moore","MeanNDVI","854","W2.3"
"e:855:50",36.3284651346122,13.8778141204524,9.04506270837081,63.6118675608536,"Moore","MeanNDVI","855","W2.3"
"e:856:50",36.4731441982711,9.47227211094607,17.8509166881811,55.0953717083612,"Moore","MeanNDVI","856","W2.3"
"e:857:50",36.4836077758174,10.4934726213582,15.8537280345021,57.1134875171328,"Moore","MeanNDVI","857","W2.3"
"e:858:50",37.0781917154828,1.40100458637723,34.323855074325,39.8325283566407,"Moore","MeanNDVI","858","W2.3"
"e:859:50",36.6652236147507,8.36018493092245,20.2293290388173,53.1011181906842,"Moore","MeanNDVI","859","W2.3"
"e:860:50",35.6106369825482,0.296915981330774,35.0269082962351,36.1943656688614,"Moore","MeanNDVI","860","W2.3"
"e:861:50",36.6620748705491,20.9773579112777,-4.5788361810848,77.902985922183,"Moore","MeanNDVI","861","W2.3"
"e:862:50",36.9182154256512,1.60242528939774,33.7678911995763,40.068539651726,"Moore","MeanNDVI","862","W2.3"
"e:863:50",36.0811261194265,0.351511245683852,35.390064638843,36.77218760001,"Moore","MeanNDVI","863","W2.3"
"e:864:50",36.7186703743911,7.40071841381689,22.1690606898309,51.2682800589514,"Moore","MeanNDVI","864","W2.3"
"e:865:50",35.8377378995432,0.345868460337188,35.1577699803867,36.5177058186996,"Moore","MeanNDVI","865","W2.3"
"e:866:50",36.222527146172,17.8006124000417,1.22701075370664,71.2180435386373,"Moore","MeanNDVI","866","W2.3"
"e:867:50",36.6588309247209,7.53174492789226,21.8516267025053,51.4660351469366,"Moore","MeanNDVI","867","W2.3"
"e:868:50",37.1102230261731,0.365047257727203,36.3925501166845,37.8278959356617,"Moore","MeanNDVI","868","W2.3"
"e:869:50",36.6466911143744,7.38656593986905,22.1249048059377,51.1684774228111,"Moore","MeanNDVI","869","W2.3"
"e:870:50",36.6623152779494,6.84945750648339,23.1964694373269,50.1281611185719,"Moore","MeanNDVI","870","W2.3"
"e:871:50",37.7225206698423,0.399657443398402,36.9368050833501,38.5082362563345,"Moore","MeanNDVI","871","W2.3"
"e:872:50",37.3359611074909,0.485432144529626,36.381614808075,38.2903074069068,"Moore","MeanNDVI","872","W2.3"
"e:873:50",36.6330364605231,0.403893323023048,35.8389932507161,37.4270796703302,"Moore","MeanNDVI","873","W2.3"
"e:874:50",37.0037311673815,1.05470020779673,34.930219448706,39.077242886057,"Moore","MeanNDVI","874","W2.3"
"e:875:50",36.8017357452351,NA,NA,NA,"Moore","MeanNDVI","875","W2.3"
"e:876:50",36.3505203299686,1.53433091093215,33.3340677867478,39.3669728731893,"Moore","MeanNDVI","876","W2.3"
"e:877:50",35.4512374652215,0.363240397754028,34.7371167929475,36.1653581374955,"Moore","MeanNDVI","877","W2.3"
"e:878:50",36.4370692040601,11.6004791555038,13.6308449392177,59.2432934689025,"Moore","MeanNDVI","878","W2.3"
"e:879:50",36.5919795453227,8.17055973392319,20.5288829125655,52.65507617808,"Moore","MeanNDVI","879","W2.3"
"e:880:50",36.673669751214,0.336278701329751,36.012555035588,37.33478446684,"Moore","MeanNDVI","880","W2.3"
"e:881:50",35.5464455405437,0.356500319475515,34.8455756775442,36.2473154035432,"Moore","MeanNDVI","881","W2.3"
"e:882:50",35.7954978590888,0.301001978337184,35.2037362145827,36.3872595035948,"Moore","MeanNDVI","882","W2.3"
"e:883:50",35.1225242546129,0.317782623086983,34.4977723221763,35.7472761870496,"Moore","MeanNDVI","883","W2.3"
"e:884:50",39.3061175935462,2.96201462619452,33.4828779725616,45.1293572145308,"Moore","MeanNDVI","884","W2.3"
"e:885:50",36.7411330054702,NA,NA,NA,"Moore","MeanNDVI","885","W2.3"
"e:886:50",35.8120273300376,0.301282464209374,35.2197142579897,36.4043404020854,"Moore","MeanNDVI","886","W2.3"
"e:887:50",36.2894690119986,5.35850108627647,25.7548026539247,46.8241353700724,"Moore","MeanNDVI","887","W2.3"
"e:888:50",36.4241760887891,11.33589300984,14.1381209389022,58.7102312386761,"Moore","MeanNDVI","888","W2.3"
"e:889:50",35.3547293995801,0.388511254295935,34.5909269155522,36.1185318836081,"Moore","MeanNDVI","889","W2.3"
"e:890:50",35.3694702488144,0.348968374509763,34.6834079833061,36.0555325143227,"Moore","MeanNDVI","890","W2.3"
"e:892:50",36.1279549997771,NA,NA,NA,"Moore","MeanNDVI","892","W2.3"
"e:893:50",36.947531680495,NA,NA,NA,"Moore","MeanNDVI","893","W2.3"
"e:894:50",38.6374766663123,1.80404722292742,35.0907692416515,42.1841840909732,"Moore","MeanNDVI","894","W2.3"
"e:895:50",36.5590588196175,8.89101601544855,19.0795648717815,54.0385527674534,"Moore","MeanNDVI","895","W2.3"
"e:896:50",37.1017126527066,1.63741398482107,33.8826016098234,40.3208236955898,"Moore","MeanNDVI","896","W2.3"
"e:599:50",35.864434561981,0.592618761876462,34.69996848698,37.0289006369819,"No Name","MeanNDVI","599","W2.3"
"e:600:50",35.9538923606823,0.173778308829149,35.6124267200032,36.2953580013613,"No Name","MeanNDVI","600","W2.3"
"e:601:50",35.9202893940008,0.65521990654478,34.6328152168067,37.2077635711949,"No Name","MeanNDVI","601","W2.3"
"e:602:50",36.6748072426683,0.31123100089431,36.0632539720927,37.2863605132439,"No Name","MeanNDVI","602","W2.3"
"e:603:50",36.1163213065026,NA,NA,NA,"No Name","MeanNDVI","603","W2.3"
"e:604:50",36.1123956834858,NA,NA,NA,"No Name","MeanNDVI","604","W2.3"
"e:605:50",36.1603450731423,NA,NA,NA,"No Name","MeanNDVI","605","W2.3"
"e:606:50",36.0856243499454,NA,NA,NA,"No Name","MeanNDVI","606","W2.3"
"e:607:50",36.4087266585814,0.0881369181635089,36.2355420452027,36.5819112719601,"No Name","MeanNDVI","607","W2.3"
"e:608:50",36.2843326785638,NA,NA,NA,"No Name","MeanNDVI","608","W2.3"
"e:609:50",36.8895002973833,0.200328390923918,36.4958650801117,37.2831355146548,"No Name","MeanNDVI","609","W2.3"
"e:610:50",36.4417032857168,0.176673166205424,36.0945493958234,36.7888571756102,"No Name","MeanNDVI","610","W2.3"
"e:611:50",36.1824672564883,NA,NA,NA,"No Name","MeanNDVI","611","W2.3"
"e:612:50",36.183641617773,NA,NA,NA,"No Name","MeanNDVI","612","W2.3"
"e:613:50",36.1649370149,NA,NA,NA,"No Name","MeanNDVI","613","W2.3"
"e:614:50",35.9969976859877,0.194226943297685,35.6153515065702,36.3786438654052,"No Name","MeanNDVI","614","W2.3"
"e:615:50",36.6541509697106,0.238676906066333,36.1851628480379,37.1231390913833,"No Name","MeanNDVI","615","W2.3"
"e:616:50",36.3360339150965,0.158994106694932,36.0236184883808,36.6484493418121,"No Name","MeanNDVI","616","W2.3"
"e:617:50",35.8118240940869,0.515945222354623,34.7980176697198,36.8256305184539,"No Name","MeanNDVI","617","W2.3"
"e:618:50",36.3910667118942,0.19456164373525,36.0087628629429,36.7733705608455,"No Name","MeanNDVI","618","W2.3"
"e:619:50",36.8680832349383,0.172003792451355,36.5301044297333,37.2060620401434,"No Name","MeanNDVI","619","W2.3"
"e:620:50",36.6133731476372,0.144599205006963,36.329242979079,36.8975033161954,"No Name","MeanNDVI","620","W2.3"
"e:621:50",36.6083613244446,0.118051175326226,36.3763966995885,36.8403259493008,"No Name","MeanNDVI","621","W2.3"
"e:622:50",36.3910309638587,NA,NA,NA,"No Name","MeanNDVI","622","W2.3"
"e:623:50",36.1933248631939,NA,NA,NA,"No Name","MeanNDVI","623","W2.3"
"e:624:50",36.2706432230388,0.121909854424054,36.0310964877387,36.5101899583389,"No Name","MeanNDVI","624","W2.3"
"e:625:50",36.0876928057924,NA,NA,NA,"No Name","MeanNDVI","625","W2.3"
"e:626:50",36.1856979274658,0.0861831247841374,36.0163524198566,36.355043435075,"No Name","MeanNDVI","626","W2.3"
"e:627:50",35.9159965552204,0.288697210725812,35.3487210495088,36.4832720609319,"No Name","MeanNDVI","627","W2.3"
"e:628:50",36.0616967101516,0.255011687060985,35.5606115650053,36.5627818552979,"No Name","MeanNDVI","628","W2.3"
"e:629:50",36.4164234876019,0.222029589921905,35.9801465052604,36.8527004699434,"No Name","MeanNDVI","629","W2.3"
"e:630:50",35.8382086569272,NA,NA,NA,"No Name","MeanNDVI","630","W2.3"
"e:631:50",36.0921457508593,NA,NA,NA,"No Name","MeanNDVI","631","W2.3"
"e:632:50",36.147561266514,NA,NA,NA,"No Name","MeanNDVI","632","W2.3"
"e:633:50",36.1076074736019,NA,NA,NA,"No Name","MeanNDVI","633","W2.3"
"e:634:50",36.1413170963941,NA,NA,NA,"No Name","MeanNDVI","634","W2.3"
"e:635:50",36.5600850046569,0.18298602875626,36.2005266572109,36.9196433521029,"No Name","MeanNDVI","635","W2.3"
"e:636:50",36.3994102201291,0.158204090846354,36.0885471348403,36.7102733054179,"No Name","MeanNDVI","636","W2.3"
"e:637:50",36.1389430046096,0.0370635776420608,36.0661149378003,36.2117710714188,"No Name","MeanNDVI","637","W2.3"
"e:638:50",36.1373159197531,NA,NA,NA,"No Name","MeanNDVI","638","W2.3"
"e:639:50",36.2060931781331,NA,NA,NA,"No Name","MeanNDVI","639","W2.3"
"e:640:50",36.0874733900557,NA,NA,NA,"No Name","MeanNDVI","640","W2.3"
"e:641:50",36.24441039946,NA,NA,NA,"No Name","MeanNDVI","641","W2.3"
"e:642:50",35.8521184194214,0.175703282105473,35.5068703030264,36.1973665358163,"No Name","MeanNDVI","642","W2.3"
"e:643:50",36.0309262177469,NA,NA,NA,"No Name","MeanNDVI","643","W2.3"
"e:644:50",36.2137379174702,NA,NA,NA,"No Name","MeanNDVI","644","W2.3"
"e:645:50",36.1376186780027,NA,NA,NA,"No Name","MeanNDVI","645","W2.3"
"e:646:50",36.2289026202499,NA,NA,NA,"No Name","MeanNDVI","646","W2.3"
"e:647:50",36.1874262245692,NA,NA,NA,"No Name","MeanNDVI","647","W2.3"
"e:648:50",36.1609751106557,0.173450555273296,35.8201534892371,36.5017967320744,"No Name","MeanNDVI","648","W2.3"
"e:649:50",36.1436196730095,0.157760354091092,35.8336285081373,36.4536108378817,"No Name","MeanNDVI","649","W2.3"
"e:650:50",36.3247659131984,0.201565289086556,35.9287002532186,36.7208315731783,"No Name","MeanNDVI","650","W2.3"
"e:651:50",36.1766040368352,NA,NA,NA,"No Name","MeanNDVI","651","W2.3"
"e:487:50",35.9917821482548,0.618427300542773,34.7764181031992,37.2071461933104,"North Direction","MeanNDVI","487","W2.3"
"e:488:50",35.9631277286967,0.552012357611477,34.8782856279704,37.0479698294231,"North Direction","MeanNDVI","488","W2.3"
"e:489:50",35.9447813082232,0.623782461014775,34.7188930358454,37.170669580601,"North Direction","MeanNDVI","489","W2.3"
"e:490:50",35.9742456164769,0.64646153272142,34.7037873060311,37.2447039269227,"North Direction","MeanNDVI","490","W2.3"
"e:491:50",35.9961781693253,0.509164412640236,34.9955429780883,36.9968133605623,"North Direction","MeanNDVI","491","W2.3"
"e:492:50",36.063185437703,0.319163480666749,35.4359495143266,36.6904213610795,"North Direction","MeanNDVI","492","W2.3"
"e:493:50",35.8274569761791,0.497027424590103,34.8506739966385,36.8042399557196,"North Direction","MeanNDVI","493","W2.3"
"e:494:50",35.7800394376932,0.449942386129494,34.8957903142015,36.6642885611849,"North Direction","MeanNDVI","494","W2.3"
"e:495:50",36.3094090054041,NA,NA,NA,"North Direction","MeanNDVI","495","W2.3"
"e:496:50",36.1240184181613,0.704681226054681,34.7391438749113,37.5088929614114,"North Direction","MeanNDVI","496","W2.3"
"e:497:50",36.1743332577583,0.815456477496403,34.5717576887513,37.7769088267652,"North Direction","MeanNDVI","497","W2.3"
"e:498:50",35.8851447342977,0.328740317982137,35.2390879345979,36.5312015339974,"North Direction","MeanNDVI","498","W2.3"
"e:499:50",35.8486042280801,0.439193168752569,34.9854800004345,36.7117284557256,"North Direction","MeanNDVI","499","W2.3"
"e:500:50",36.0063054281681,0.64917337134935,34.7305176777679,37.2820931785682,"North Direction","MeanNDVI","500","W2.3"
"e:501:50",35.9956082210208,0.554182114994025,34.9065020053258,37.0847144367157,"North Direction","MeanNDVI","501","W2.3"
"e:502:50",36.17881091347,0.526384926426237,35.1443331132885,37.2132887136515,"North Direction","MeanNDVI","502","W2.3"
"e:503:50",36.1492876098697,NA,NA,NA,"North Direction","MeanNDVI","503","W2.3"
"e:504:50",36.1042890010926,0.999313227136768,34.1403890164953,38.0681889856898,"North Direction","MeanNDVI","504","W2.3"
"e:505:50",35.7884116795481,0.413920528911433,34.9749544988773,36.6018688602188,"North Direction","MeanNDVI","505","W2.3"
"e:506:50",35.8641393322914,0.463853256253306,34.9525518759527,36.7757267886301,"North Direction","MeanNDVI","506","W2.3"
"e:507:50",35.9942089028106,0.365972912481111,35.2749807592544,36.7134370463667,"North Direction","MeanNDVI","507","W2.3"
"e:508:50",35.3752639339415,0.446596641833194,34.4975900333064,36.2529378345766,"North Direction","MeanNDVI","508","W2.3"
"e:509:50",35.9753748541921,0.641839302538753,34.7140003800632,37.2367493283211,"North Direction","MeanNDVI","509","W2.3"
"e:510:50",35.9758220119508,0.440316264084999,35.1104906215797,36.8411534023218,"North Direction","MeanNDVI","510","W2.3"
"e:511:50",36.0525208576595,0.537895716943534,34.995421480273,37.109620235046,"North Direction","MeanNDVI","511","W2.3"
"e:512:50",36.1653653032133,0.511234835776714,35.1606612136015,37.1700693928251,"North Direction","MeanNDVI","512","W2.3"
"e:513:50",36.3599159369026,0.634083282717122,35.1137839781278,37.6060478956774,"North Direction","MeanNDVI","513","W2.3"
"e:514:50",35.8060653152731,0.464629849991789,34.8929516583501,36.719178972196,"North Direction","MeanNDVI","514","W2.3"
"e:515:50",35.9605695899276,0.516666973665714,34.9451899931507,36.9759491867046,"North Direction","MeanNDVI","515","W2.3"
"e:516:50",36.0839701247569,0.387595799771543,35.3222476092026,36.8456926403112,"North Direction","MeanNDVI","516","W2.3"
"e:517:50",35.8958790399593,0.443706153013277,35.0238856715085,36.7678724084102,"North Direction","MeanNDVI","517","W2.3"
"e:518:50",35.8635855050504,0.492060985819835,34.896562817638,36.8306081924627,"North Direction","MeanNDVI","518","W2.3"
"e:519:50",36.0226825022676,0.464176037090348,35.1104607009971,36.9349043035382,"North Direction","MeanNDVI","519","W2.3"
"e:520:50",36.0685340945395,0.425204976793697,35.2329001564515,36.9041680326276,"North Direction","MeanNDVI","520","W2.3"
"e:521:50",35.458833142708,0.744474432450242,33.9957550139302,36.9219112714857,"North Direction","MeanNDVI","521","W2.3"
"e:522:50",36.1201314677807,0.44536712036579,35.2448738837972,36.9953890517642,"North Direction","MeanNDVI","522","W2.3"
"e:523:50",36.116392041033,0.532123814449427,35.070635893088,37.1621481889781,"North Direction","MeanNDVI","523","W2.3"
"e:524:50",34.1609400318418,0.57522537822496,33.0304785501373,35.2914015135463,"North Direction","MeanNDVI","524","W2.3"
"e:525:50",36.3876737083555,0.5257169938822,35.3545085623823,37.4208388543288,"North Direction","MeanNDVI","525","W2.3"
"e:526:50",35.7766340927334,0.427036918885202,34.9373999310642,36.6158682544027,"North Direction","MeanNDVI","526","W2.3"
"e:527:50",35.796882313975,0.427200477974783,34.9573267178598,36.6364379100902,"North Direction","MeanNDVI","527","W2.3"
"e:528:50",36.0984017098595,0.469379889837917,35.1759530387215,37.0208503809975,"North Direction","MeanNDVI","528","W2.3"
"e:529:50",36.181676371534,0.393404844414649,35.4085376329424,36.9548151101256,"North Direction","MeanNDVI","529","W2.3"
"e:530:50",32.8156596325771,NA,NA,NA,"North Direction","MeanNDVI","530","W2.3"
"e:531:50",37.4398696520364,2.3497022049842,32.8221181814607,42.0576211226121,"North Direction","MeanNDVI","531","W2.3"
"e:532:50",36.1319109315459,0.391863297623384,35.361801717269,36.9020201458228,"North Direction","MeanNDVI","532","W2.3"
"e:533:50",36.0018696447892,0.543755323504987,34.9332546775723,37.070484612006,"North Direction","MeanNDVI","533","W2.3"
"e:534:50",36.244462197142,0.388385823810478,35.4811870871101,37.007737307174,"North Direction","MeanNDVI","534","W2.3"
"e:535:50",34.450471105844,0.953416443887103,32.5767697591407,36.3241724525474,"North Direction","MeanNDVI","535","W2.3"
"e:536:50",36.1199006505889,1.20657166914975,33.7486860823118,38.4911152188659,"North Direction","MeanNDVI","536","W2.3"
"e:537:50",33.4048164852562,22.8434833045768,-11.4883314204764,78.2979643909887,"North Direction","MeanNDVI","537","W2.3"
"e:538:50",38.4678244047309,6.79304754863628,25.1177899872346,51.8178588222272,"North Direction","MeanNDVI","538","W2.3"
"e:897:50",36.8855831817688,0.453471434870779,35.9941248764645,37.777041487073,"Pelorus East","MeanNDVI","897","W2.3"
"e:898:50",37.2708640236446,0.0713954182791288,37.1305111068093,37.4112169404799,"Pelorus East","MeanNDVI","898","W2.3"
"e:899:50",37.1665698427371,0.155009982342173,36.861842961311,37.4712967241632,"Pelorus East","MeanNDVI","899","W2.3"
"e:900:50",37.0442149195586,0.291840172587367,36.4704999605369,37.6179298785804,"Pelorus East","MeanNDVI","900","W2.3"
"e:901:50",36.5790827989313,1.02796976042851,34.5582450789176,38.599920518945,"Pelorus East","MeanNDVI","901","W2.3"
"e:902:50",36.1296734353315,1.82865568267082,32.5348046729291,39.7245421977338,"Pelorus East","MeanNDVI","902","W2.3"
"e:903:50",37.0437368158716,0.261346344429507,36.5299682487975,37.5575053829457,"Pelorus East","MeanNDVI","903","W2.3"
"e:904:50",36.6578787390099,0.440196884918728,35.7925162512014,37.5232412268184,"Pelorus East","MeanNDVI","904","W2.3"
"e:905:50",35.3352554843756,0.317343691033251,34.7114043500961,35.9591066186552,"Pelorus East","MeanNDVI","905","W2.3"
"e:906:50",35.3510942808562,0.291300822409112,34.7784396051487,35.9237489565638,"Pelorus East","MeanNDVI","906","W2.3"
"e:907:50",35.0812638843447,0.298778207986972,34.4939097657114,35.668618002978,"Pelorus East","MeanNDVI","907","W2.3"
"e:908:50",36.4894863097788,1.26739536068307,33.9979729894151,38.9809996301426,"Pelorus East","MeanNDVI","908","W2.3"
"e:909:50",36.153738672977,0.297436649808675,35.569021860882,36.7384554850721,"Pelorus East","MeanNDVI","909","W2.3"
"e:910:50",36.7474692818022,0.345202759528243,36.0688513064868,37.4260872571177,"Pelorus East","MeanNDVI","910","W2.3"
"e:911:50",35.1930177674527,0.365003368149405,34.4754747008348,35.9105608340707,"Pelorus East","MeanNDVI","911","W2.3"
"e:912:50",36.6583365351936,0.340241260899712,35.9894721382054,37.3272009321819,"Pelorus East","MeanNDVI","912","W2.3"
"e:913:50",36.0339050408529,0.335222298563701,35.3749071874094,36.6929028942964,"Pelorus East","MeanNDVI","913","W2.3"
"e:914:50",36.5540054876703,0.387803254901223,35.7916411890144,37.3163697863261,"Pelorus East","MeanNDVI","914","W2.3"
"e:915:50",36.7336496846298,0.751363556415134,35.2565791766272,38.2107201926323,"Pelorus East","MeanNDVI","915","W2.3"
"e:916:50",36.5989272486423,0.514568045113981,35.5873619720075,37.610492525277,"Pelorus East","MeanNDVI","916","W2.3"
"e:917:50",36.2879286135419,0.338275157556647,35.6229292872494,36.9529279398345,"Pelorus East","MeanNDVI","917","W2.3"
"e:918:50",36.1705081445403,0.338058021747544,35.5059356753892,36.8350806136915,"Pelorus East","MeanNDVI","918","W2.3"
"e:919:50",36.4796731802327,NA,NA,NA,"Pelorus East","MeanNDVI","919","W2.3"
"e:920:50",37.0875484431509,0.389008154402483,36.3228154888646,37.8522813974372,"Pelorus East","MeanNDVI","920","W2.3"
"e:921:50",36.3182784038167,5.68157389898615,25.1491377480345,47.4874190595989,"Pelorus East","MeanNDVI","921","W2.3"
"e:922:50",36.1923776217341,0.354467886359597,35.495545766495,36.8892094769731,"Pelorus East","MeanNDVI","922","W2.3"
"e:923:50",36.2728993137346,0.44941281962024,35.3894196505121,37.1563789769571,"Pelorus East","MeanNDVI","923","W2.3"
"e:924:50",36.7107970406146,NA,NA,NA,"Pelorus East","MeanNDVI","924","W2.3"
"e:925:50",36.8022399355712,0.34374590862583,36.1264859153733,37.4779939557691,"Pelorus East","MeanNDVI","925","W2.3"
"e:926:50",36.4102651887138,NA,NA,NA,"Pelorus East","MeanNDVI","926","W2.3"
"e:927:50",35.9151639108656,0.459233565200183,35.012378102783,36.8179497189482,"Pelorus East","MeanNDVI","927","W2.3"
"e:928:50",36.2166237679028,0.466799425334589,35.2989645888977,37.1342829469078,"Pelorus East","MeanNDVI","928","W2.3"
"e:929:50",36.5853091305549,2.21024920601945,32.2402834906054,40.9303347705043,"Pelorus East","MeanNDVI","929","W2.3"
"e:930:50",36.7410439697051,1.11853033200837,34.5421774534763,38.9399104859339,"Pelorus East","MeanNDVI","930","W2.3"
"e:931:50",36.3645723066775,3.64421833814738,29.2005737522607,43.5285708610943,"Pelorus East","MeanNDVI","931","W2.3"
"e:932:50",36.898872618883,NA,NA,NA,"Pelorus East","MeanNDVI","932","W2.3"
"e:933:50",36.2589714357813,0.366882922138235,35.5377334417991,36.9802094297635,"Pelorus East","MeanNDVI","933","W2.3"
"e:934:50",36.6696005935676,0.84192794519765,35.0144937852896,38.3247074018455,"Pelorus East","MeanNDVI","934","W2.3"
"e:935:50",35.9073821945272,0.333471417771842,35.2518263158223,36.5629380732321,"Pelorus East","MeanNDVI","935","W2.3"
"e:936:50",35.6009425149649,0.350703167020212,34.9115115455682,36.2903734843616,"Pelorus East","MeanNDVI","936","W2.3"
"e:937:50",35.1991861692534,0.382529501957565,34.4471892950927,35.951183043414,"Pelorus East","MeanNDVI","937","W2.3"
"e:938:50",37.0964932281096,0.239011603607874,36.6266314844232,37.5663549717959,"Pelorus East","MeanNDVI","938","W2.3"
"e:939:50",36.5115452204364,1.90544286700971,32.7657241202328,40.25736632064,"Pelorus East","MeanNDVI","939","W2.3"
"e:940:50",35.763098001943,0.358964539006767,35.0574263873716,36.4687696165145,"Pelorus East","MeanNDVI","940","W2.3"
"e:941:50",37.1959362960904,0.182602704738662,36.8369661709784,37.5549064212025,"Pelorus East","MeanNDVI","941","W2.3"
"e:712:50",34.8336618051589,0.428027574795166,33.9927436157798,35.6745799945379,"St Crispin","MeanNDVI","712","W2.3"
"e:713:50",35.1187225509409,0.247231283309261,34.6330031829358,35.6044419189461,"St Crispin","MeanNDVI","713","W2.3"
"e:714:50",34.3416873149159,0.400405868800438,33.5550357110571,35.1283389187747,"St Crispin","MeanNDVI","714","W2.3"
"e:715:50",34.8366037010977,6.0307544902233,22.988369042536,46.6848383596594,"St Crispin","MeanNDVI","715","W2.3"
"e:716:50",34.5398354788109,4.89336289207591,24.9261607870615,44.1535101705603,"St Crispin","MeanNDVI","716","W2.3"
"e:717:50",34.5672193512667,NA,NA,NA,"St Crispin","MeanNDVI","717","W2.3"
"e:718:50",34.7120445802712,NA,NA,NA,"St Crispin","MeanNDVI","718","W2.3"
"e:719:50",35.0568258790611,0.326291634573786,34.4157817344481,35.697870023674,"St Crispin","MeanNDVI","719","W2.3"
"e:720:50",35.2493357419698,1.4849185729526,32.3320119262315,38.1666595577081,"St Crispin","MeanNDVI","720","W2.3"
"e:721:50",35.0481839444642,0.239578511772378,34.5774994834685,35.5188684054599,"St Crispin","MeanNDVI","721","W2.3"
"e:722:50",34.6104273410308,3.47819116395322,27.7770493342389,41.4438053478228,"St Crispin","MeanNDVI","722","W2.3"
"e:723:50",34.8429058288629,2.67198270024781,29.5934336297415,40.0923780279842,"St Crispin","MeanNDVI","723","W2.3"
"e:724:50",34.7578588314727,3.08286220088508,28.7011581590592,40.8145595038862,"St Crispin","MeanNDVI","724","W2.3"
"e:725:50",34.6216797488771,3.63231597477643,27.4855026597647,41.7578568379895,"St Crispin","MeanNDVI","725","W2.3"
"e:726:50",34.689422224589,3.88126937716965,27.0641424310995,42.3147020180785,"St Crispin","MeanNDVI","726","W2.3"
"e:727:50",34.6782779413028,0.32513177594437,34.039512496185,35.3170433864206,"St Crispin","MeanNDVI","727","W2.3"
"e:728:50",34.6615445858103,0.330262635900204,34.0126988708265,35.3103903007941,"St Crispin","MeanNDVI","728","W2.3"
"e:729:50",34.9495299947035,0.88364223438146,33.2134950484725,36.6855649409345,"St Crispin","MeanNDVI","729","W2.3"
"e:730:50",34.4634485543207,NA,NA,NA,"St Crispin","MeanNDVI","730","W2.3"
"e:731:50",34.9303747152634,0.473046016091294,34.001011695755,35.8597377347717,"St Crispin","MeanNDVI","731","W2.3"
"e:732:50",35.4389322695813,0.662153305700069,34.1380423463395,36.7398221928231,"St Crispin","MeanNDVI","732","W2.3"
"e:733:50",35.0252739464271,1.46848336057147,32.1402393331876,37.9103085596667,"St Crispin","MeanNDVI","733","W2.3"
"e:734:50",34.4989852953839,5.08747486590792,24.5039513193647,44.494019271403,"St Crispin","MeanNDVI","734","W2.3"
"e:735:50",34.5434576288689,4.41962236706162,25.860510413547,43.2264048441907,"St Crispin","MeanNDVI","735","W2.3"
"e:736:50",34.2859138723765,NA,NA,NA,"St Crispin","MeanNDVI","736","W2.3"
"e:737:50",34.1374745221459,0.392122852935149,33.3670960257087,34.9078530185831,"St Crispin","MeanNDVI","737","W2.3"
"e:738:50",34.5935797780919,3.67522261244157,27.373106783336,41.8140527728477,"St Crispin","MeanNDVI","738","W2.3"
"e:739:50",34.5940811012818,4.83961836165902,25.0859948245518,44.1021673780118,"St Crispin","MeanNDVI","739","W2.3"
"e:740:50",34.9267036515672,NA,NA,NA,"St Crispin","MeanNDVI","740","W2.3"
"e:741:50",34.4061066972036,1.16606550577365,32.1152129521411,36.6970004422662,"St Crispin","MeanNDVI","741","W2.3"
"e:742:50",33.4649404527407,0.513644337444621,32.4558165278734,34.4740643776081,"St Crispin","MeanNDVI","742","W2.3"
"e:743:50",33.7316949556879,0.388505087347814,32.9684240501313,34.4949658612444,"St Crispin","MeanNDVI","743","W2.3"
"e:748:50",35.2978553690466,0.8086242887362,33.7092033456405,36.8865073924528,"St Crispin","MeanNDVI","748","W2.3"
"e:749:50",35.0743534285201,0.714493516579976,33.6706340663434,36.4780727906967,"St Crispin","MeanNDVI","749","W2.3"
"e:750:50",34.9496966851174,2.60475600840941,29.832300434621,40.0670929356138,"St Crispin","MeanNDVI","750","W2.3"
"e:751:50",33.7897265740623,0.415708042722746,32.9730117753393,34.6064413727853,"St Crispin","MeanNDVI","751","W2.3"
"e:752:50",34.7893308031714,2.67552252281434,29.5329041427988,40.045757463544,"St Crispin","MeanNDVI","752","W2.3"
"e:753:50",34.7903806095728,4.31072397943186,26.3213790378132,43.2593821813324,"St Crispin","MeanNDVI","753","W2.3"
"e:754:50",34.7298962555561,3.45680551845278,27.9385332481519,41.5212592629604,"St Crispin","MeanNDVI","754","W2.3"
"e:755:50",34.4003517721574,0.342660917746617,33.727147951912,35.0735555924027,"St Crispin","MeanNDVI","755","W2.3"
"e:756:50",34.5911301773208,4.15577787480967,26.4265412308753,42.7557191237663,"St Crispin","MeanNDVI","756","W2.3"
"e:757:50",33.6754401340917,0.324294890351641,33.0383188641598,34.3125614040236,"St Crispin","MeanNDVI","757","W2.3"
"e:758:50",33.6916281656659,0.358345269062329,32.9876103112632,34.3956460200685,"St Crispin","MeanNDVI","758","W2.3"
"e:759:50",34.7010189523475,3.67240182712079,27.4860877727088,41.9159501319861,"St Crispin","MeanNDVI","759","W2.3"
"e:760:50",34.6057747840345,0.436964640485955,33.7472985176959,35.4642510503731,"St Crispin","MeanNDVI","760","W2.3"
"e:761:50",34.113105410041,0.441646795109096,33.245430416284,34.9807804037979,"St Crispin","MeanNDVI","761","W2.3"
"e:762:50",34.7171022519213,3.25001713081692,28.3320030619793,41.1022014418634,"St Crispin","MeanNDVI","762","W2.3"
"e:763:50",34.7456711715891,0.341889823968242,34.0739822695924,35.4173600735859,"St Crispin","MeanNDVI","763","W2.3"
"e:764:50",34.6963631584084,4.56271584131461,25.7322894167445,43.6604369000722,"St Crispin","MeanNDVI","764","W2.3"
"e:765:50",34.5234641446001,0.372655590305116,33.7913317243668,35.2555965648333,"St Crispin","MeanNDVI","765","W2.3"
"e:766:50",34.3816472687362,2.85458048983457,28.7734369610307,39.9898575764418,"St Crispin","MeanNDVI","766","W2.3"
"e:767:50",34.6696689712642,3.94482138866806,26.9195326367769,42.4198053057516,"St Crispin","MeanNDVI","767","W2.3"
"e:768:50",35.0751764726212,0.618797786031864,33.8594643445633,36.290888600679,"St Crispin","MeanNDVI","768","W2.3"
"e:769:50",34.2214702088604,NA,NA,NA,"St Crispin","MeanNDVI","769","W2.3"
"e:770:50",33.8136932280644,0.409958338890657,33.008274501886,34.6191119542429,"St Crispin","MeanNDVI","770","W2.3"
"e:771:50",34.3956893253494,0.409114966197259,33.5919275191454,35.1994511315534,"St Crispin","MeanNDVI","771","W2.3"
