"lambda","mse","mse_sd","mse_up","mse_low","lambda.min","lambda.1se","Trait_metric"
1000,0.0350734708050989,0.00191145298131188,0.0369849237864107,0.033162017823787,0.00398107170553497,0.1,"NDVI_Ratio"
794.328234724281,0.035068443880907,0.00191121165462453,0.0369796555355316,0.0331572322262825,0.00398107170553497,0.1,"NDVI_Ratio"
630.957344480193,0.0350621147632259,0.00191090780016471,0.0369730225633907,0.0331512069630612,0.00398107170553497,0.1,"NDVI_Ratio"
501.187233627272,0.0350541514698082,0.00191052546191911,0.0369646769317273,0.0331436260078891,0.00398107170553497,0.1,"NDVI_Ratio"
398.107170553497,0.0350441335508914,0.00191004443042342,0.0369541779813148,0.033134089120468,0.00398107170553497,0.1,"NDVI_Ratio"
316.227766016838,0.0350315332533947,0.00190943932879029,0.036940972582185,0.0331220939246044,0.00398107170553497,0.1,"NDVI_Ratio"
251.188643150958,0.0350156886440109,0.00190867831270814,0.036924366956719,0.0331070103313027,0.00398107170553497,0.1,"NDVI_Ratio"
199.526231496888,0.0349957702979699,0.00190772145587497,0.0369034917538449,0.033088048842095,0.00398107170553497,0.1,"NDVI_Ratio"
158.489319246111,0.0349707401877048,0.00190651875208274,0.0368772589397875,0.033064221435622,0.00398107170553497,0.1,"NDVI_Ratio"
125.892541179417,0.0349393012223128,0.00190500765459651,0.0368443088769094,0.0330342935677163,0.00398107170553497,0.1,"NDVI_Ratio"
100,0.0348998357510444,0.00190311006417935,0.0368029458152238,0.032996725686865,0.00398107170553497,0.1,"NDVI_Ratio"
79.4328234724281,0.0348504284841819,0.001900727832982,0.0367511563171639,0.0329497006511999,0.00398107170553497,0.1,"NDVI_Ratio"
63.0957344480193,0.0347884668089715,0.00189775077371465,0.0366862175826862,0.0328907160352569,0.00398107170553497,0.1,"NDVI_Ratio"
50.1187233627272,0.0347109095576781,0.00189401493406661,0.0366049244917447,0.0328168946236115,0.00398107170553497,0.1,"NDVI_Ratio"
39.8107170553497,0.0346140013243652,0.00188934273506524,0.0365033440594304,0.0327246585892999,0.00398107170553497,0.1,"NDVI_Ratio"
31.6227766016838,0.0344931453721983,0.0018835093704363,0.0363766547426346,0.032609636001762,0.00398107170553497,0.1,"NDVI_Ratio"
25.1188643150958,0.0343427836840504,0.00187624169981153,0.0362190253838619,0.0324665419842389,0.00398107170553497,0.1,"NDVI_Ratio"
19.9526231496888,0.0341562696393449,0.00186721108457675,0.0360234807239217,0.0322890585547682,0.00398107170553497,0.1,"NDVI_Ratio"
15.8489319246111,0.0339257675205546,0.00185602710140141,0.035781794621956,0.0320697404191532,0.00398107170553497,0.1,"NDVI_Ratio"
12.5892541179417,0.0336422108399513,0.00184223360015358,0.0354844444401048,0.0317999772397977,0.00398107170553497,0.1,"NDVI_Ratio"
10,0.0332953663087785,0.00182530937059416,0.0351206756793726,0.0314700569381843,0.00398107170553497,0.1,"NDVI_Ratio"
7.94328234724281,0.0328740669832506,0.00180467669200192,0.0346787436752525,0.0310693902912486,0.00398107170553497,0.1,"NDVI_Ratio"
6.30957344480193,0.0323666929504428,0.00177972216530644,0.0341464151157492,0.0305869707851363,0.00398107170553497,0.1,"NDVI_Ratio"
5.01187233627272,0.0317619832453417,0.00174983519872604,0.0335118184440677,0.0300121480466157,0.00398107170553497,0.1,"NDVI_Ratio"
3.98107170553497,0.031050247918192,0.00171446974730319,0.0327647176654952,0.0293357781708888,0.00398107170553497,0.1,"NDVI_Ratio"
3.16227766016838,0.0302249808449603,0.00167323371070096,0.0318982145556613,0.0285517471342594,0.00398107170553497,0.1,"NDVI_Ratio"
2.51188643150958,0.0292848027363836,0.00162600598753939,0.030910808723923,0.0276587967488442,0.00398107170553497,0.1,"NDVI_Ratio"
1.99526231496888,0.0282354429686768,0.00157307329096918,0.029808516259646,0.0266623696777076,0.00398107170553497,0.1,"NDVI_Ratio"
1.58489319246111,0.0270913360710448,0.00151526624473343,0.0286066023157782,0.0255760698263114,0.00398107170553497,0.1,"NDVI_Ratio"
1.25892541179417,0.0258762431284081,0.00145405945883756,0.0273303025872457,0.0244221836695705,0.00398107170553497,0.1,"NDVI_Ratio"
1,0.0246223453075354,0.00139158822166326,0.0260139335291987,0.0232307570858721,0.00398107170553497,0.1,"NDVI_Ratio"
0.794328234724281,0.0233675380998695,0.00133053389348305,0.0246980719933526,0.0220370042063865,0.00398107170553497,0.1,"NDVI_Ratio"
0.630957344480193,0.0221511578211364,0.00127384961458102,0.0234250074357175,0.0208773082065554,0.00398107170553497,0.1,"NDVI_Ratio"
0.501187233627272,0.0210089139707388,0.0012243405430865,0.0222332545138253,0.0197845734276523,0.00398107170553497,0.1,"NDVI_Ratio"
0.398107170553497,0.0199690606392559,0.001184221603234,0.0211532822424899,0.0187848390360219,0.00398107170553497,0.1,"NDVI_Ratio"
0.316227766016838,0.019048927346456,0.00115470995786963,0.0202036373043257,0.0178942173885864,0.00398107170553497,0.1,"NDVI_Ratio"
0.251188643150958,0.0182548811974551,0.00113587991495771,0.0193907611124129,0.0171190012824974,0.00398107170553497,0.1,"NDVI_Ratio"
0.199526231496888,0.0175838160341433,0.00112678009131127,0.0187105961254546,0.016457035942832,0.00398107170553497,0.1,"NDVI_Ratio"
0.158489319246111,0.017025692984728,0.00112573575631703,0.0181514287410451,0.015899957228411,0.00398107170553497,0.1,"NDVI_Ratio"
0.125892541179417,0.0165679717365522,0.00113089384743369,0.0176988655839859,0.0154370778891185,0.00398107170553497,0.1,"NDVI_Ratio"
0.1,0.0161963066853365,0.00114040332437049,0.0173367100097069,0.015055903360966,0.00398107170553497,0.1,"NDVI_Ratio"
0.0794328234724281,0.0158974734538697,0.00115272582271251,0.0170501992765822,0.0147447476311572,0.00398107170553497,0.1,"NDVI_Ratio"
0.0630957344480193,0.0156597022010344,0.00116666912778191,0.0168263713288163,0.0144930330732525,0.00398107170553497,0.1,"NDVI_Ratio"
0.0501187233627272,0.015473236617321,0.00118149787628515,0.0166547344936061,0.0142917387410358,0.00398107170553497,0.1,"NDVI_Ratio"
0.0398107170553497,0.0153297683080543,0.00119658325671569,0.01652635156477,0.0141331850513386,0.00398107170553497,0.1,"NDVI_Ratio"
0.0316227766016838,0.0152214512095498,0.00121152310372611,0.0164329743132759,0.0140099281058237,0.00398107170553497,0.1,"NDVI_Ratio"
0.0251188643150958,0.0151418940084953,0.00122612021608499,0.0163680142245802,0.0139157737924103,0.00398107170553497,0.1,"NDVI_Ratio"
0.0199526231496888,0.0150853692366373,0.00124006389903399,0.0163254331356712,0.0138453053376033,0.00398107170553497,0.1,"NDVI_Ratio"
0.0158489319246111,0.0150461269578709,0.00125324870839019,0.0162993756662611,0.0137928782494807,0.00398107170553497,0.1,"NDVI_Ratio"
0.0125892541179417,0.0150202075157815,0.00126546428625116,0.0162856718020327,0.0137547432295304,0.00398107170553497,0.1,"NDVI_Ratio"
0.01,0.0150038384562885,0.00127676449055494,0.0162806029468434,0.0137270739657335,0.00398107170553497,0.1,"NDVI_Ratio"
0.00794328234724281,0.0149942732139141,0.00128693288093435,0.0162812060948484,0.0137073403329797,0.00398107170553497,0.1,"NDVI_Ratio"
0.00630957344480193,0.0149890829864192,0.00129589689046132,0.0162849798768805,0.0136931860959578,0.00398107170553497,0.1,"NDVI_Ratio"
0.00501187233627272,0.0149868508122352,0.00130366895659596,0.0162905197688312,0.0136831818556393,0.00398107170553497,0.1,"NDVI_Ratio"
0.00398107170553497,0.0149865956931418,0.00131044549133927,0.0162970411844811,0.0136761502018025,0.00398107170553497,0.1,"NDVI_Ratio"
0.00316227766016838,0.0149873842726666,0.00131617085287055,0.0163035551255371,0.013671213419796,0.00398107170553497,0.1,"NDVI_Ratio"
0.00251188643150958,0.0149890286182197,0.00132104021172347,0.0163100688299432,0.0136679884064962,0.00398107170553497,0.1,"NDVI_Ratio"
0.00199526231496888,0.0149911523696527,0.00132509145909733,0.01631624382875,0.0136660609105554,0.00398107170553497,0.1,"NDVI_Ratio"
0.00158489319246111,0.014993767828035,0.00132853938505722,0.0163223072130922,0.0136652284429778,0.00398107170553497,0.1,"NDVI_Ratio"
0.00125892541179417,0.0149965960550295,0.00133136235607488,0.0163279584111044,0.0136652336989547,0.00398107170553497,0.1,"NDVI_Ratio"
0.001,0.014999713338441,0.00133376720026953,0.0163334805387105,0.0136659461381714,0.00398107170553497,0.1,"NDVI_Ratio"
0.000794328234724281,0.0150028315889257,0.0013357216250394,0.0163385532139651,0.0136671099638863,0.00398107170553497,0.1,"NDVI_Ratio"
0.000630957344480193,0.0150060627723007,0.00133737236271432,0.016343435135015,0.0136686904095863,0.00398107170553497,0.1,"NDVI_Ratio"
0.000501187233627271,0.0150092710384761,0.00133877203999761,0.0163480430784737,0.0136704989984785,0.00398107170553497,0.1,"NDVI_Ratio"
0.000398107170553497,0.0150122509343513,0.00133989640534884,0.0163521473397002,0.0136723545290025,0.00398107170553497,0.1,"NDVI_Ratio"
0.000316227766016838,0.0150149687428263,0.00134080127395547,0.0163557700167818,0.0136741674688709,0.00398107170553497,0.1,"NDVI_Ratio"
0.000251188643150958,0.0150174294055561,0.00134156365870834,0.0163589930642644,0.0136758657468477,0.00398107170553497,0.1,"NDVI_Ratio"
0.000199526231496888,0.01501966967623,0.00134220064894479,0.0163618703251748,0.0136774690272852,0.00398107170553497,0.1,"NDVI_Ratio"
0.000158489319246111,0.0150216093011373,0.00134271437578853,0.0163643236769258,0.0136788949253487,0.00398107170553497,0.1,"NDVI_Ratio"
0.000125892541179417,0.0150231697916153,0.00134310336686161,0.0163662731584769,0.0136800664247537,0.00398107170553497,0.1,"NDVI_Ratio"
1e-04,0.0150246311220358,0.00134347149683231,0.0163681026188681,0.0136811596252035,0.00398107170553497,0.1,"NDVI_Ratio"
7.94328234724281e-05,0.0150257254140633,0.0013437146641822,0.0163694400782455,0.0136820107498811,0.00398107170553497,0.1,"NDVI_Ratio"
6.30957344480193e-05,0.0150266252153078,0.00134393251218576,0.0163705577274936,0.0136826927031221,0.00398107170553497,0.1,"NDVI_Ratio"
5.01187233627272e-05,0.0150274519470972,0.00134414468786192,0.0163715966349591,0.0136833072592353,0.00398107170553497,0.1,"NDVI_Ratio"
3.98107170553497e-05,0.0150281530239341,0.00134431612679092,0.0163724691507251,0.0136838368971432,0.00398107170553497,0.1,"NDVI_Ratio"
3.16227766016838e-05,0.0150285947585637,0.00134440741167633,0.01637300217024,0.0136841873468874,0.00398107170553497,0.1,"NDVI_Ratio"
2.51188643150958e-05,0.0150290264778413,0.00134447466083091,0.0163735011386722,0.0136845518170104,0.00398107170553497,0.1,"NDVI_Ratio"
1.99526231496888e-05,0.0150292791436015,0.0013445218861986,0.0163738010298001,0.0136847572574029,0.00398107170553497,0.1,"NDVI_Ratio"
1.58489319246111e-05,0.0150294360325026,0.00134452793119619,0.0163739639636988,0.0136849081013064,0.00398107170553497,0.1,"NDVI_Ratio"
1.25892541179417e-05,0.0150295319600801,0.00134451521137409,0.0163740471714542,0.013685016748706,0.00398107170553497,0.1,"NDVI_Ratio"
1e-05,0.0150296137149292,0.0013445088074598,0.016374122522389,0.0136851049074694,0.00398107170553497,0.1,"NDVI_Ratio"
7.94328234724282e-06,0.0150296373598248,0.00134448588639337,0.0163741232462182,0.0136851514734315,0.00398107170553497,0.1,"NDVI_Ratio"
6.30957344480192e-06,0.0150296635265359,0.00134446228740185,0.0163741258139378,0.0136852012391341,0.00398107170553497,0.1,"NDVI_Ratio"
5.01187233627271e-06,0.0150296915007313,0.00134443841076427,0.0163741299114956,0.0136852530899671,0.00398107170553497,0.1,"NDVI_Ratio"
3.98107170553497e-06,0.0150297206848671,0.00134441453190488,0.016374135216772,0.0136853061529623,0.00398107170553497,0.1,"NDVI_Ratio"
3.16227766016838e-06,0.0150297506475785,0.0013443908579923,0.0163741415055708,0.0136853597895862,0.00398107170553497,0.1,"NDVI_Ratio"
2.51188643150958e-06,0.0150297810796653,0.00134436754510094,0.0163741486247662,0.0136854135345644,0.00398107170553497,0.1,"NDVI_Ratio"
1.99526231496887e-06,0.0150298117585665,0.00134434470943232,0.0163741564679988,0.0136854670491342,0.00398107170553497,0.1,"NDVI_Ratio"
1.58489319246111e-06,0.015029842522539,0.00134432243571038,0.0163741649582493,0.0136855200868286,0.00398107170553497,0.1,"NDVI_Ratio"
1.25892541179417e-06,0.01502987325238,0.00134430078373703,0.0163741740361171,0.013685572468643,0.00398107170553497,0.1,"NDVI_Ratio"
1e-06,0.0150299038586983,0.00134427979362048,0.0163741836523188,0.0136856240650779,0.00398107170553497,0.1,"NDVI_Ratio"
7.94328234724282e-07,0.0150299342731293,0.00134425948997968,0.016374193763109,0.0136856747831496,0.00398107170553497,0.1,"NDVI_Ratio"
6.30957344480192e-07,0.0150299644423004,0.00134423988533101,0.0163742043276315,0.0136857245569694,0.00398107170553497,0.1,"NDVI_Ratio"
5.01187233627271e-07,0.0150299943236916,0.00134422098281216,0.0163742153065038,0.0136857733408795,0.00398107170553497,0.1,"NDVI_Ratio"
3.98107170553497e-07,0.0150300238827936,0.00134420277836669,0.0163742266611603,0.0136858211044269,0.00398107170553497,0.1,"NDVI_Ratio"
3.16227766016838e-07,0.0150300530911504,0.00134418526249009,0.0163742383536405,0.0136858678286603,0.00398107170553497,0.1,"NDVI_Ratio"
2.51188643150957e-07,0.0150300819250035,0.00134416842161982,0.0163742503466233,0.0136859135033837,0.00398107170553497,0.1,"NDVI_Ratio"
1.99526231496887e-07,0.0150301103643431,0.0013441522392375,0.0163742626035806,0.0136859581251056,0.00398107170553497,0.1,"NDVI_Ratio"
1.58489319246111e-07,0.0150301383922358,0.00134413669673894,0.0163742750889748,0.0136860016954969,0.00398107170553497,0.1,"NDVI_Ratio"
1.25892541179417e-07,0.0150301659943391,0.00134412177411736,0.0163742877684565,0.0136860442202218,0.00398107170553497,0.1,"NDVI_Ratio"
1e-07,0.0150301931585424,0.00134410745049703,0.0163743006090394,0.0136860857080453,0.00398107170553497,0.1,"NDVI_Ratio"
7.94328234724279e-08,0.0150302198746937,0.00134409370454722,0.0163743135792409,0.0136861261701465,0.00398107170553497,0.1,"NDVI_Ratio"
6.30957344480192e-08,0.0150302461343857,0.00134408051480071,0.0163743266491864,0.013686165619585,0.00398107170553497,0.1,"NDVI_Ratio"
5.01187233627271e-08,0.0150302719307812,0.0013440678598966,0.0163743397906778,0.0136862040708846,0.00398107170553497,0.1,"NDVI_Ratio"
3.98107170553497e-08,0.0150302972584678,0.00134405571876295,0.0163743529772307,0.0136862415397048,0.00398107170553497,0.1,"NDVI_Ratio"
3.16227766016838e-08,0.0150303221133314,0.00134404407075197,0.0163743661840834,0.0136862780425795,0.00398107170553497,0.1,"NDVI_Ratio"
2.51188643150957e-08,0.0150303464924459,0.00134403289573785,0.0163743793881838,0.0136863135967081,0.00398107170553497,0.1,"NDVI_Ratio"
1.99526231496887e-08,0.0150303703939727,0.00134402217418535,0.0163743925681581,0.0136863482197874,0.00398107170553497,0.1,"NDVI_Ratio"
1.58489319246111e-08,0.0150303938170697,0.00134401188719541,0.0163744057042651,0.0136863819298743,0.00398107170553497,0.1,"NDVI_Ratio"
1.25892541179417e-08,0.0150304167618072,0.00134400201653314,0.0163744187783403,0.013686414745274,0.00398107170553497,0.1,"NDVI_Ratio"
1e-08,0.0150304392290902,0.00134399254464201,0.0163744317737322,0.0136864466844482,0.00398107170553497,0.1,"NDVI_Ratio"
7.94328234724279e-09,0.0150304612205857,0.0013439834546476,0.0163744446752333,0.0136864777659381,0.00398107170553497,0.1,"NDVI_Ratio"
6.30957344480192e-09,0.0150304827386551,0.00134397473035348,0.0163744574690086,0.0136865080083016,0.00398107170553497,0.1,"NDVI_Ratio"
5.01187233627271e-09,0.0150305037862911,0.00134396635623103,0.0163744701425222,0.0136865374300601,0.00398107170553497,0.1,"NDVI_Ratio"
3.98107170553497e-09,0.0150305243670585,0.00134395831740501,0.0163744826844635,0.0136865660496535,0.00398107170553497,0.1,"NDVI_Ratio"
3.16227766016838e-09,0.0150305444850389,0.00134395059963598,0.0163744950846749,0.013686593885403,0.00398107170553497,0.1,"NDVI_Ratio"
2.51188643150957e-09,0.0150305641447798,0.0013439431893005,0.0163745073340803,0.0136866209554793,0.00398107170553497,0.1,"NDVI_Ratio"
1.99526231496887e-09,0.0150305833512457,0.00134393607337002,0.0163745194246157,0.0136866472778757,0.00398107170553497,0.1,"NDVI_Ratio"
1.58489319246111e-09,0.0150306021097743,0.00134392923938884,0.0163745313491632,0.0136866728703855,0.00398107170553497,0.1,"NDVI_Ratio"
1.25892541179417e-09,0.0150306204260343,0.00134392267545172,0.016374543101486,0.0136866977505826,0.00398107170553497,0.1,"NDVI_Ratio"
1e-09,0.0150306383059867,0.00134391637018145,0.0163745546761681,0.0136867219358052,0.00398107170553497,0.1,"NDVI_Ratio"
1000,0.0151592608059126,0.00111192436766553,0.0162711851735781,0.0140473364382471,0.000125892541179417,0.0158489319246111,"FvFm_Ratio"
794.328234724281,0.0151588578345973,0.0011119161724533,0.0162707740070506,0.014046941662144,0.000125892541179417,0.0158489319246111,"FvFm_Ratio"
630.957344480193,0.0151583505172071,0.0011119058535506,0.0162702563707577,0.0140464446636565,0.000125892541179417,0.0158489319246111,"FvFm_Ratio"
501.187233627272,0.0151577120464553,0.00111189286576274,0.016269604912218,0.0140458191806925,0.000125892541179417,0.0158489319246111,"FvFm_Ratio"
398.107170553497,0.0151569085825265,0.00111187651976453,0.016268785102291,0.014045032062762,0.000125892541179417,0.0158489319246111,"FvFm_Ratio"
316.227766016838,0.0151558975931325,0.00111185594875042,0.0162677535418829,0.0140440416443821,0.000125892541179417,0.0158489319246111,"FvFm_Ratio"
251.188643150958,0.0151546256432742,0.00111183006306409,0.0162664557063383,0.0140427955802101,0.000125892541179417,0.0158489319246111,"FvFm_Ratio"
199.526231496888,0.0151530256362286,0.00111179749342118,0.0162648231296498,0.0140412281428074,0.000125892541179417,0.0158489319246111,"FvFm_Ratio"
158.489319246111,0.015151013377228,0.00111175651996769,0.0162627698971957,0.0140392568572604,0.000125892541179417,0.0158489319246111,"FvFm_Ratio"
125.892541179417,0.0151484833057998,0.00111170498381674,0.0162601882896165,0.014036778321983,0.000125892541179417,0.0158489319246111,"FvFm_Ratio"
100,0.0151453032149934,0.00111164017701461,0.016256943392008,0.0140336630379788,0.000125892541179417,0.0158489319246111,"FvFm_Ratio"
79.4328234724281,0.0151413077475725,0.00111155870611603,0.0162528664536886,0.0140297490414565,0.000125892541179417,0.0158489319246111,"FvFm_Ratio"
63.0957344480193,0.01513629043422,0.00111145632373375,0.0162477467579538,0.0140248341104863,0.000125892541179417,0.0158489319246111,"FvFm_Ratio"
50.1187233627272,0.0151299940231654,0.00111132772163889,0.0162413217448043,0.0140186663015265,0.000125892541179417,0.0158489319246111,"FvFm_Ratio"
39.8107170553497,0.0151220988548896,0.00111116627836029,0.0162332651332499,0.0140109325765293,0.000125892541179417,0.0158489319246111,"FvFm_Ratio"
31.6227766016838,0.015112235618472,0.00111096446809087,0.0162232000865628,0.0140012711503811,0.000125892541179417,0.0158489319246111,"FvFm_Ratio"
25.1188643150958,0.0150998781383664,0.0011107110467304,0.0162105891850968,0.013989167091636,0.000125892541179417,0.0158489319246111,"FvFm_Ratio"
19.9526231496888,0.015084447681763,0.00111039391348636,0.0161948415952494,0.0139740537682766,0.000125892541179417,0.0158489319246111,"FvFm_Ratio"
15.8489319246111,0.0150652197048776,0.00110999764884059,0.0161752173537182,0.013955222056037,0.000125892541179417,0.0158489319246111,"FvFm_Ratio"
12.5892541179417,0.0150413208378779,0.00110950343476235,0.0161508242726403,0.0139318174031156,0.000125892541179417,0.0158489319246111,"FvFm_Ratio"
10,0.0150117104076518,0.00110888848802497,0.0161205988956768,0.0139028219196268,0.000125892541179417,0.0158489319246111,"FvFm_Ratio"
7.94328234724281,0.0149751665632255,0.00110812549851047,0.0160832920617359,0.013867041064715,0.000125892541179417,0.0158489319246111,"FvFm_Ratio"
6.30957344480193,0.0149302817122829,0.00110718213470557,0.0160374638469884,0.0138230995775773,0.000125892541179417,0.0158489319246111,"FvFm_Ratio"
5.01187233627272,0.0148754737535872,0.00110602070757664,0.0159814944611639,0.0137694530460106,0.000125892541179417,0.0158489319246111,"FvFm_Ratio"
3.98107170553497,0.0148090212160888,0.00110459811198348,0.0159136193280723,0.0137044231041053,0.000125892541179417,0.0158489319246111,"FvFm_Ratio"
3.16227766016838,0.0147291311539908,0.0011028661786494,0.0158319973326402,0.0136262649753414,0.000125892541179417,0.0158489319246111,"FvFm_Ratio"
2.51188643150958,0.0146340473250641,0.00110077254624738,0.0157348198713115,0.0135332747788167,0.000125892541179417,0.0158489319246111,"FvFm_Ratio"
1.99526231496888,0.0145222013357436,0.00109826206997968,0.0156204634057233,0.0134239392657639,0.000125892541179417,0.0158489319246111,"FvFm_Ratio"
1.58489319246111,0.0143923992066524,0.00109527888327727,0.0154876780899297,0.0132971203233752,0.000125892541179417,0.0158489319246111,"FvFm_Ratio"
1.25892541179417,0.0142440245506779,0.00109176706032201,0.0153357916109999,0.0131522574903559,0.000125892541179417,0.0158489319246111,"FvFm_Ratio"
1,0.0140772197694909,0.00108767254948336,0.0151648923189742,0.0129895472200075,0.000125892541179417,0.0158489319246111,"FvFm_Ratio"
0.794328234724281,0.0138930021096207,0.00108294125374171,0.0149759433633625,0.012810060855879,0.000125892541179417,0.0158489319246111,"FvFm_Ratio"
0.630957344480193,0.0136932736798087,0.00107751549349034,0.0147707891732991,0.0126157581863184,0.000125892541179417,0.0158489319246111,"FvFm_Ratio"
0.501187233627272,0.0134807090289803,0.00107132827727349,0.0145520373062538,0.0124093807517068,0.000125892541179417,0.0158489319246111,"FvFm_Ratio"
0.398107170553497,0.0132585405648732,0.00106429762510092,0.0143228381899741,0.0121942429397722,0.000125892541179417,0.0158489319246111,"FvFm_Ratio"
0.316227766016838,0.0130302946919813,0.00105632432622405,0.0140866190182053,0.0119739703657572,0.000125892541179417,0.0158489319246111,"FvFm_Ratio"
0.251188643150958,0.0127994729658788,0.00104729626480781,0.0138467692306867,0.011752176701071,0.000125892541179417,0.0158489319246111,"FvFm_Ratio"
0.199526231496888,0.0125695782011887,0.00103709365125265,0.0136066718524413,0.011532484549936,0.000125892541179417,0.0158489319246111,"FvFm_Ratio"
0.158489319246111,0.0123436922388094,0.00102561806778578,0.0133693103065952,0.0113180741710236,0.000125892541179417,0.0158489319246111,"FvFm_Ratio"
0.125892541179417,0.0121245319359228,0.00101280313651848,0.0131373350724413,0.0111117287994043,0.000125892541179417,0.0158489319246111,"FvFm_Ratio"
0.1,0.0119142190336341,0.000998620991991605,0.0129128400256257,0.0109155980416425,0.000125892541179417,0.0158489319246111,"FvFm_Ratio"
0.0794328234724281,0.0117146305997181,0.000983103199088648,0.0126977337988067,0.0107315274006294,0.000125892541179417,0.0158489319246111,"FvFm_Ratio"
0.0630957344480193,0.0115267400834502,0.000966344966986911,0.0124930850504371,0.0105603951164633,0.000125892541179417,0.0158489319246111,"FvFm_Ratio"
0.0501187233627272,0.0113513001018973,0.000948483355654161,0.0122997834575514,0.0104028167462431,0.000125892541179417,0.0158489319246111,"FvFm_Ratio"
0.0398107170553497,0.0111885143499706,0.000929687843608701,0.0121182021935793,0.0102588265063619,0.000125892541179417,0.0158489319246111,"FvFm_Ratio"
0.0316227766016838,0.0110384510350338,0.000910228989218074,0.0119486800242519,0.0101282220458157,0.000125892541179417,0.0158489319246111,"FvFm_Ratio"
0.0251188643150958,0.0109009959814386,0.000890369542712037,0.0117913655241506,0.0100106264387266,0.000125892541179417,0.0158489319246111,"FvFm_Ratio"
0.0199526231496888,0.0107760535654537,0.000870403773712091,0.0116464573391658,0.00990564979174162,0.000125892541179417,0.0158489319246111,"FvFm_Ratio"
0.0158489319246111,0.0106634883157166,0.000850686485827499,0.0115141748015441,0.00981280182988907,0.000125892541179417,0.0158489319246111,"FvFm_Ratio"
0.0125892541179417,0.0105632238546151,0.00083154435322215,0.0113947682078373,0.009731679501393,0.000125892541179417,0.0158489319246111,"FvFm_Ratio"
0.01,0.0104747664969006,0.000813268715924463,0.0112880352128251,0.00966149778097613,0.000125892541179417,0.0158489319246111,"FvFm_Ratio"
0.00794328234724281,0.0103975794374955,0.000796249112371545,0.0111938285498671,0.00960133032512396,0.000125892541179417,0.0158489319246111,"FvFm_Ratio"
0.00630957344480193,0.0103308113953615,0.000780652565592011,0.0111114639609535,0.00955015882976949,0.000125892541179417,0.0158489319246111,"FvFm_Ratio"
0.00501187233627272,0.0102733841365404,0.000766672818333413,0.0110400569548738,0.00950671131820702,0.000125892541179417,0.0158489319246111,"FvFm_Ratio"
0.00398107170553497,0.0102240829400604,0.000754414588485001,0.0109784975285454,0.00946966835157544,0.000125892541179417,0.0158489319246111,"FvFm_Ratio"
0.00316227766016838,0.0101816303839684,0.000743875876399486,0.0109255062603679,0.00943775450756888,0.000125892541179417,0.0158489319246111,"FvFm_Ratio"
0.00251188643150958,0.0101454407914932,0.000735069091638772,0.0108805098831319,0.0094103716998544,0.000125892541179417,0.0158489319246111,"FvFm_Ratio"
0.00199526231496888,0.0101147787661829,0.000727854942737815,0.0108426337089207,0.0093869238234451,0.000125892541179417,0.0158489319246111,"FvFm_Ratio"
0.00158489319246111,0.0100892403024508,0.000722208942315045,0.0108114492447658,0.00936703136013576,0.000125892541179417,0.0158489319246111,"FvFm_Ratio"
0.00125892541179417,0.0100681470090013,0.000717907274272989,0.0107860542832743,0.00935023973472836,0.000125892541179417,0.0158489319246111,"FvFm_Ratio"
0.001,0.0100512957858962,0.000714822654885139,0.0107661184407814,0.00933647313101109,0.000125892541179417,0.0158489319246111,"FvFm_Ratio"
0.000794328234724281,0.0100381497484091,0.000712772414787549,0.0107509221631966,0.00932537733362154,0.000125892541179417,0.0158489319246111,"FvFm_Ratio"
0.000630957344480193,0.0100282483548572,0.000711551828838951,0.0107398001836962,0.00931669652601829,0.000125892541179417,0.0158489319246111,"FvFm_Ratio"
0.000501187233627271,0.0100210869301976,0.000710969091191824,0.0107320560213894,0.00931011783900578,0.000125892541179417,0.0158489319246111,"FvFm_Ratio"
0.000398107170553497,0.0100161058740915,0.000710862567663765,0.0107269684417553,0.00930524330642776,0.000125892541179417,0.0158489319246111,"FvFm_Ratio"
0.000316227766016838,0.0100128328010618,0.000711071721465401,0.0107239045225272,0.00930176107959637,0.000125892541179417,0.0158489319246111,"FvFm_Ratio"
0.000251188643150958,0.0100109388163724,0.000711496314255148,0.0107224351306275,0.00929944250211723,0.000125892541179417,0.0158489319246111,"FvFm_Ratio"
0.000199526231496888,0.0100098349667548,0.00071199373041566,0.0107218286971704,0.0092978412363391,0.000125892541179417,0.0158489319246111,"FvFm_Ratio"
0.000158489319246111,0.0100094707433209,0.000712559347107694,0.0107220300904286,0.00929691139621321,0.000125892541179417,0.0158489319246111,"FvFm_Ratio"
0.000125892541179417,0.0100094374559558,0.000713100298846825,0.0107225377548026,0.00929633715710895,0.000125892541179417,0.0158489319246111,"FvFm_Ratio"
1e-04,0.0100096152693352,0.000713604563829342,0.0107232198331646,0.0092960107055059,0.000125892541179417,0.0158489319246111,"FvFm_Ratio"
7.94328234724281e-05,0.010009976639705,0.000714060806427303,0.0107240374461323,0.00929591583327768,0.000125892541179417,0.0158489319246111,"FvFm_Ratio"
6.30957344480193e-05,0.0100103462210898,0.000714453831771355,0.0107248000528612,0.00929589238931849,0.000125892541179417,0.0158489319246111,"FvFm_Ratio"
5.01187233627271e-05,0.0100107108249168,0.000714791570022002,0.0107255023949388,0.00929591925489484,0.000125892541179417,0.0158489319246111,"FvFm_Ratio"
3.98107170553497e-05,0.0100110624443089,0.000715088045320326,0.0107261504896292,0.00929597439898853,0.000125892541179417,0.0158489319246111,"FvFm_Ratio"
3.16227766016838e-05,0.0100113571844959,0.000715306295652835,0.0107266634801488,0.00929605088884309,0.000125892541179417,0.0158489319246111,"FvFm_Ratio"
2.51188643150958e-05,0.0100116333471522,0.000715518015203776,0.010727151362356,0.00929611533194846,0.000125892541179417,0.0158489319246111,"FvFm_Ratio"
1.99526231496888e-05,0.0100118533938846,0.000715665095692736,0.0107275184895773,0.00929618829819187,0.000125892541179417,0.0158489319246111,"FvFm_Ratio"
1.58489319246111e-05,0.0100120576505511,0.00071580708246464,0.0107278647330157,0.00929625056808646,0.000125892541179417,0.0158489319246111,"FvFm_Ratio"
1.25892541179417e-05,0.0100122312179787,0.00071591358483904,0.0107281448028178,0.00929631763313968,0.000125892541179417,0.0158489319246111,"FvFm_Ratio"
1e-05,0.0100123493078972,0.000716001246764165,0.0107283505546614,0.00929634806113304,0.000125892541179417,0.0158489319246111,"FvFm_Ratio"
7.94328234724282e-06,0.0100124243110854,0.00071606482671305,0.0107284891377984,0.00929635948437231,0.000125892541179417,0.0158489319246111,"FvFm_Ratio"
6.30957344480192e-06,0.0100125767422076,0.000716110722505371,0.0107286874647129,0.0092964660197022,0.000125892541179417,0.0158489319246111,"FvFm_Ratio"
5.01187233627271e-06,0.010012637729233,0.000716183669861922,0.0107288213990949,0.00929645405937106,0.000125892541179417,0.0158489319246111,"FvFm_Ratio"
3.98107170553497e-06,0.0100126533115909,0.000716192239379996,0.0107288455509708,0.00929646107221086,0.000125892541179417,0.0158489319246111,"FvFm_Ratio"
3.16227766016838e-06,0.0100127084586912,0.000716229276820506,0.0107289377355117,0.00929647918187067,0.000125892541179417,0.0158489319246111,"FvFm_Ratio"
2.51188643150958e-06,0.0100127161324566,0.000716245561141897,0.0107289616935985,0.00929647057131475,0.000125892541179417,0.0158489319246111,"FvFm_Ratio"
1.99526231496887e-06,0.0100127239611754,0.000716261429535642,0.010728985390711,0.00929646253163972,0.000125892541179417,0.0158489319246111,"FvFm_Ratio"
1.58489319246111e-06,0.0100127323180888,0.000716276698281649,0.0107290090163704,0.00929645561980714,0.000125892541179417,0.0158489319246111,"FvFm_Ratio"
1.25892541179417e-06,0.0100127405957154,0.000716291589340398,0.0107290321850558,0.00929644900637498,0.000125892541179417,0.0158489319246111,"FvFm_Ratio"
1e-06,0.0100127486116775,0.000716306146907732,0.0107290547585852,0.00929644246476973,0.000125892541179417,0.0158489319246111,"FvFm_Ratio"
7.94328234724282e-07,0.0100127562737726,0.000716320391662001,0.0107290766654346,0.00929643588211061,0.000125892541179417,0.0158489319246111,"FvFm_Ratio"
6.30957344480192e-07,0.0100127635317728,0.000716334333712605,0.0107290978654854,0.00929642919806023,0.000125892541179417,0.0158489319246111,"FvFm_Ratio"
5.01187233627271e-07,0.0100127703617531,0.000716347976213547,0.0107291183379667,0.00929642238553959,0.000125892541179417,0.0158489319246111,"FvFm_Ratio"
3.98107170553497e-07,0.0100127767566544,0.000716361318392746,0.0107291380750471,0.00929641543826164,0.000125892541179417,0.0158489319246111,"FvFm_Ratio"
3.16227766016838e-07,0.01001278272016,0.0007163743577305,0.0107291570778905,0.00929640836242946,0.000125892541179417,0.0158489319246111,"FvFm_Ratio"
2.51188643150957e-07,0.0100127882626707,0.000716387091349306,0.01072917535402,0.00929640117132143,0.000125892541179417,0.0158489319246111,"FvFm_Ratio"
1.99526231496887e-07,0.0100127933986436,0.000716399516824057,0.0107291929154676,0.00929639388181951,0.000125892541179417,0.0158489319246111,"FvFm_Ratio"
1.58489319246111e-07,0.0100127981448307,0.000716411632604244,0.010729209777435,0.00929638651222649,0.000125892541179417,0.0158489319246111,"FvFm_Ratio"
1.25892541179417e-07,0.0100128025191216,0.000716423438190158,0.0107292259573118,0.00929637908093144,0.000125892541179417,0.0158489319246111,"FvFm_Ratio"
1e-07,0.0100128065397889,0.000716434934160423,0.0107292414739494,0.00929637160562851,0.000125892541179417,0.0158489319246111,"FvFm_Ratio"
7.94328234724279e-08,0.0100128102250072,0.000716446122114929,0.0107292563471221,0.00929636410289226,0.000125892541179417,0.0158489319246111,"FvFm_Ratio"
6.30957344480192e-08,0.010012813592553,0.000716457004574174,0.0107292705971272,0.00929635658797882,0.000125892541179417,0.0158489319246111,"FvFm_Ratio"
5.01187233627271e-08,0.0100128166596268,0.000716467584860419,0.0107292842444872,0.00929634907476637,0.000125892541179417,0.0158489319246111,"FvFm_Ratio"
3.98107170553497e-08,0.0100128194427542,0.000716477866975909,0.0107292973097301,0.00929634157577825,0.000125892541179417,0.0158489319246111,"FvFm_Ratio"
3.16227766016838e-08,0.0100128219577392,0.000716487855486759,0.0107293098132259,0.00929633410225242,0.000125892541179417,0.0158489319246111,"FvFm_Ratio"
2.51188643150957e-08,0.0100128242196506,0.000716497555416941,0.0107293217750676,0.00929632666423369,0.000125892541179417,0.0158489319246111,"FvFm_Ratio"
1.99526231496887e-08,0.0100128262428288,0.000716506972154194,0.010729333214983,0.00929631927067462,0.000125892541179417,0.0158489319246111,"FvFm_Ratio"
1.58489319246111e-08,0.0100128280409046,0.000716516111368184,0.0107293441522728,0.00929631192953645,0.000125892541179417,0.0158489319246111,"FvFm_Ratio"
1.25892541179417e-08,0.0100128296268256,0.000716524978940317,0.0107293546057659,0.00929630464788525,0.000125892541179417,0.0158489319246111,"FvFm_Ratio"
1e-08,0.010012831012885,0.000716533580904213,0.0107293645937892,0.00929629743198079,0.000125892541179417,0.0158489319246111,"FvFm_Ratio"
7.94328234724279e-09,0.0100128322107529,0.000716541923395637,0.0107293741341485,0.00929629028735724,0.000125892541179417,0.0158489319246111,"FvFm_Ratio"
6.30957344480192e-09,0.0100128332315063,0.000716550012610658,0.010729383244117,0.00929628321889566,0.000125892541179417,0.0158489319246111,"FvFm_Ratio"
5.01187233627271e-09,0.0100128340856593,0.000716557854770882,0.0107293919404302,0.00929627623088843,0.000125892541179417,0.0158489319246111,"FvFm_Ratio"
3.98107170553497e-09,0.0100128347831913,0.000716565456094697,0.010729400239286,0.00929626932709663,0.000125892541179417,0.0158489319246111,"FvFm_Ratio"
3.16227766016838e-09,0.0100128353335744,0.000716572822773584,0.010729408156348,0.00929626251080084,0.000125892541179417,0.0158489319246111,"FvFm_Ratio"
2.51188643150957e-09,0.0100128357457988,0.000716579960952699,0.0107294157067515,0.00929625578484613,0.000125892541179417,0.0158489319246111,"FvFm_Ratio"
1.99526231496887e-09,0.0100128360283972,0.000716586876715,0.0107294229051122,0.00929624915168224,0.000125892541179417,0.0158489319246111,"FvFm_Ratio"
1.58489319246111e-09,0.0100128361894676,0.000716593576068367,0.0107294297655359,0.0092962426133992,0.000125892541179417,0.0158489319246111,"FvFm_Ratio"
1.25892541179417e-09,0.0100128362366945,0.000716600064935183,0.0107294363016297,0.00929623617175931,0.000125892541179417,0.0158489319246111,"FvFm_Ratio"
1e-09,0.0100128361773698,0.00071660634914399,0.0107294425265138,0.00929622982822582,0.000125892541179417,0.0158489319246111,"FvFm_Ratio"
1000,0.481024784665687,0.0869239231304531,0.56794870779614,0.394100861535234,0.0398107170553497,7.94328234724281,"NDVI_ED50"
794.328234724281,0.480944194961637,0.0869116355379809,0.567855830499618,0.394032559423656,0.0398107170553497,7.94328234724281,"NDVI_ED50"
630.957344480193,0.480842708653371,0.0868961431555399,0.567738851808911,0.393946565497831,0.0398107170553497,7.94328234724281,"NDVI_ED50"
501.187233627272,0.480715231339508,0.086876662027205,0.567591893366713,0.393838569312303,0.0398107170553497,7.94328234724281,"NDVI_ED50"
398.107170553497,0.480555199114795,0.0868521725213386,0.567407371636134,0.393703026593457,0.0398107170553497,7.94328234724281,"NDVI_ED50"
316.227766016838,0.480354444088753,0.0868213986701052,0.567175842758859,0.393533045418648,0.0398107170553497,7.94328234724281,"NDVI_ED50"
251.188643150958,0.480102833352418,0.0867827462079803,0.566885579560398,0.393320087144438,0.0398107170553497,7.94328234724281,"NDVI_ED50"
199.526231496888,0.479787844867191,0.0867342271245455,0.566522071991736,0.393053617742645,0.0398107170553497,7.94328234724281,"NDVI_ED50"
158.489319246111,0.479395320178625,0.0866732825955605,0.566068602774185,0.392722037583065,0.0398107170553497,7.94328234724281,"NDVI_ED50"
125.892541179417,0.478905289780052,0.0865975759913109,0.565502865771363,0.392307713788741,0.0398107170553497,7.94328234724281,"NDVI_ED50"
100,0.478294956744128,0.0865023902263047,0.564797346970433,0.391792566517823,0.0398107170553497,7.94328234724281,"NDVI_ED50"
79.4328234724281,0.477537618484924,0.0863835140226602,0.563921132507584,0.391154104462263,0.0398107170553497,7.94328234724281,"NDVI_ED50"
63.0957344480193,0.476601260037417,0.0862353552247027,0.56283661526212,0.390365904812715,0.0398107170553497,7.94328234724281,"NDVI_ED50"
50.1187233627272,0.475448742533103,0.0860511740843414,0.561499916617444,0.389397568448762,0.0398107170553497,7.94328234724281,"NDVI_ED50"
39.8107170553497,0.474037994517372,0.0858229458109638,0.559860940328336,0.388215048706408,0.0398107170553497,7.94328234724281,"NDVI_ED50"
31.6227766016838,0.472322858574274,0.0855412658676264,0.557864124441901,0.386781592706648,0.0398107170553497,7.94328234724281,"NDVI_ED50"
25.1188643150958,0.47025490056681,0.0851953412412481,0.555450241808058,0.385059559325562,0.0398107170553497,7.94328234724281,"NDVI_ED50"
19.9526231496888,0.467786509745333,0.0847731293860004,0.552559639131333,0.383013380359332,0.0398107170553497,7.94328234724281,"NDVI_ED50"
15.8489319246111,0.464875552683116,0.0842617055987782,0.549137258281894,0.380613847084338,0.0398107170553497,7.94328234724281,"NDVI_ED50"
12.5892541179417,0.461491628924219,0.083647952559041,0.54513958148326,0.377843676365178,0.0398107170553497,7.94328234724281,"NDVI_ED50"
10,0.4576234504828,0.0829196682493289,0.540543118732129,0.374703782233471,0.0398107170553497,7.94328234724281,"NDVI_ED50"
7.94328234724281,0.453286807535212,0.0820670664985668,0.535353874033779,0.371219741036645,0.0398107170553497,7.94328234724281,"NDVI_ED50"
6.30957344480193,0.448530523090551,0.081084842672213,0.529615365762764,0.367445680418338,0.0398107170553497,7.94328234724281,"NDVI_ED50"
5.01187233627272,0.443439132739926,0.0799742200031047,0.523413352743031,0.363464912736821,0.0398107170553497,7.94328234724281,"NDVI_ED50"
3.98107170553497,0.43812981484813,0.0787449457048886,0.516874760553018,0.359384869143241,0.0398107170553497,7.94328234724281,"NDVI_ED50"
3.16227766016838,0.432742804531978,0.0774164598832324,0.51015926441521,0.355326344648746,0.0398107170553497,7.94328234724281,"NDVI_ED50"
2.51188643150958,0.427425869230429,0.0760177784187581,0.503443647649187,0.351408090811671,0.0398107170553497,7.94328234724281,"NDVI_ED50"
1.99526231496888,0.422319013805442,0.0745852328405382,0.49690424664598,0.347733780964903,0.0398107170553497,7.94328234724281,"NDVI_ED50"
1.58489319246111,0.417538076410177,0.0731599219764612,0.490697998386638,0.344378154433715,0.0398107170553497,7.94328234724281,"NDVI_ED50"
1.25892541179417,0.413166140799111,0.0717825041609056,0.484948644960016,0.341383636638205,0.0398107170553497,7.94328234724281,"NDVI_ED50"
1,0.409251567784604,0.0704890934312828,0.479740661215887,0.338762474353321,0.0398107170553497,7.94328234724281,"NDVI_ED50"
0.794328234724281,0.405812336727872,0.0693070067635636,0.475119343491436,0.336505329964308,0.0398107170553497,7.94328234724281,"NDVI_ED50"
0.630957344480193,0.402843626270289,0.0682556278054878,0.471099254075777,0.334587998464801,0.0398107170553497,7.94328234724281,"NDVI_ED50"
0.501187233627272,0.400325826596908,0.0673417678910217,0.46766759448793,0.332984058705887,0.0398107170553497,7.94328234724281,"NDVI_ED50"
0.398107170553497,0.39822502948938,0.0665643352211824,0.464789364710562,0.331660694268197,0.0398107170553497,7.94328234724281,"NDVI_ED50"
0.316227766016838,0.396509736663513,0.0659146590165485,0.462424395680062,0.330595077646965,0.0398107170553497,7.94328234724281,"NDVI_ED50"
0.251188643150958,0.395137451885636,0.0653803177775162,0.460517769663152,0.32975713410812,0.0398107170553497,7.94328234724281,"NDVI_ED50"
0.199526231496888,0.394068897952925,0.0649439511799249,0.45901284913285,0.329124946773,0.0398107170553497,7.94328234724281,"NDVI_ED50"
0.158489319246111,0.393263227832262,0.0645897606191419,0.457852988451404,0.32867346721312,0.0398107170553497,7.94328234724281,"NDVI_ED50"
0.125892541179417,0.392678033755506,0.0643048968776962,0.456982930633203,0.32837313687781,0.0398107170553497,7.94328234724281,"NDVI_ED50"
0.1,0.392271383223084,0.0640747137515716,0.456346096974655,0.328196669471512,0.0398107170553497,7.94328234724281,"NDVI_ED50"
0.0794328234724281,0.392004201821921,0.0638851167074874,0.455889318529408,0.328119085114434,0.0398107170553497,7.94328234724281,"NDVI_ED50"
0.0630957344480193,0.391841285736735,0.0637289528593817,0.455570238596116,0.328112332877353,0.0398107170553497,7.94328234724281,"NDVI_ED50"
0.0501187233627273,0.39175566044053,0.0635977959651301,0.45535345640566,0.3281578644754,0.0398107170553497,7.94328234724281,"NDVI_ED50"
0.0398107170553497,0.39172304167371,0.0634873340948413,0.455210375768551,0.328235707578868,0.0398107170553497,7.94328234724281,"NDVI_ED50"
0.0316227766016838,0.391726869521305,0.0633928082470584,0.455119677768363,0.328334061274246,0.0398107170553497,7.94328234724281,"NDVI_ED50"
0.0251188643150958,0.391753936648366,0.0633115416984522,0.455065478346818,0.328442394949914,0.0398107170553497,7.94328234724281,"NDVI_ED50"
0.0199526231496888,0.391794568405616,0.0632422863413403,0.455036854746957,0.328552282064276,0.0398107170553497,7.94328234724281,"NDVI_ED50"
0.0158489319246111,0.391848837351156,0.0631827443545803,0.455031581705736,0.328666092996575,0.0398107170553497,7.94328234724281,"NDVI_ED50"
0.0125892541179417,0.391914433645527,0.0631320544176133,0.45504648806314,0.328782379227913,0.0398107170553497,7.94328234724281,"NDVI_ED50"
0.01,0.391992326518982,0.0630895331590524,0.455081859678034,0.328902793359929,0.0398107170553497,7.94328234724281,"NDVI_ED50"
0.00794328234724281,0.392084775664428,0.0630537896379661,0.455138565302394,0.329030986026462,0.0398107170553497,7.94328234724281,"NDVI_ED50"
0.00630957344480193,0.39219396493387,0.0630245613822104,0.45521852631608,0.329169403551659,0.0398107170553497,7.94328234724281,"NDVI_ED50"
0.00501187233627272,0.392318177704461,0.0630009169357543,0.455319094640216,0.329317260768707,0.0398107170553497,7.94328234724281,"NDVI_ED50"
0.00398107170553497,0.392453827896053,0.0629821438577085,0.455435971753761,0.329471684038344,0.0398107170553497,7.94328234724281,"NDVI_ED50"
0.00316227766016838,0.392598914679482,0.0629672037632535,0.455566118442735,0.329631710916228,0.0398107170553497,7.94328234724281,"NDVI_ED50"
0.00251188643150958,0.392746965241706,0.0629556054506317,0.455702570692338,0.329791359791074,0.0398107170553497,7.94328234724281,"NDVI_ED50"
0.00199526231496888,0.392890534639087,0.0629468388826431,0.45583737352173,0.329943695756444,0.0398107170553497,7.94328234724281,"NDVI_ED50"
0.00158489319246111,0.39302665264809,0.0629400526130119,0.455966705261102,0.330086600035078,0.0398107170553497,7.94328234724281,"NDVI_ED50"
0.00125892541179417,0.393152430910228,0.0629350278137554,0.456087458723984,0.330217403096473,0.0398107170553497,7.94328234724281,"NDVI_ED50"
0.001,0.393264437750583,0.062931219691827,0.45619565744241,0.330333218058756,0.0398107170553497,7.94328234724281,"NDVI_ED50"
0.000794328234724281,0.393364403932353,0.0629282470180351,0.456292650950388,0.330436156914317,0.0398107170553497,7.94328234724281,"NDVI_ED50"
0.000630957344480193,0.393449609053131,0.0629260626179751,0.456375671671106,0.330523546435156,0.0398107170553497,7.94328234724281,"NDVI_ED50"
0.000501187233627271,0.393520585678567,0.0629245018424246,0.456445087520991,0.330596083836142,0.0398107170553497,7.94328234724281,"NDVI_ED50"
0.000398107170553497,0.393581727835365,0.0629230970334666,0.456504824868832,0.330658630801899,0.0398107170553497,7.94328234724281,"NDVI_ED50"
0.000316227766016838,0.393632062871094,0.0629222618271475,0.456554324698242,0.330709801043947,0.0398107170553497,7.94328234724281,"NDVI_ED50"
0.000251188643150958,0.393674475243474,0.0629213965791297,0.456595871822604,0.330753078664345,0.0398107170553497,7.94328234724281,"NDVI_ED50"
0.000199526231496888,0.393707505101199,0.0629208899865248,0.456628395087724,0.330786615114674,0.0398107170553497,7.94328234724281,"NDVI_ED50"
0.000158489319246111,0.393735453409017,0.0629205621529139,0.456656015561931,0.330814891256103,0.0398107170553497,7.94328234724281,"NDVI_ED50"
0.000125892541179417,0.393757631163331,0.0629201714490839,0.456677802612415,0.330837459714247,0.0398107170553497,7.94328234724281,"NDVI_ED50"
1e-04,0.393774930080856,0.0629200168555398,0.456694946936395,0.330854913225316,0.0398107170553497,7.94328234724281,"NDVI_ED50"
7.94328234724281e-05,0.393788548186238,0.0629197416232176,0.456708289809455,0.33086880656302,0.0398107170553497,7.94328234724281,"NDVI_ED50"
6.30957344480193e-05,0.39380107783902,0.0629196344169554,0.456720712255975,0.330881443422065,0.0398107170553497,7.94328234724281,"NDVI_ED50"
5.01187233627271e-05,0.393811212645338,0.0629191612078724,0.45673037385321,0.330892051437465,0.0398107170553497,7.94328234724281,"NDVI_ED50"
3.98107170553497e-05,0.393815873122403,0.0629193204171618,0.456735193539565,0.330896552705242,0.0398107170553497,7.94328234724281,"NDVI_ED50"
3.16227766016838e-05,0.39382165245402,0.062919328980445,0.456740981434465,0.330902323473575,0.0398107170553497,7.94328234724281,"NDVI_ED50"
2.51188643150958e-05,0.39382570823389,0.0629193423156571,0.456745050549547,0.330906365918233,0.0398107170553497,7.94328234724281,"NDVI_ED50"
1.99526231496888e-05,0.393829685188573,0.0629193870562634,0.456749072244836,0.330910298132309,0.0398107170553497,7.94328234724281,"NDVI_ED50"
1.58489319246111e-05,0.393833564762434,0.0629194640436984,0.456753028806132,0.330914100718735,0.0398107170553497,7.94328234724281,"NDVI_ED50"
1.25892541179417e-05,0.393837333147526,0.0629195702334456,0.456756903380972,0.33091776291408,0.0398107170553497,7.94328234724281,"NDVI_ED50"
1e-05,0.393840982460012,0.062919701083849,0.456760683543861,0.330921281376163,0.0398107170553497,7.94328234724281,"NDVI_ED50"
7.94328234724282e-06,0.393844509279904,0.0629198517776865,0.456764361057591,0.330924657502218,0.0398107170553497,7.94328234724281,"NDVI_ED50"
6.30957344480192e-06,0.393847913295594,0.0629200177211628,0.456767931016757,0.330927895574431,0.0398107170553497,7.94328234724281,"NDVI_ED50"
5.01187233627271e-06,0.39385119628321,0.0629201947477886,0.456771391030998,0.330931001535421,0.0398107170553497,7.94328234724281,"NDVI_ED50"
3.98107170553497e-06,0.3938543613604,0.0629203791932617,0.456774740553662,0.330933982167138,0.0398107170553497,7.94328234724281,"NDVI_ED50"
3.16227766016838e-06,0.393857412450806,0.0629205679072628,0.456777980358068,0.330936844543543,0.0398107170553497,7.94328234724281,"NDVI_ED50"
2.51188643150958e-06,0.393860353907141,0.0629207582321541,0.456781112139296,0.330939595674987,0.0398107170553497,7.94328234724281,"NDVI_ED50"
1.99526231496887e-06,0.393863190251993,0.0629209479643919,0.456784138216385,0.330942242287601,0.0398107170553497,7.94328234724281,"NDVI_ED50"
1.58489319246111e-06,0.393865926004704,0.0629211353078622,0.456787061312566,0.330944790696841,0.0398107170553497,7.94328234724281,"NDVI_ED50"
1.25892541179417e-06,0.393868565570379,0.0629213188247458,0.456789884395125,0.330947246745633,0.0398107170553497,7.94328234724281,"NDVI_ED50"
1e-06,0.393871113172992,0.0629214973873353,0.456792610560327,0.330949615785656,0.0398107170553497,7.94328234724281,"NDVI_ED50"
7.94328234724282e-07,0.393873572819235,0.0629216701327959,0.456795242952031,0.330951902686439,0.0398107170553497,7.94328234724281,"NDVI_ED50"
6.30957344480192e-07,0.393875948283317,0.0629218364219365,0.456797784705253,0.33095411186138,0.0398107170553497,7.94328234724281,"NDVI_ED50"
5.01187233627271e-07,0.393878243105628,0.062921995802439,0.456800238908067,0.330956247303189,0.0398107170553497,7.94328234724281,"NDVI_ED50"
3.98107170553497e-07,0.393880460600187,0.062922147976604,0.456802608576791,0.330958312623583,0.0398107170553497,7.94328234724281,"NDVI_ED50"
3.16227766016838e-07,0.393882603867293,0.0629222927734393,0.456804896640732,0.330960311093854,0.0398107170553497,7.94328234724281,"NDVI_ED50"
2.51188643150957e-07,0.393884675808925,0.0629224301247474,0.456807105933673,0.330962245684178,0.0398107170553497,7.94328234724281,"NDVI_ED50"
1.99526231496887e-07,0.393886679145202,0.0629225600448529,0.456809239190055,0.330964119100349,0.0398107170553497,7.94328234724281,"NDVI_ED50"
1.58489319246111e-07,0.393888616430829,0.062922682613538,0.456811299044367,0.330965933817291,0.0398107170553497,7.94328234724281,"NDVI_ED50"
1.25892541179417e-07,0.393890490070822,0.0629227979617798,0.456813288032602,0.330967692109042,0.0398107170553497,7.94328234724281,"NDVI_ED50"
1e-07,0.393892302335146,0.0629229062599187,0.456815208595065,0.330969396075227,0.0398107170553497,7.94328234724281,"NDVI_ED50"
7.94328234724279e-08,0.393894055372043,0.0629230077078973,0.45681706307994,0.330971047664145,0.0398107170553497,7.94328234724281,"NDVI_ED50"
6.30957344480192e-08,0.393895751219993,0.0629231025272569,0.45681885374725,0.330972648692736,0.0398107170553497,7.94328234724281,"NDVI_ED50"
5.01187233627272e-08,0.393897391818338,0.0629231909546153,0.456820582772954,0.330974200863723,0.0398107170553497,7.94328234724281,"NDVI_ED50"
3.98107170553497e-08,0.393898979016618,0.0629232732363905,0.456822252253008,0.330975705780227,0.0398107170553497,7.94328234724281,"NDVI_ED50"
3.16227766016838e-08,0.393900514582734,0.0629233496245514,0.456823864207285,0.330977164958182,0.0398107170553497,7.94328234724281,"NDVI_ED50"
2.51188643150957e-08,0.393902000210061,0.062923420373233,0.456825420583294,0.330978579836828,0.0398107170553497,7.94328234724281,"NDVI_ED50"
1.99526231496887e-08,0.393903437523616,0.0629234857360524,0.456826923259668,0.330979951787563,0.0398107170553497,7.94328234724281,"NDVI_ED50"
1.58489319246111e-08,0.393904828085397,0.0629235459640125,0.45682837404941,0.330981282121385,0.0398107170553497,7.94328234724281,"NDVI_ED50"
1.25892541179417e-08,0.393906173399013,0.0629236013038768,0.45682977470289,0.330982572095136,0.0398107170553497,7.94328234724281,"NDVI_ED50"
1e-08,0.393907474913694,0.0629236519969359,0.456831126910629,0.330983822916758,0.0398107170553497,7.94328234724281,"NDVI_ED50"
7.94328234724279e-09,0.393908734027772,0.0629236982780844,0.456832432305856,0.330985035749687,0.0398107170553497,7.94328234724281,"NDVI_ED50"
6.30957344480192e-09,0.393909952091722,0.0629237403751601,0.456833692466882,0.330986211716562,0.0398107170553497,7.94328234724281,"NDVI_ED50"
5.01187233627271e-09,0.393911130410815,0.0629237785084775,0.456834908919292,0.330987351902337,0.0398107170553497,7.94328234724281,"NDVI_ED50"
3.98107170553497e-09,0.393912270247449,0.0629238128905387,0.456836083137988,0.330988457356911,0.0398107170553497,7.94328234724281,"NDVI_ED50"
3.16227766016838e-09,0.393913372823218,0.0629238437258604,0.456837216549079,0.330989529097358,0.0398107170553497,7.94328234724281,"NDVI_ED50"
2.51188643150957e-09,0.393914439320751,0.0629238712109179,0.456838310531669,0.330990568109834,0.0398107170553497,7.94328234724281,"NDVI_ED50"
1.99526231496887e-09,0.393915470885354,0.0629238955341578,0.456839366419512,0.330991575351197,0.0398107170553497,7.94328234724281,"NDVI_ED50"
1.58489319246111e-09,0.393916468626506,0.0629239168760867,0.456840385502593,0.33099255175042,0.0398107170553497,7.94328234724281,"NDVI_ED50"
1.25892541179417e-09,0.393917433619212,0.0629239354093951,0.456841369028607,0.330993498209817,0.0398107170553497,7.94328234724281,"NDVI_ED50"
1e-09,0.393918366905244,0.0629239512991285,0.456842318204373,0.330994415606116,0.0398107170553497,7.94328234724281,"NDVI_ED50"
1000,0.817033818071029,0.070341692786576,0.887375510857605,0.746692125284453,0.00630957344480193,2.51188643150958,"FvFm_ED50"
794.328234724281,0.81681394585877,0.0703373251314603,0.887151270990231,0.74647662072731,0.00630957344480193,2.51188643150958,"FvFm_ED50"
630.957344480193,0.816537838458347,0.0703318535474949,0.886869692005842,0.746205984910852,0.00630957344480193,2.51188643150958,"FvFm_ED50"
501.187233627273,0.816191337712926,0.0703250077970544,0.886516345509981,0.745866329915872,0.00630957344480193,2.51188643150958,"FvFm_ED50"
398.107170553497,0.815756850659929,0.0703164566072648,0.886073307267193,0.745440394052664,0.00630957344480193,2.51188643150958,"FvFm_ED50"
316.227766016838,0.815212591376558,0.0703057969237419,0.8855183883003,0.744906794452816,0.00630957344480193,2.51188643150958,"FvFm_ED50"
251.188643150958,0.814531699453961,0.0702925431207096,0.884824242574671,0.744239156333251,0.00630957344480193,2.51188643150958,"FvFm_ED50"
199.526231496888,0.813681230730832,0.0702761175185799,0.883957348249412,0.743405113212252,0.00630957344480193,2.51188643150958,"FvFm_ED50"
158.489319246111,0.812621099177957,0.070255845934479,0.882876945112436,0.742365253243478,0.00630957344480193,2.51188643150958,"FvFm_ED50"
125.892541179417,0.811302921948961,0.0702309593816822,0.881533881330643,0.741071962567279,0.00630957344480193,2.51188643150958,"FvFm_ED50"
100,0.809669009884051,0.0702006123716543,0.879869622255706,0.739468397512397,0.00630957344480193,2.51188643150958,"FvFm_ED50"
79.4328234724281,0.807651607659841,0.0701639247967025,0.877815532456544,0.737487682863139,0.00630957344480193,2.51188643150958,"FvFm_ED50"
63.0957344480193,0.805172710496198,0.070120062350991,0.875292772847189,0.735052648145207,0.00630957344480193,2.51188643150958,"FvFm_ED50"
50.1187233627272,0.802144879459895,0.0700683739387892,0.872213253398684,0.732076505521106,0.00630957344480193,2.51188643150958,"FvFm_ED50"
39.8107170553497,0.798473626157341,0.0700086089059928,0.868482235063334,0.728465017251348,0.00630957344480193,2.51188643150958,"FvFm_ED50"
31.6227766016838,0.794062056904594,0.0699412383407619,0.864003295245356,0.724120818563832,0.00630957344480193,2.51188643150958,"FvFm_ED50"
25.1188643150958,0.788818488671624,0.0698678990633766,0.858686387735001,0.718950589608247,0.00630957344480193,2.51188643150958,"FvFm_ED50"
19.9526231496888,0.782667559204863,0.0697919598352092,0.852459519040072,0.712875599369653,0.00630957344480193,2.51188643150958,"FvFm_ED50"
15.8489319246111,0.775564783198482,0.0697191787908425,0.845283961989324,0.705845604407639,0.00630957344480193,2.51188643150958,"FvFm_ED50"
12.5892541179417,0.767513534210716,0.0696582942822794,0.837171828492995,0.697855239928437,0.00630957344480193,2.51188643150958,"FvFm_ED50"
10,0.758581986156998,0.0696214679272976,0.828203454084296,0.688960518229701,0.00630957344480193,2.51188643150958,"FvFm_ED50"
7.94328234724281,0.748915610942717,0.0696241552915983,0.818539766234316,0.679291455651119,0.00630957344480193,2.51188643150958,"FvFm_ED50"
6.30957344480193,0.738740413142587,0.0696842076440727,0.80842462078666,0.669056205498515,0.00630957344480193,2.51188643150958,"FvFm_ED50"
5.01187233627272,0.728352028124134,0.0698199596600085,0.798171987784142,0.658532068464125,0.00630957344480193,2.51188643150958,"FvFm_ED50"
3.98107170553497,0.718088935709328,0.0700473989745917,0.78813633468392,0.648041536734737,0.00630957344480193,2.51188643150958,"FvFm_ED50"
3.16227766016838,0.708292646529287,0.0703769157718157,0.778669562301103,0.637915730757472,0.00630957344480193,2.51188643150958,"FvFm_ED50"
2.51188643150958,0.699260169364222,0.0708107105674375,0.770070879931659,0.628449458796784,0.00630957344480193,2.51188643150958,"FvFm_ED50"
1.99526231496888,0.691213651493059,0.0713409472864044,0.762554598779464,0.619872704206655,0.00630957344480193,2.51188643150958,"FvFm_ED50"
1.58489319246111,0.684264754331647,0.0719508760491757,0.756215630380823,0.612313878282472,0.00630957344480193,2.51188643150958,"FvFm_ED50"
1.25892541179417,0.678416017138178,0.0726172314823861,0.751033248620564,0.605798785655792,0.00630957344480193,2.51188643150958,"FvFm_ED50"
1,0.673570703581428,0.0733146486979935,0.746885352279422,0.600256054883435,0.00630957344480193,2.51188643150958,"FvFm_ED50"
0.794328234724281,0.669565355334325,0.0740175577605979,0.743582913094923,0.595547797573727,0.00630957344480193,2.51188643150958,"FvFm_ED50"
0.630957344480193,0.6661886004084,0.074706256852712,0.740894857261112,0.591482343555688,0.00630957344480193,2.51188643150958,"FvFm_ED50"
0.501187233627272,0.663229657323386,0.0753674698013706,0.738597127124756,0.587862187522015,0.00630957344480193,2.51188643150958,"FvFm_ED50"
0.398107170553497,0.660473279702917,0.0759920072314565,0.736465286934374,0.584481272471461,0.00630957344480193,2.51188643150958,"FvFm_ED50"
0.316227766016838,0.657755881793707,0.0765799906533295,0.734335872447037,0.581175891140377,0.00630957344480193,2.51188643150958,"FvFm_ED50"
0.251188643150958,0.654949380299549,0.0771321243852012,0.732081504684751,0.577817255914348,0.00630957344480193,2.51188643150958,"FvFm_ED50"
0.199526231496888,0.651984452811938,0.0776529324332736,0.729637385245212,0.574331520378664,0.00630957344480193,2.51188643150958,"FvFm_ED50"
0.158489319246111,0.648851209462147,0.0781475796974757,0.726998789159622,0.570703629764671,0.00630957344480193,2.51188643150958,"FvFm_ED50"
0.125892541179417,0.645591710159692,0.078620924071153,0.724212634230845,0.566970786088539,0.00630957344480193,2.51188643150958,"FvFm_ED50"
0.1,0.642299011053858,0.0790758659605991,0.721374877014457,0.563223145093258,0.00630957344480193,2.51188643150958,"FvFm_ED50"
0.0794328234724281,0.639084637771324,0.0795156697215039,0.718600307492828,0.55956896804982,0.00630957344480193,2.51188643150958,"FvFm_ED50"
0.0630957344480193,0.636069709351384,0.0799343661172855,0.71600407546867,0.556135343234099,0.00630957344480193,2.51188643150958,"FvFm_ED50"
0.0501187233627272,0.633364749037024,0.0803344738658003,0.713699222902824,0.553030275171224,0.00630957344480193,2.51188643150958,"FvFm_ED50"
0.0398107170553497,0.631043531902729,0.0807099665909764,0.711753498493706,0.550333565311753,0.00630957344480193,2.51188643150958,"FvFm_ED50"
0.0316227766016838,0.629144114453796,0.0810572448177882,0.710201359271584,0.548086869636008,0.00630957344480193,2.51188643150958,"FvFm_ED50"
0.0251188643150958,0.627672513430664,0.081374176056833,0.709046689487497,0.546298337373831,0.00630957344480193,2.51188643150958,"FvFm_ED50"
0.0199526231496888,0.626559668402336,0.0816525849055674,0.708212253307903,0.544907083496768,0.00630957344480193,2.51188643150958,"FvFm_ED50"
0.0158489319246111,0.625774069089567,0.0818945484614743,0.707668617551041,0.543879520628093,0.00630957344480193,2.51188643150958,"FvFm_ED50"
0.0125892541179417,0.625261817839494,0.0820955118382061,0.7073573296777,0.543166306001288,0.00630957344480193,2.51188643150958,"FvFm_ED50"
0.01,0.624943520706687,0.0822455169538025,0.70718903766049,0.542698003752885,0.00630957344480193,2.51188643150958,"FvFm_ED50"
0.00794328234724281,0.624775110083057,0.0823565863236626,0.70713169640672,0.542418523759394,0.00630957344480193,2.51188643150958,"FvFm_ED50"
0.00630957344480193,0.62472328875012,0.0824372248880519,0.707160513638171,0.542286063862068,0.00630957344480193,2.51188643150958,"FvFm_ED50"
0.00501187233627272,0.624752390121501,0.0824912790602652,0.707243669181766,0.542261111061235,0.00630957344480193,2.51188643150958,"FvFm_ED50"
0.00398107170553497,0.62483569973541,0.0825236638066329,0.707359363542043,0.542312035928777,0.00630957344480193,2.51188643150958,"FvFm_ED50"
0.00316227766016838,0.624954235643013,0.0825387729759016,0.707493008618915,0.542415462667112,0.00630957344480193,2.51188643150958,"FvFm_ED50"
0.00251188643150958,0.625094550603931,0.0825429336913317,0.707637484295263,0.5425516169126,0.00630957344480193,2.51188643150958,"FvFm_ED50"
0.00199526231496888,0.62524283824217,0.0825398528354295,0.7077826910776,0.542702985406741,0.00630957344480193,2.51188643150958,"FvFm_ED50"
0.00158489319246111,0.625392066001394,0.082530663538552,0.707922729539946,0.542861402462842,0.00630957344480193,2.51188643150958,"FvFm_ED50"
0.00125892541179417,0.625533972467831,0.0825212629237217,0.708055235391553,0.54301270954411,0.00630957344480193,2.51188643150958,"FvFm_ED50"
0.001,0.625664511582355,0.0825105137026045,0.70817502528496,0.543153997879751,0.00630957344480193,2.51188643150958,"FvFm_ED50"
0.000794328234724281,0.625780970727425,0.0824996776243965,0.708280648351822,0.543281293103029,0.00630957344480193,2.51188643150958,"FvFm_ED50"
0.000630957344480193,0.625916363254815,0.0825143333428408,0.708430696597655,0.543402029911974,0.00630957344480193,2.51188643150958,"FvFm_ED50"
0.000501187233627271,0.625968738927561,0.0824797929699519,0.708448531897512,0.543488945957609,0.00630957344480193,2.51188643150958,"FvFm_ED50"
0.000398107170553497,0.626065458537683,0.0824881327522693,0.708553591289952,0.543577325785414,0.00630957344480193,2.51188643150958,"FvFm_ED50"
0.000316227766016838,0.626105719864248,0.0824668717461281,0.708572591610376,0.54363884811812,0.00630957344480193,2.51188643150958,"FvFm_ED50"
0.000251188643150958,0.62618103304605,0.0824742723470708,0.708655305393121,0.54370676069898,0.00630957344480193,2.51188643150958,"FvFm_ED50"
0.000199526231496888,0.626223567346763,0.0824746788422725,0.708698246189036,0.54374888850449,0.00630957344480193,2.51188643150958,"FvFm_ED50"
0.000158489319246111,0.626237182612293,0.0824545845847774,0.70869176719707,0.543782598027515,0.00630957344480193,2.51188643150958,"FvFm_ED50"
0.000125892541179417,0.626275819237833,0.0824555679129595,0.708731387150793,0.543820251324874,0.00630957344480193,2.51188643150958,"FvFm_ED50"
1e-04,0.626288763616269,0.0824549879862503,0.70874375160252,0.543833775630019,0.00630957344480193,2.51188643150958,"FvFm_ED50"
7.94328234724281e-05,0.62631388138015,0.0824554399879203,0.70876932136807,0.543858441392229,0.00630957344480193,2.51188643150958,"FvFm_ED50"
6.30957344480193e-05,0.626323997819652,0.0824551334723829,0.708779131292034,0.543868864347269,0.00630957344480193,2.51188643150958,"FvFm_ED50"
5.01187233627271e-05,0.626342834196976,0.0824541524915684,0.708796986688544,0.543888681705407,0.00630957344480193,2.51188643150958,"FvFm_ED50"
3.98107170553497e-05,0.626340099988229,0.082445541460102,0.708785641448331,0.543894558528127,0.00630957344480193,2.51188643150958,"FvFm_ED50"
3.16227766016838e-05,0.626340592176261,0.0824434424666844,0.708784034642945,0.543897149709576,0.00630957344480193,2.51188643150958,"FvFm_ED50"
2.51188643150958e-05,0.626346589764746,0.0824418126981944,0.708788402462941,0.543904777066552,0.00630957344480193,2.51188643150958,"FvFm_ED50"
1.99526231496888e-05,0.626347576264849,0.0824395933299788,0.708787169594827,0.54390798293487,0.00630957344480193,2.51188643150958,"FvFm_ED50"
1.58489319246111e-05,0.626348515391158,0.0824373480799377,0.708785863471096,0.54391116731122,0.00630957344480193,2.51188643150958,"FvFm_ED50"
1.25892541179417e-05,0.62634943208338,0.0824350888714887,0.708784520954868,0.543914343211891,0.00630957344480193,2.51188643150958,"FvFm_ED50"
1e-05,0.626350327398671,0.0824328249716111,0.708783152370283,0.54391750242706,0.00630957344480193,2.51188643150958,"FvFm_ED50"
7.94328234724282e-06,0.626351196463807,0.0824305641968928,0.7087817606607,0.543920632266914,0.00630957344480193,2.51188643150958,"FvFm_ED50"
6.30957344480192e-06,0.626352034656328,0.0824283135164507,0.708780348172779,0.543923721139877,0.00630957344480193,2.51188643150958,"FvFm_ED50"
5.01187233627271e-06,0.626352838915017,0.0824260792151861,0.708778918130204,0.543926759699831,0.00630957344480193,2.51188643150958,"FvFm_ED50"
3.98107170553497e-06,0.62635360767638,0.0824238669058835,0.708777474582263,0.543929740770496,0.00630957344480193,2.51188643150958,"FvFm_ED50"
3.16227766016838e-06,0.626354340525194,0.0824216815109494,0.708776022036144,0.543932659014245,0.00630957344480193,2.51188643150958,"FvFm_ED50"
2.51188643150958e-06,0.626355037853888,0.0824195272558518,0.708774565109739,0.543935510598036,0.00630957344480193,2.51188643150958,"FvFm_ED50"
1.99526231496887e-06,0.626355700592505,0.082417407684565,0.70877310827707,0.54393829290794,0.00630957344480193,2.51188643150958,"FvFm_ED50"
1.58489319246111e-06,0.626356330008906,0.0824153256952606,0.708771655704166,0.543941004313645,0.00630957344480193,2.51188643150958,"FvFm_ED50"
1.25892541179417e-06,0.626356927565512,0.0824132835906357,0.708770211156147,0.543943643974876,0.00630957344480193,2.51188643150958,"FvFm_ED50"
1e-06,0.626357494818786,0.082411283136885,0.708768777955671,0.543946211681901,0.00630957344480193,2.51188643150958,"FvFm_ED50"
7.94328234724282e-07,0.626358033350221,0.0824093256262255,0.708767358976446,0.543948707723995,0.00630957344480193,2.51188643150958,"FvFm_ED50"
6.30957344480192e-07,0.626358544720229,0.0824074119391173,0.708765956659346,0.543951132781112,0.00630957344480193,2.51188643150958,"FvFm_ED50"
5.01187233627271e-07,0.626359030438561,0.0824055426035667,0.708764573042128,0.543953487834995,0.00630957344480193,2.51188643150958,"FvFm_ED50"
3.98107170553497e-07,0.626359491946487,0.0824037178498729,0.70876320979636,0.543955774096615,0.00630957344480193,2.51188643150958,"FvFm_ED50"
3.16227766016838e-07,0.626359930607233,0.0824019376599689,0.708761868267202,0.543957992947264,0.00630957344480193,2.51188643150958,"FvFm_ED50"
2.51188643150957e-07,0.626360347702119,0.0824002018110572,0.708760549513176,0.543960145891062,0.00630957344480193,2.51188643150958,"FvFm_ED50"
1.99526231496887e-07,0.626360744430528,0.0823985099136112,0.708759254344139,0.543962234516917,0.00630957344480193,2.51188643150958,"FvFm_ED50"
1.58489319246111e-07,0.626361121912342,0.0823968614440571,0.708757983356399,0.543964260468285,0.00630957344480193,2.51188643150958,"FvFm_ED50"
1.25892541179417e-07,0.62636148119187,0.0823952557725796,0.708756736964449,0.54396622541929,0.00630957344480193,2.51188643150958,"FvFm_ED50"
1e-07,0.626361823242628,0.0823936921865711,0.708755515429199,0.543968131056057,0.00630957344480193,2.51188643150958,"FvFm_ED50"
7.94328234724279e-08,0.626362148972457,0.0823921699102335,0.70875431888269,0.543969979062223,0.00630957344480193,2.51188643150958,"FvFm_ED50"
6.30957344480192e-08,0.626362459228688,0.0823906881208599,0.708753147349548,0.543971771107828,0.00630957344480193,2.51188643150958,"FvFm_ED50"
5.01187233627271e-08,0.626362754803163,0.0823892459622578,0.708752000765421,0.543973508840906,0.00630957344480193,2.51188643150958,"FvFm_ED50"
3.98107170553497e-08,0.626363036436964,0.082387842555746,0.70875087899271,0.543975193881218,0.00630957344480193,2.51188643150958,"FvFm_ED50"
3.16227766016838e-08,0.626363304824786,0.0823864770091098,0.708749781833896,0.543976827815676,0.00630957344480193,2.51188643150958,"FvFm_ED50"
2.51188643150957e-08,0.626363560618963,0.0823851484238449,0.708748709042808,0.543978412195118,0.00630957344480193,2.51188643150958,"FvFm_ED50"
1.99526231496887e-08,0.626363804433079,0.0823838559009754,0.708747660334055,0.543979948532104,0.00630957344480193,2.51188643150958,"FvFm_ED50"
1.58489319246111e-08,0.626364036845243,0.082382598545696,0.708746635390939,0.543981438299547,0.00630957344480193,2.51188643150958,"FvFm_ED50"
1.25892541179417e-08,0.626364258401001,0.0823813754710412,0.708745633872042,0.54398288292996,0.00630957344480193,2.51188643150958,"FvFm_ED50"
1e-08,0.626364469615941,0.0823801858007554,0.708744655416696,0.543984283815185,0.00630957344480193,2.51188643150958,"FvFm_ED50"
7.94328234724279e-09,0.626364670978018,0.0823790286715187,0.708743699649537,0.543985642306499,0.00630957344480193,2.51188643150958,"FvFm_ED50"
6.30957344480192e-09,0.626364862949621,0.0823779032346338,0.708742766184255,0.543986959714987,0.00630957344480193,2.51188643150958,"FvFm_ED50"
5.01187233627271e-09,0.626365045969403,0.0823768086572884,0.708741854626691,0.543988237312115,0.00630957344480193,2.51188643150958,"FvFm_ED50"
3.98107170553497e-09,0.626365220453943,0.0823757441234689,0.708740964577412,0.543989476330474,0.00630957344480193,2.51188643150958,"FvFm_ED50"
3.16227766016838e-09,0.626365386799206,0.0823747088345913,0.708740095633798,0.543990677964615,0.00630957344480193,2.51188643150958,"FvFm_ED50"
2.51188643150957e-09,0.626365545381872,0.0823737020099137,0.708739247391786,0.543991843371959,0.00630957344480193,2.51188643150958,"FvFm_ED50"
1.99526231496887e-09,0.626365696560516,0.0823727228867609,0.708738419447277,0.543992973673756,0.00630957344480193,2.51188643150958,"FvFm_ED50"
1.58489319246111e-09,0.626365840676693,0.0823717707206151,0.708737611397308,0.543994069956078,0.00630957344480193,2.51188643150958,"FvFm_ED50"
1.25892541179417e-09,0.626365978055921,0.0823708447850884,0.708736822841009,0.543995133270832,0.00630957344480193,2.51188643150958,"FvFm_ED50"
1e-09,0.626366109008556,0.0823699443718083,0.708736053380364,0.543996164636747,0.00630957344480193,2.51188643150958,"FvFm_ED50"
